index,latency_ns,revision,revision_present,output_probe
0,3058914,1000,True,0.1246703639626503
1,3060620,1000,True,0.1246703639626503
2,3069245,1000,True,0.1246703639626503
3,3058914,1000,True,0.1246703639626503
4,3053951,1000,True,0.1246703639626503
5,3052669,1000,True,0.1246703639626503
6,3357545,1000,True,0.1246703639626503
7,3055131,1000,True,0.1246703639626503
8,3072257,1000,True,0.1246703639626503
9,3056063,1000,True,0.1246703639626503
10,3054020,1000,True,0.1246703639626503
11,3055031,1000,True,0.1246703639626503
12,3050443,1000,True,0.1246703639626503
13,3051891,1000,True,0.1246703639626503
14,3051367,1000,True,0.1246703639626503
15,3055806,1000,True,0.1246703639626503
16,3052288,1000,True,0.1246703639626503
17,3053229,1000,True,0.1246703639626503
18,3053980,1000,True,0.1246703639626503
19,3052696,1000,True,0.1246703639626503
20,3360404,1000,True,0.1246703639626503
21,3049879,1000,True,0.1246703639626503
22,3055354,1000,True,0.1246703639626503
23,3055936,1000,True,0.1246703639626503
24,3051382,1000,True,0.1246703639626503
25,3056427,1000,True,0.1246703639626503
26,3053077,1000,True,0.1246703639626503
27,3053269,1000,True,0.1246703639626503
28,3053728,1000,True,0.1246703639626503
29,3052464,1000,True,0.1246703639626503
30,3357346,1000,True,0.1246703639626503
31,3056486,1000,True,0.1246703639626503
32,3053854,1000,True,0.1246703639626503
33,3049370,1000,True,0.1246703639626503
34,3052944,1000,True,0.1246703639626503
35,3053935,1000,True,0.1246703639626503
36,3051084,1000,True,0.1246703639626503
37,3051822,1000,True,0.1246703639626503
38,3053283,1000,True,0.1246703639626503
39,3054641,1000,True,0.1246703639626503
40,3051713,1000,True,0.1246703639626503
41,3052871,1000,True,0.1246703639626503
42,3051424,1000,True,0.1246703639626503
43,3055094,1000,True,0.1246703639626503
44,3354505,1000,True,0.1246703639626503
45,3050563,1000,True,0.1246703639626503
46,3054510,1000,True,0.1246703639626503
47,3051870,1000,True,0.1246703639626503
48,3049978,1000,True,0.1246703639626503
49,3051345,1000,True,0.1246703639626503
50,3050900,1000,True,0.1246703639626503
51,3052443,1000,True,0.1246703639626503
52,3051608,1000,True,0.1246703639626503
53,3052305,1000,True,0.1246703639626503
54,3049248,1000,True,0.1246703639626503
55,3057903,1000,True,0.1246703639626503
56,3050513,1000,True,0.1246703639626503
57,3357657,1000,True,0.1246703639626503
58,3052346,1000,True,0.1246703639626503
59,3053275,1000,True,0.1246703639626503
60,3051257,1000,True,0.1246703639626503
61,3051598,1000,True,0.1246703639626503
62,3048563,1000,True,0.1246703639626503
63,3052603,1000,True,0.1246703639626503
64,3051410,1000,True,0.1246703639626503
65,3051935,1000,True,0.1246703639626503
66,3050357,1000,True,0.1246703639626503
67,3050696,1000,True,0.1246703639626503
68,3051012,1000,True,0.1246703639626503
69,3049673,1000,True,0.1246703639626503
70,3053147,1000,True,0.1246703639626503
71,3356245,1000,True,0.1246703639626503
72,3052397,1000,True,0.1246703639626503
73,3051494,1000,True,0.1246703639626503
74,3049421,1000,True,0.1246703639626503
75,3052622,1000,True,0.1246703639626503
76,3051430,1000,True,0.1246703639626503
77,3050590,1000,True,0.1246703639626503
78,3050518,1000,True,0.1246703639626503
79,3053473,1000,True,0.1246703639626503
80,3050697,1000,True,0.1246703639626503
81,3049014,1000,True,0.1246703639626503
82,3059125,1000,True,0.1246703639626503
83,3025826,1000,True,0.1246703639626503
84,3278428,1000,True,0.1246703639626503
85,2983734,1000,True,0.1246703639626503
86,2982080,1000,True,0.1246703639626503
87,2984040,1000,True,0.1246703639626503
88,2981756,1000,True,0.1246703639626503
89,2981003,1000,True,0.1246703639626503
90,2980656,1000,True,0.1246703639626503
91,2983253,1000,True,0.1246703639626503
92,2979886,1000,True,0.1246703639626503
93,2981806,1000,True,0.1246703639626503
94,2983136,1000,True,0.1246703639626503
95,2982729,1000,True,0.1246703639626503
96,2979887,1000,True,0.1246703639626503
97,2979023,1000,True,0.1246703639626503
98,3281019,1000,True,0.1246703639626503
99,2985833,1000,True,0.1246703639626503
100,2981091,1000,True,0.1246703639626503
101,2982161,1000,True,0.1246703639626503
102,2980151,1000,True,0.1246703639626503
103,2984357,1000,True,0.1246703639626503
104,3115577,1000,True,0.1246703639626503
105,2982879,1000,True,0.1246703639626503
106,2979437,1000,True,0.1246703639626503
107,2980911,1000,True,0.1246703639626503
108,2981068,1000,True,0.1246703639626503
109,3785989,1000,True,0.1246703639626503
110,2986541,1000,True,0.1246703639626503
111,2985411,1000,True,0.1246703639626503
112,2982376,1000,True,0.1246703639626503
113,2981602,1000,True,0.1246703639626503
114,2984349,1000,True,0.1246703639626503
115,2983216,1000,True,0.1246703639626503
116,2983587,1000,True,0.1246703639626503
117,2981641,1000,True,0.1246703639626503
118,2982542,1000,True,0.1246703639626503
119,2983972,1000,True,0.1246703639626503
120,2986491,1000,True,0.1246703639626503
121,2988497,1000,True,0.1246703639626503
122,2982532,1000,True,0.1246703639626503
123,3271433,1000,True,0.1246703639626503
124,2980307,1000,True,0.1246703639626503
125,2979725,1000,True,0.1246703639626503
126,2980542,1000,True,0.1246703639626503
127,2984677,1000,True,0.1246703639626503
128,2981496,1000,True,0.1246703639626503
129,2980751,1000,True,0.1246703639626503
130,2981472,1000,True,0.1246703639626503
131,2983452,1000,True,0.1246703639626503
132,2982788,1000,True,0.1246703639626503
133,2980404,1000,True,0.1246703639626503
134,2982874,1000,True,0.1246703639626503
135,2982263,1000,True,0.1246703639626503
136,3270101,1000,True,0.1246703639626503
137,2981619,1000,True,0.1246703639626503
138,2979536,1000,True,0.1246703639626503
139,2979024,1000,True,0.1246703639626503
140,2979175,1000,True,0.1246703639626503
141,2979835,1000,True,0.1246703639626503
142,2980305,1000,True,0.1246703639626503
143,2979628,1000,True,0.1246703639626503
144,2977303,1000,True,0.1246703639626503
145,2979571,1000,True,0.1246703639626503
146,2979278,1000,True,0.1246703639626503
147,2981013,1000,True,0.1246703639626503
148,2980157,1000,True,0.1246703639626503
149,2970573,1000,True,0.1246703639626503
150,3230354,1000,True,0.1246703639626503
151,2938208,1000,True,0.1246703639626503
152,2931774,1000,True,0.1246703639626503
153,2936895,1000,True,0.1246703639626503
154,2938320,1000,True,0.1246703639626503
155,2942579,1000,True,0.1246703639626503
156,2937212,1000,True,0.1246703639626503
157,2933572,1000,True,0.1246703639626503
158,2934405,1000,True,0.1246703639626503
159,2934964,1000,True,0.1246703639626503
160,2934912,1000,True,0.1246703639626503
161,2936684,1000,True,0.1246703639626503
162,2934471,1000,True,0.1246703639626503
163,2936088,1000,True,0.1246703639626503
164,2932962,1000,True,0.1246703639626503
165,3218226,1000,True,0.1246703639626503
166,2934954,1000,True,0.1246703639626503
167,2935268,1000,True,0.1246703639626503
168,2933491,1000,True,0.1246703639626503
169,2933947,1000,True,0.1246703639626503
170,2933472,1000,True,0.1246703639626503
171,2935635,1000,True,0.1246703639626503
172,2934071,1000,True,0.1246703639626503
173,2930081,1000,True,0.1246703639626503
174,2932587,1000,True,0.1246703639626503
175,3226058,1000,True,0.1246703639626503
176,2941060,1000,True,0.1246703639626503
177,2933743,1000,True,0.1246703639626503
178,2932742,1000,True,0.1246703639626503
179,2934617,1000,True,0.1246703639626503
180,2934897,1000,True,0.1246703639626503
181,2932697,1000,True,0.1246703639626503
182,2934173,1000,True,0.1246703639626503
183,2934229,1000,True,0.1246703639626503
184,2933253,1000,True,0.1246703639626503
185,2934797,1000,True,0.1246703639626503
186,2937008,1000,True,0.1246703639626503
187,2938367,1000,True,0.1246703639626503
188,2938818,1000,True,0.1246703639626503
189,3224968,1000,True,0.1246703639626503
190,2938451,1000,True,0.1246703639626503
191,2935643,1000,True,0.1246703639626503
192,2935165,1000,True,0.1246703639626503
193,2934356,1000,True,0.1246703639626503
194,2934553,1000,True,0.1246703639626503
195,2933564,1000,True,0.1246703639626503
196,2933409,1000,True,0.1246703639626503
197,2933756,1000,True,0.1246703639626503
198,2934437,1000,True,0.1246703639626503
199,2935456,1000,True,0.1246703639626503
200,2935259,1000,True,0.1246703639626503
201,2933904,1000,True,0.1246703639626503
202,2933963,1000,True,0.1246703639626503
203,3226743,1000,True,0.1246703639626503
204,2935811,1000,True,0.1246703639626503
205,2933339,1000,True,0.1246703639626503
206,2934631,1000,True,0.1246703639626503
207,2936955,1000,True,0.1246703639626503
208,2934562,1000,True,0.1246703639626503
209,2935275,1000,True,0.1246703639626503
210,2933018,1000,True,0.1246703639626503
211,2936091,1000,True,0.1246703639626503
212,2932148,1000,True,0.1246703639626503
213,2932870,1000,True,0.1246703639626503
214,2933188,1000,True,0.1246703639626503
215,2934104,1000,True,0.1246703639626503
216,2908962,1000,True,0.1246703639626503
217,3185404,1000,True,0.1246703639626503
218,2894976,1000,True,0.1246703639626503
219,2892027,1000,True,0.1246703639626503
220,2894059,1000,True,0.1246703639626503
221,2892333,1000,True,0.1246703639626503
222,2894717,1000,True,0.1246703639626503
223,2894520,1000,True,0.1246703639626503
224,2894555,1000,True,0.1246703639626503
225,2893907,1000,True,0.1246703639626503
226,2891310,1000,True,0.1246703639626503
227,2893297,1000,True,0.1246703639626503
228,2889968,1000,True,0.1246703639626503
229,2893442,1000,True,0.1246703639626503
230,2893389,1000,True,0.1246703639626503
231,2893642,1000,True,0.1246703639626503
232,3181411,1000,True,0.1246703639626503
233,2891316,1000,True,0.1246703639626503
234,2892813,1000,True,0.1246703639626503
235,2892625,1000,True,0.1246703639626503
236,2890617,1000,True,0.1246703639626503
237,2892067,1000,True,0.1246703639626503
238,2890892,1000,True,0.1246703639626503
239,2896648,1000,True,0.1246703639626503
240,2890646,1000,True,0.1246703639626503
241,2889722,1000,True,0.1246703639626503
242,2893672,1000,True,0.1246703639626503
243,3176714,1000,True,0.1246703639626503
244,2891642,1000,True,0.1246703639626503
245,2890924,1000,True,0.1246703639626503
246,2890769,1000,True,0.1246703639626503
247,2893457,1000,True,0.1246703639626503
248,2893118,1000,True,0.1246703639626503
249,2889695,1000,True,0.1246703639626503
250,2891889,1000,True,0.1246703639626503
251,2893267,1000,True,0.1246703639626503
252,2893735,1000,True,0.1246703639626503
253,2892958,1000,True,0.1246703639626503
254,2892015,1000,True,0.1246703639626503
255,2893723,1000,True,0.1246703639626503
256,2892877,1000,True,0.1246703639626503
257,3193450,1000,True,0.1246703639626503
258,2891981,1000,True,0.1246703639626503
259,2891833,1000,True,0.1246703639626503
260,2892612,1000,True,0.1246703639626503
261,2894244,1000,True,0.1246703639626503
262,2893364,1000,True,0.1246703639626503
263,2895448,1000,True,0.1246703639626503
264,2892643,1000,True,0.1246703639626503
265,2892154,1000,True,0.1246703639626503
266,2895878,1000,True,0.1246703639626503
267,2893760,1000,True,0.1246703639626503
268,2891752,1000,True,0.1246703639626503
269,2892612,1000,True,0.1246703639626503
270,2891789,1000,True,0.1246703639626503
271,3188642,1000,True,0.1246703639626503
272,2894723,1000,True,0.1246703639626503
273,2891627,1000,True,0.1246703639626503
274,2893365,1000,True,0.1246703639626503
275,2895605,1000,True,0.1246703639626503
276,2893022,1000,True,0.1246703639626503
277,2892642,1000,True,0.1246703639626503
278,2889772,1000,True,0.1246703639626503
279,2892702,1000,True,0.1246703639626503
280,2893322,1000,True,0.1246703639626503
281,2891413,1000,True,0.1246703639626503
282,2891390,1000,True,0.1246703639626503
283,2892146,1000,True,0.1246703639626503
284,2881283,1000,True,0.1246703639626503
285,2855798,1000,True,0.1246703639626503
286,3142644,1000,True,0.1246703639626503
287,2856634,1000,True,0.1246703639626503
288,2856796,1000,True,0.1246703639626503
289,2853281,1000,True,0.1246703639626503
290,2861464,1000,True,0.1246703639626503
291,2860613,1000,True,0.1246703639626503
292,2855340,1000,True,0.1246703639626503
293,2855239,1000,True,0.1246703639626503
294,2855252,1000,True,0.1246703639626503
295,2853642,1000,True,0.1246703639626503
296,2855944,1000,True,0.1246703639626503
297,2854428,1000,True,0.1246703639626503
298,2853137,1000,True,0.1246703639626503
299,2860492,1000,True,0.1246703639626503
300,3148154,1000,True,0.1246703639626503
301,2856462,1000,True,0.1246703639626503
302,2853808,1000,True,0.1246703639626503
303,2856883,1000,True,0.1246703639626503
304,2857198,1000,True,0.1246703639626503
305,2858890,1000,True,0.1246703639626503
306,2857044,1000,True,0.1246703639626503
307,2855285,1000,True,0.1246703639626503
308,2857373,1000,True,0.1246703639626503
309,2858788,1000,True,0.1246703639626503
310,2856076,1000,True,0.1246703639626503
311,2858714,1000,True,0.1246703639626503
312,2856558,1000,True,0.1246703639626503
313,2857681,1000,True,0.1246703639626503
314,2855603,1000,True,0.1246703639626503
315,3147219,1000,True,0.1246703639626503
316,2853212,1000,True,0.1246703639626503
317,2853086,1000,True,0.1246703639626503
318,2855174,1000,True,0.1246703639626503
319,2856372,1000,True,0.1246703639626503
320,2857141,1000,True,0.1246703639626503
321,2856222,1000,True,0.1246703639626503
322,2855242,1000,True,0.1246703639626503
323,2860051,1000,True,0.1246703639626503
324,2859233,1000,True,0.1246703639626503
325,2858237,1000,True,0.1246703639626503
326,3146108,1000,True,0.1246703639626503
327,2858092,1000,True,0.1246703639626503
328,2855106,1000,True,0.1246703639626503
329,2857013,1000,True,0.1246703639626503
330,2855419,1000,True,0.1246703639626503
331,2856474,1000,True,0.1246703639626503
332,2855714,1000,True,0.1246703639626503
333,2856338,1000,True,0.1246703639626503
334,2853975,1000,True,0.1246703639626503
335,2856560,1000,True,0.1246703639626503
336,2855552,1000,True,0.1246703639626503
337,2852850,1000,True,0.1246703639626503
338,2855526,1000,True,0.1246703639626503
339,2859705,1000,True,0.1246703639626503
340,3150626,1000,True,0.1246703639626503
341,2859502,1000,True,0.1246703639626503
342,2855842,1000,True,0.1246703639626503
343,2854963,1000,True,0.1246703639626503
344,2856422,1000,True,0.1246703639626503
345,2853302,1000,True,0.1246703639626503
346,2858324,1000,True,0.1246703639626503
347,2856507,1000,True,0.1246703639626503
348,2856837,1000,True,0.1246703639626503
349,2857016,1000,True,0.1246703639626503
350,2856760,1000,True,0.1246703639626503
351,2856124,1000,True,0.1246703639626503
352,2854662,1000,True,0.1246703639626503
353,2857896,1000,True,0.1246703639626503
354,2854167,1000,True,0.1246703639626503
355,3137755,1000,True,0.1246703639626503
356,2851150,1000,True,0.1246703639626503
357,2850470,1000,True,0.1246703639626503
358,2852506,1000,True,0.1246703639626503
359,2859848,1000,True,0.1246703639626503
360,2853597,1000,True,0.1246703639626503
361,2854961,1000,True,0.1246703639626503
362,2853896,1000,True,0.1246703639626503
363,2853438,1000,True,0.1246703639626503
364,2854942,1000,True,0.1246703639626503
365,2853925,1000,True,0.1246703639626503
366,2852563,1000,True,0.1246703639626503
367,2856610,1000,True,0.1246703639626503
368,2853263,1000,True,0.1246703639626503
369,3149419,1000,True,0.1246703639626503
370,2855665,1000,True,0.1246703639626503
371,2854619,1000,True,0.1246703639626503
372,2850536,1000,True,0.1246703639626503
373,2850768,1000,True,0.1246703639626503
374,2852298,1000,True,0.1246703639626503
375,2851938,1000,True,0.1246703639626503
376,2850252,1000,True,0.1246703639626503
377,2852894,1000,True,0.1246703639626503
378,2855348,1000,True,0.1246703639626503
379,2855276,1000,True,0.1246703639626503
380,2853092,1000,True,0.1246703639626503
381,2852554,1000,True,0.1246703639626503
382,2853125,1000,True,0.1246703639626503
383,2855588,1000,True,0.1246703639626503
384,3144094,1000,True,0.1246703639626503
385,2850707,1000,True,0.1246703639626503
386,2850723,1000,True,0.1246703639626503
387,2853354,1000,True,0.1246703639626503
388,2856056,1000,True,0.1246703639626503
389,2853215,1000,True,0.1246703639626503
390,2853889,1000,True,0.1246703639626503
391,2853852,1000,True,0.1246703639626503
392,2850550,1000,True,0.1246703639626503
393,2861498,1000,True,0.1246703639626503
394,2859972,1000,True,0.1246703639626503
395,3142940,1000,True,0.1246703639626503
396,2850971,1000,True,0.1246703639626503
397,2851783,1000,True,0.1246703639626503
398,2856366,1000,True,0.1246703639626503
399,2856513,1000,True,0.1246703639626503
400,2853188,1000,True,0.1246703639626503
401,2856118,1000,True,0.1246703639626503
402,2851968,1000,True,0.1246703639626503
403,2854371,1000,True,0.1246703639626503
404,2852755,1000,True,0.1246703639626503
405,2853952,1000,True,0.1246703639626503
406,2853684,1000,True,0.1246703639626503
407,2855619,1000,True,0.1246703639626503
408,2853628,1000,True,0.1246703639626503
409,3137449,1000,True,0.1246703639626503
410,2852403,1000,True,0.1246703639626503
411,2851791,1000,True,0.1246703639626503
412,2853189,1000,True,0.1246703639626503
413,2854353,1000,True,0.1246703639626503
414,2853127,1000,True,0.1246703639626503
415,2857460,1000,True,0.1246703639626503
416,2853501,1000,True,0.1246703639626503
417,2852084,1000,True,0.1246703639626503
418,2851735,1000,True,0.1246703639626503
419,2853019,1000,True,0.1246703639626503
420,2851586,1000,True,0.1246703639626503
421,2855764,1000,True,0.1246703639626503
422,2851593,1000,True,0.1246703639626503
423,2853817,1000,True,0.1246703639626503
424,3142279,1000,True,0.1246703639626503
425,2856415,1000,True,0.1246703639626503
426,2853225,1000,True,0.1246703639626503
427,2852948,1000,True,0.1246703639626503
428,2854737,1000,True,0.1246703639626503
429,2856598,1000,True,0.1246703639626503
430,2853829,1000,True,0.1246703639626503
431,2856643,1000,True,0.1246703639626503
432,2852121,1000,True,0.1246703639626503
433,2852800,1000,True,0.1246703639626503
434,2851979,1000,True,0.1246703639626503
435,2851159,1000,True,0.1246703639626503
436,2853848,1000,True,0.1246703639626503
437,2852284,1000,True,0.1246703639626503
438,3148225,1000,True,0.1246703639626503
439,2855049,1000,True,0.1246703639626503
440,2853286,1000,True,0.1246703639626503
441,2852968,1000,True,0.1246703639626503
442,2851825,1000,True,0.1246703639626503
443,2855606,1000,True,0.1246703639626503
444,2850722,1000,True,0.1246703639626503
445,2855362,1000,True,0.1246703639626503
446,2851212,1000,True,0.1246703639626503
447,2853642,1000,True,0.1246703639626503
448,2852758,1000,True,0.1246703639626503
449,2853151,1000,True,0.1246703639626503
450,3110414,1000,True,0.1246703639626503
451,3166579,1000,True,0.1246703639626503
452,3146459,1000,True,0.1246703639626503
453,2854109,1000,True,0.1246703639626503
454,2851868,1000,True,0.1246703639626503
455,2854014,1000,True,0.1246703639626503
456,2857450,1000,True,0.1246703639626503
457,2852589,1000,True,0.1246703639626503
458,2855054,1000,True,0.1246703639626503
459,2852615,1000,True,0.1246703639626503
460,2852546,1000,True,0.1246703639626503
461,2851836,1000,True,0.1246703639626503
462,2852532,1000,True,0.1246703639626503
463,2859147,1000,True,0.1246703639626503
464,2855584,1000,True,0.1246703639626503
465,2852310,1000,True,0.1246703639626503
466,2854205,1000,True,0.1246703639626503
467,3137707,1000,True,0.1246703639626503
468,2852744,1000,True,0.1246703639626503
469,2853599,1000,True,0.1246703639626503
470,2853350,1000,True,0.1246703639626503
471,2852751,1000,True,0.1246703639626503
472,2853772,1000,True,0.1246703639626503
473,2853252,1000,True,0.1246703639626503
474,2851208,1000,True,0.1246703639626503
475,2856919,1000,True,0.1246703639626503
476,2850518,1000,True,0.1246703639626503
477,2851586,1000,True,0.1246703639626503
478,3146527,1000,True,0.1246703639626503
479,2852167,1000,True,0.1246703639626503
480,2854038,1000,True,0.1246703639626503
481,2851102,1000,True,0.1246703639626503
482,2854092,1000,True,0.1246703639626503
483,2854433,1000,True,0.1246703639626503
484,2853692,1000,True,0.1246703639626503
485,2852679,1000,True,0.1246703639626503
486,2856007,1000,True,0.1246703639626503
487,2855634,1000,True,0.1246703639626503
488,2853369,1000,True,0.1246703639626503
489,2855169,1000,True,0.1246703639626503
490,2851793,1000,True,0.1246703639626503
491,2853017,1000,True,0.1246703639626503
492,3144569,1000,True,0.1246703639626503
493,2856691,1000,True,0.1246703639626503
494,2852488,1000,True,0.1246703639626503
495,2856563,1000,True,0.1246703639626503
496,2851932,1000,True,0.1246703639626503
497,2854580,1000,True,0.1246703639626503
498,2853219,1000,True,0.1246703639626503
499,2856282,1000,True,0.1246703639626503
500,2850721,1000,True,0.1246703639626503
501,2852746,1000,True,0.1246703639626503
502,2850909,1000,True,0.1246703639626503
503,2854051,1000,True,0.1246703639626503
504,2852489,1000,True,0.1246703639626503
505,2851689,1000,True,0.1246703639626503
506,2850473,1000,True,0.1246703639626503
507,3140878,1000,True,0.1246703639626503
508,2850307,1000,True,0.1246703639626503
509,2853866,1000,True,0.1246703639626503
510,2854784,1000,True,0.1246703639626503
511,2851526,1000,True,0.1246703639626503
512,2853863,1000,True,0.1246703639626503
513,2854753,1000,True,0.1246703639626503
514,2851379,1000,True,0.1246703639626503
515,2854478,1000,True,0.1246703639626503
516,2853364,1000,True,0.1246703639626503
517,2851961,1000,True,0.1246703639626503
518,2853509,1000,True,0.1246703639626503
519,2856501,1000,True,0.1246703639626503
520,2850662,1000,True,0.1246703639626503
521,2938839,1000,True,0.1246703639626503
522,3427366,1000,True,0.1246703639626503
523,3107279,1000,True,0.1246703639626503
524,3084491,1000,True,0.1246703639626503
525,3073744,1000,True,0.1246703639626503
526,3146039,1000,True,0.1246703639626503
527,2974671,1000,True,0.1246703639626503
528,2857714,1000,True,0.1246703639626503
529,2857186,1000,True,0.1246703639626503
530,2854467,1000,True,0.1246703639626503
531,2855878,1000,True,0.1246703639626503
532,3154396,1000,True,0.1246703639626503
533,2855409,1000,True,0.1246703639626503
534,2858943,1000,True,0.1246703639626503
535,2853877,1000,True,0.1246703639626503
536,2852501,1000,True,0.1246703639626503
537,2851638,1000,True,0.1246703639626503
538,2851860,1000,True,0.1246703639626503
539,2854124,1000,True,0.1246703639626503
540,2854978,1000,True,0.1246703639626503
541,2853527,1000,True,0.1246703639626503
542,2853369,1000,True,0.1246703639626503
543,2854370,1000,True,0.1246703639626503
544,2851690,1000,True,0.1246703639626503
545,2851980,1000,True,0.1246703639626503
546,2852706,1000,True,0.1246703639626503
547,3142987,1000,True,0.1246703639626503
548,2856915,1000,True,0.1246703639626503
549,2853328,1000,True,0.1246703639626503
550,2851500,1000,True,0.1246703639626503
551,2853856,1000,True,0.1246703639626503
552,2851535,1000,True,0.1246703639626503
553,2851518,1000,True,0.1246703639626503
554,2850680,1000,True,0.1246703639626503
555,2852379,1000,True,0.1246703639626503
556,2853174,1000,True,0.1246703639626503
557,2853401,1000,True,0.1246703639626503
558,2853191,1000,True,0.1246703639626503
559,2856809,1000,True,0.1246703639626503
560,2855047,1000,True,0.1246703639626503
561,2857984,1000,True,0.1246703639626503
562,3148524,1000,True,0.1246703639626503
563,2856448,1000,True,0.1246703639626503
564,2853685,1000,True,0.1246703639626503
565,2850409,1000,True,0.1246703639626503
566,2853236,1000,True,0.1246703639626503
567,2855056,1000,True,0.1246703639626503
568,2853216,1000,True,0.1246703639626503
569,2852677,1000,True,0.1246703639626503
570,2854377,1000,True,0.1246703639626503
571,2853853,1000,True,0.1246703639626503
572,2856457,1000,True,0.1246703639626503
573,3146778,1000,True,0.1246703639626503
574,2857737,1000,True,0.1246703639626503
575,2853509,1000,True,0.1246703639626503
576,2850512,1000,True,0.1246703639626503
577,2852814,1000,True,0.1246703639626503
578,2853719,1000,True,0.1246703639626503
579,2852332,1000,True,0.1246703639626503
580,2848750,1000,True,0.1246703639626503
581,2850647,1000,True,0.1246703639626503
582,2850929,1000,True,0.1246703639626503
583,2854054,1000,True,0.1246703639626503
584,2851890,1000,True,0.1246703639626503
585,2851235,1000,True,0.1246703639626503
586,2852630,1000,True,0.1246703639626503
587,2851157,1000,True,0.1246703639626503
588,3145298,1000,True,0.1246703639626503
589,2853785,1000,True,0.1246703639626503
590,2851357,1000,True,0.1246703639626503
591,2852261,1000,True,0.1246703639626503
592,2849380,1000,True,0.1246703639626503
593,2852027,1000,True,0.1246703639626503
594,2854367,1000,True,0.1246703639626503
595,2855798,1000,True,0.1246703639626503
596,2853959,1000,True,0.1246703639626503
597,2852651,1000,True,0.1246703639626503
598,2854087,1000,True,0.1246703639626503
599,2851216,1000,True,0.1246703639626503
600,2852755,1000,True,0.1246703639626503
601,2850374,1000,True,0.1246703639626503
602,2859797,1000,True,0.1246703639626503
603,3147809,1000,True,0.1246703639626503
604,2859225,1000,True,0.1246703639626503
605,2849428,1000,True,0.1246703639626503
606,2851863,1000,True,0.1246703639626503
607,2852069,1000,True,0.1246703639626503
608,2850753,1000,True,0.1246703639626503
609,2852842,1000,True,0.1246703639626503
610,2852602,1000,True,0.1246703639626503
611,2854719,1000,True,0.1246703639626503
612,2852233,1000,True,0.1246703639626503
613,2853089,1000,True,0.1246703639626503
614,2851384,1000,True,0.1246703639626503
615,2851781,1000,True,0.1246703639626503
616,2850588,1000,True,0.1246703639626503
617,2852781,1000,True,0.1246703639626503
618,3138711,1000,True,0.1246703639626503
619,2853872,1000,True,0.1246703639626503
620,2851460,1000,True,0.1246703639626503
621,2852271,1000,True,0.1246703639626503
622,2851151,1000,True,0.1246703639626503
623,2855003,1000,True,0.1246703639626503
624,2853213,1000,True,0.1246703639626503
625,2851236,1000,True,0.1246703639626503
626,2851479,1000,True,0.1246703639626503
627,2852842,1000,True,0.1246703639626503
628,2859545,1000,True,0.1246703639626503
629,2856416,1000,True,0.1246703639626503
630,2854696,1000,True,0.1246703639626503
631,2851473,1000,True,0.1246703639626503
632,3145059,1000,True,0.1246703639626503
633,2851508,1000,True,0.1246703639626503
634,2852832,1000,True,0.1246703639626503
635,2853831,1000,True,0.1246703639626503
636,2851535,1000,True,0.1246703639626503
637,2852178,1000,True,0.1246703639626503
638,2850587,1000,True,0.1246703639626503
639,2852508,1000,True,0.1246703639626503
640,2854022,1000,True,0.1246703639626503
641,2851873,1000,True,0.1246703639626503
642,2858930,1000,True,0.1246703639626503
643,3144703,1000,True,0.1246703639626503
644,2852242,1000,True,0.1246703639626503
645,2851998,1000,True,0.1246703639626503
646,2854074,1000,True,0.1246703639626503
647,2856012,1000,True,0.1246703639626503
648,2856193,1000,True,0.1246703639626503
649,2853884,1000,True,0.1246703639626503
650,2853323,1000,True,0.1246703639626503
651,2853302,1000,True,0.1246703639626503
652,2852834,1000,True,0.1246703639626503
653,2850880,1000,True,0.1246703639626503
654,2853736,1000,True,0.1246703639626503
655,2853778,1000,True,0.1246703639626503
656,2852278,1000,True,0.1246703639626503
657,3148711,1000,True,0.1246703639626503
658,2860807,1000,True,0.1246703639626503
659,2855571,1000,True,0.1246703639626503
660,2850295,1000,True,0.1246703639626503
661,2858941,1000,True,0.1246703639626503
662,2856926,1000,True,0.1246703639626503
663,2854680,1000,True,0.1246703639626503
664,2851590,1000,True,0.1246703639626503
665,2850491,1000,True,0.1246703639626503
666,2851721,1000,True,0.1246703639626503
667,2854143,1000,True,0.1246703639626503
668,2852656,1000,True,0.1246703639626503
669,2849963,1000,True,0.1246703639626503
670,2855747,1000,True,0.1246703639626503
671,2853920,1000,True,0.1246703639626503
672,3139067,1000,True,0.1246703639626503
673,2858096,1000,True,0.1246703639626503
674,2854501,1000,True,0.1246703639626503
675,2856444,1000,True,0.1246703639626503
676,2852032,1000,True,0.1246703639626503
677,2854899,1000,True,0.1246703639626503
678,2851566,1000,True,0.1246703639626503
679,2850443,1000,True,0.1246703639626503
680,2853931,1000,True,0.1246703639626503
681,2851752,1000,True,0.1246703639626503
682,2852742,1000,True,0.1246703639626503
683,2854301,1000,True,0.1246703639626503
684,2859649,1000,True,0.1246703639626503
685,2853477,1000,True,0.1246703639626503
686,3144889,1000,True,0.1246703639626503
687,2855123,1000,True,0.1246703639626503
688,2851539,1000,True,0.1246703639626503
689,2851064,1000,True,0.1246703639626503
690,2853541,1000,True,0.1246703639626503
691,2854051,1000,True,0.1246703639626503
692,2854152,1000,True,0.1246703639626503
693,2852313,1000,True,0.1246703639626503
694,2854146,1000,True,0.1246703639626503
695,2856544,1000,True,0.1246703639626503
696,2854695,1000,True,0.1246703639626503
697,2858738,1000,True,0.1246703639626503
698,2852675,1000,True,0.1246703639626503
699,2851529,1000,True,0.1246703639626503
700,3144222,1000,True,0.1246703639626503
701,2856366,1000,True,0.1246703639626503
702,2850418,1000,True,0.1246703639626503
703,2854420,1000,True,0.1246703639626503
704,2855513,1000,True,0.1246703639626503
705,2850713,1000,True,0.1246703639626503
706,2851350,1000,True,0.1246703639626503
707,2852892,1000,True,0.1246703639626503
708,2852042,1000,True,0.1246703639626503
709,2852232,1000,True,0.1246703639626503
710,2854307,1000,True,0.1246703639626503
711,2854460,1000,True,0.1246703639626503
712,2851423,1000,True,0.1246703639626503
713,2850696,1000,True,0.1246703639626503
714,2849260,1000,True,0.1246703639626503
715,3141272,1000,True,0.1246703639626503
716,2851517,1000,True,0.1246703639626503
717,2851599,1000,True,0.1246703639626503
718,2852757,1000,True,0.1246703639626503
719,2853516,1000,True,0.1246703639626503
720,2850258,1000,True,0.1246703639626503
721,2855357,1000,True,0.1246703639626503
722,2853671,1000,True,0.1246703639626503
723,2851803,1000,True,0.1246703639626503
724,2851680,1000,True,0.1246703639626503
725,2850442,1000,True,0.1246703639626503
726,2851445,1000,True,0.1246703639626503
727,2856413,1000,True,0.1246703639626503
728,2848799,1000,True,0.1246703639626503
729,3146710,1000,True,0.1246703639626503
730,2854892,1000,True,0.1246703639626503
731,2856507,1000,True,0.1246703639626503
732,2851511,1000,True,0.1246703639626503
733,2852865,1000,True,0.1246703639626503
734,2852666,1000,True,0.1246703639626503
735,2852805,1000,True,0.1246703639626503
736,2851506,1000,True,0.1246703639626503
737,2854461,1000,True,0.1246703639626503
738,2854799,1000,True,0.1246703639626503
739,2853871,1000,True,0.1246703639626503
740,3143468,1000,True,0.1246703639626503
741,2853616,1000,True,0.1246703639626503
742,2849553,1000,True,0.1246703639626503
743,2852007,1000,True,0.1246703639626503
744,2851130,1000,True,0.1246703639626503
745,2851191,1000,True,0.1246703639626503
746,2847617,1000,True,0.1246703639626503
747,2851889,1000,True,0.1246703639626503
748,2853516,1000,True,0.1246703639626503
749,2851611,1000,True,0.1246703639626503
750,2851550,1000,True,0.1246703639626503
751,2852732,1000,True,0.1246703639626503
752,2853201,1000,True,0.1246703639626503
753,2850834,1000,True,0.1246703639626503
754,2850830,1000,True,0.1246703639626503
755,3144919,1000,True,0.1246703639626503
756,2852337,1000,True,0.1246703639626503
757,2850793,1000,True,0.1246703639626503
758,2850846,1000,True,0.1246703639626503
759,2851782,1000,True,0.1246703639626503
760,2852679,1000,True,0.1246703639626503
761,2850271,1000,True,0.1246703639626503
762,2850099,1000,True,0.1246703639626503
763,2853947,1000,True,0.1246703639626503
764,2858163,1000,True,0.1246703639626503
765,2855908,1000,True,0.1246703639626503
766,2854335,1000,True,0.1246703639626503
767,2852378,1000,True,0.1246703639626503
768,2852233,1000,True,0.1246703639626503
769,3143348,1000,True,0.1246703639626503
770,2851307,1000,True,0.1246703639626503
771,2851928,1000,True,0.1246703639626503
772,2850763,1000,True,0.1246703639626503
773,2852951,1000,True,0.1246703639626503
774,2850805,1000,True,0.1246703639626503
775,2852855,1000,True,0.1246703639626503
776,2853627,1000,True,0.1246703639626503
777,2852574,1000,True,0.1246703639626503
778,2850969,1000,True,0.1246703639626503
779,2851539,1000,True,0.1246703639626503
780,2852626,1000,True,0.1246703639626503
781,2852943,1000,True,0.1246703639626503
782,2851476,1000,True,0.1246703639626503
783,3144956,1000,True,0.1246703639626503
784,2857481,1000,True,0.1246703639626503
785,2857788,1000,True,0.1246703639626503
786,2853232,1000,True,0.1246703639626503
787,2853919,1000,True,0.1246703639626503
788,2852112,1000,True,0.1246703639626503
789,2853223,1000,True,0.1246703639626503
790,2851644,1000,True,0.1246703639626503
791,2852948,1000,True,0.1246703639626503
792,2854511,1000,True,0.1246703639626503
793,2852044,1000,True,0.1246703639626503
794,2850353,1000,True,0.1246703639626503
795,2855320,1000,True,0.1246703639626503
796,3446963,1000,True,0.1246703639626503
797,2852925,1000,True,0.1246703639626503
798,3136670,1000,True,0.1246703639626503
799,2853191,1000,True,0.1246703639626503
800,2852931,1000,True,0.1246703639626503
801,2853577,1000,True,0.1246703639626503
802,2852054,1000,True,0.1246703639626503
803,2852864,1000,True,0.1246703639626503
804,2853193,1000,True,0.1246703639626503
805,2850933,1000,True,0.1246703639626503
806,2851976,1000,True,0.1246703639626503
807,2851027,1000,True,0.1246703639626503
808,2848884,1000,True,0.1246703639626503
809,2852990,1000,True,0.1246703639626503
810,2853696,1000,True,0.1246703639626503
811,2854843,1000,True,0.1246703639626503
812,3153246,1000,True,0.1246703639626503
813,2851492,1000,True,0.1246703639626503
814,2851933,1000,True,0.1246703639626503
815,2852056,1000,True,0.1246703639626503
816,2851793,1000,True,0.1246703639626503
817,2850375,1000,True,0.1246703639626503
818,2852829,1000,True,0.1246703639626503
819,2852760,1000,True,0.1246703639626503
820,2852022,1000,True,0.1246703639626503
821,2853543,1000,True,0.1246703639626503
822,2853655,1000,True,0.1246703639626503
823,3145081,1000,True,0.1246703639626503
824,2853020,1000,True,0.1246703639626503
825,2850454,1000,True,0.1246703639626503
826,2853626,1000,True,0.1246703639626503
827,2854426,1000,True,0.1246703639626503
828,2851349,1000,True,0.1246703639626503
829,2848378,1000,True,0.1246703639626503
830,2851462,1000,True,0.1246703639626503
831,2852175,1000,True,0.1246703639626503
832,2850674,1000,True,0.1246703639626503
833,2853051,1000,True,0.1246703639626503
834,2851504,1000,True,0.1246703639626503
835,2853152,1000,True,0.1246703639626503
836,2854758,1000,True,0.1246703639626503
837,3143764,1000,True,0.1246703639626503
838,2858206,1000,True,0.1246703639626503
839,2852964,1000,True,0.1246703639626503
840,2851162,1000,True,0.1246703639626503
841,2854503,1000,True,0.1246703639626503
842,2852085,1000,True,0.1246703639626503
843,2852691,1000,True,0.1246703639626503
844,2850936,1000,True,0.1246703639626503
845,2851459,1000,True,0.1246703639626503
846,2852147,1000,True,0.1246703639626503
847,2852469,1000,True,0.1246703639626503
848,2852061,1000,True,0.1246703639626503
849,2849291,1000,True,0.1246703639626503
850,2853398,1000,True,0.1246703639626503
851,2852199,1000,True,0.1246703639626503
852,3134531,1000,True,0.1246703639626503
853,2852619,1000,True,0.1246703639626503
854,2850359,1000,True,0.1246703639626503
855,2853537,1000,True,0.1246703639626503
856,2849244,1000,True,0.1246703639626503
857,2851921,1000,True,0.1246703639626503
858,2853290,1000,True,0.1246703639626503
859,2851270,1000,True,0.1246703639626503
860,2851743,1000,True,0.1246703639626503
861,2850931,1000,True,0.1246703639626503
862,2851794,1000,True,0.1246703639626503
863,2852767,1000,True,0.1246703639626503
864,2852422,1000,True,0.1246703639626503
865,2849496,1000,True,0.1246703639626503
866,3140593,1000,True,0.1246703639626503
867,2852713,1000,True,0.1246703639626503
868,2852440,1000,True,0.1246703639626503
869,2854092,1000,True,0.1246703639626503
870,2850300,1000,True,0.1246703639626503
871,2854863,1000,True,0.1246703639626503
872,2852801,1000,True,0.1246703639626503
873,2851561,1000,True,0.1246703639626503
874,2851258,1000,True,0.1246703639626503
875,2854165,1000,True,0.1246703639626503
876,2851359,1000,True,0.1246703639626503
877,2852667,1000,True,0.1246703639626503
878,2851613,1000,True,0.1246703639626503
879,2853011,1000,True,0.1246703639626503
880,3145006,1000,True,0.1246703639626503
881,2853198,1000,True,0.1246703639626503
882,2853911,1000,True,0.1246703639626503
883,2853020,1000,True,0.1246703639626503
884,2852684,1000,True,0.1246703639626503
885,2853525,1000,True,0.1246703639626503
886,2850913,1000,True,0.1246703639626503
887,2851436,1000,True,0.1246703639626503
888,2852298,1000,True,0.1246703639626503
889,2851653,1000,True,0.1246703639626503
890,2851438,1000,True,0.1246703639626503
891,2852760,1000,True,0.1246703639626503
892,2850704,1000,True,0.1246703639626503
893,2853153,1000,True,0.1246703639626503
894,2850494,1000,True,0.1246703639626503
895,3142056,1000,True,0.1246703639626503
896,2854083,1000,True,0.1246703639626503
897,2851279,1000,True,0.1246703639626503
898,2849582,1000,True,0.1246703639626503
899,2853067,1000,True,0.1246703639626503
900,2849125,1000,True,0.1246703639626503
901,2852427,1000,True,0.1246703639626503
902,2851952,1000,True,0.1246703639626503
903,2853379,1000,True,0.1246703639626503
904,2851753,1000,True,0.1246703639626503
905,2852051,1000,True,0.1246703639626503
906,3140309,1000,True,0.1246703639626503
907,2856451,1000,True,0.1246703639626503
908,2850064,1000,True,0.1246703639626503
909,2850620,1000,True,0.1246703639626503
910,2850022,1000,True,0.1246703639626503
911,2852327,1000,True,0.1246703639626503
912,2851212,1000,True,0.1246703639626503
913,2854034,1000,True,0.1246703639626503
914,2851824,1000,True,0.1246703639626503
915,2850945,1000,True,0.1246703639626503
916,2853861,1000,True,0.1246703639626503
917,2853124,1000,True,0.1246703639626503
918,2848040,1000,True,0.1246703639626503
919,2851810,1000,True,0.1246703639626503
920,3143798,1000,True,0.1246703639626503
921,2853323,1000,True,0.1246703639626503
922,2852665,1000,True,0.1246703639626503
923,2852777,1000,True,0.1246703639626503
924,2851645,1000,True,0.1246703639626503
925,2853154,1000,True,0.1246703639626503
926,2849903,1000,True,0.1246703639626503
927,2851423,1000,True,0.1246703639626503
928,3034098,1000,True,0.1246703639626503
929,2907342,1000,True,0.1246703639626503
930,2860409,1000,True,0.1246703639626503
931,2855319,1000,True,0.1246703639626503
932,2856934,1000,True,0.1246703639626503
933,2855013,1000,True,0.1246703639626503
934,3143503,1000,True,0.1246703639626503
935,2855214,1000,True,0.1246703639626503
936,2850201,1000,True,0.1246703639626503
937,2853195,1000,True,0.1246703639626503
938,2854228,1000,True,0.1246703639626503
939,2853675,1000,True,0.1246703639626503
940,2851949,1000,True,0.1246703639626503
941,2852185,1000,True,0.1246703639626503
942,2855624,1000,True,0.1246703639626503
943,2853008,1000,True,0.1246703639626503
944,2850510,1000,True,0.1246703639626503
945,2853061,1000,True,0.1246703639626503
946,2852466,1000,True,0.1246703639626503
947,2852440,1000,True,0.1246703639626503
948,2849195,1000,True,0.1246703639626503
949,3138678,1000,True,0.1246703639626503
950,2854328,1000,True,0.1246703639626503
951,2853404,1000,True,0.1246703639626503
952,2851354,1000,True,0.1246703639626503
953,2852391,1000,True,0.1246703639626503
954,2853840,1000,True,0.1246703639626503
955,2852279,1000,True,0.1246703639626503
956,2850588,1000,True,0.1246703639626503
957,2853173,1000,True,0.1246703639626503
958,2853166,1000,True,0.1246703639626503
959,2857577,1000,True,0.1246703639626503
960,2852858,1000,True,0.1246703639626503
961,2853282,1000,True,0.1246703639626503
962,2855242,1000,True,0.1246703639626503
963,3138774,1000,True,0.1246703639626503
964,2851597,1000,True,0.1246703639626503
965,2850732,1000,True,0.1246703639626503
966,2850590,1000,True,0.1246703639626503
967,2852531,1000,True,0.1246703639626503
968,2851466,1000,True,0.1246703639626503
969,2851267,1000,True,0.1246703639626503
970,2852190,1000,True,0.1246703639626503
971,2853863,1000,True,0.1246703639626503
972,2851589,1000,True,0.1246703639626503
973,2852312,1000,True,0.1246703639626503
974,2849899,1000,True,0.1246703639626503
975,2855857,1000,True,0.1246703639626503
976,2855882,1000,True,0.1246703639626503
977,3142150,1000,True,0.1246703639626503
978,2859189,1000,True,0.1246703639626503
979,2853228,1000,True,0.1246703639626503
980,2851898,1000,True,0.1246703639626503
981,2850702,1000,True,0.1246703639626503
982,2852844,1000,True,0.1246703639626503
983,2853882,1000,True,0.1246703639626503
984,2851643,1000,True,0.1246703639626503
985,2851860,1000,True,0.1246703639626503
986,2854039,1000,True,0.1246703639626503
987,2852843,1000,True,0.1246703639626503
988,2850842,1000,True,0.1246703639626503
989,2854103,1000,True,0.1246703639626503
990,2853058,1000,True,0.1246703639626503
991,2852983,1000,True,0.1246703639626503
992,3141081,1000,True,0.1246703639626503
993,2851268,1000,True,0.1246703639626503
994,2854111,1000,True,0.1246703639626503
995,2854891,1000,True,0.1246703639626503
996,2851373,1000,True,0.1246703639626503
997,2852784,1000,True,0.1246703639626503
998,2850307,1000,True,0.1246703639626503
999,2850666,1000,True,0.1246703639626503
1000,2850579,1000,True,0.1246703639626503
1001,2849896,1000,True,0.1246703639626503
1002,2851459,1000,True,0.1246703639626503
1003,2856109,1000,True,0.1246703639626503
1004,2853972,1000,True,0.1246703639626503
1005,2851260,1000,True,0.1246703639626503
1006,3144682,1000,True,0.1246703639626503
1007,2855655,1000,True,0.1246703639626503
1008,2852014,1000,True,0.1246703639626503
1009,2852013,1000,True,0.1246703639626503
1010,2851343,1000,True,0.1246703639626503
1011,2852580,1000,True,0.1246703639626503
1012,2852532,1000,True,0.1246703639626503
1013,2852544,1000,True,0.1246703639626503
1014,2853188,1000,True,0.1246703639626503
1015,2855580,1000,True,0.1246703639626503
1016,2855421,1000,True,0.1246703639626503
1017,3135838,1000,True,0.1246703639626503
1018,2853780,1000,True,0.1246703639626503
1019,2852671,1000,True,0.1246703639626503
1020,2851837,1000,True,0.1246703639626503
1021,2853197,1000,True,0.1246703639626503
1022,2852860,1000,True,0.1246703639626503
1023,2853117,1000,True,0.1246703639626503
1024,2850564,1000,True,0.1246703639626503
1025,2849327,1000,True,0.1246703639626503
1026,2850483,1000,True,0.1246703639626503
1027,2853275,1000,True,0.1246703639626503
1028,2852996,1000,True,0.1246703639626503
1029,2891087,1000,True,0.1246703639626503
1030,2869179,1000,True,0.1246703639626503
1031,3166030,1000,True,0.1246703639626503
1032,2855770,1000,True,0.1246703639626503
1033,2854205,1000,True,0.1246703639626503
1034,2853396,1000,True,0.1246703639626503
1035,2853583,1000,True,0.1246703639626503
1036,2853959,1000,True,0.1246703639626503
1037,2853288,1000,True,0.1246703639626503
1038,2852074,1000,True,0.1246703639626503
1039,2853067,1000,True,0.1246703639626503
1040,2852855,1000,True,0.1246703639626503
1041,2852966,1000,True,0.1246703639626503
1042,2851309,1000,True,0.1246703639626503
1043,2853757,1000,True,0.1246703639626503
1044,2851589,1000,True,0.1246703639626503
1045,2860665,1000,True,0.1246703639626503
1046,3150933,1000,True,0.1246703639626503
1047,2854747,1000,True,0.1246703639626503
1048,2851760,1000,True,0.1246703639626503
1049,2851828,1000,True,0.1246703639626503
1050,2857102,1000,True,0.1246703639626503
1051,2853215,1000,True,0.1246703639626503
1052,2851987,1000,True,0.1246703639626503
1053,2854666,1000,True,0.1246703639626503
1054,2852714,1000,True,0.1246703639626503
1055,2852328,1000,True,0.1246703639626503
1056,2851280,1000,True,0.1246703639626503
1057,2852401,1000,True,0.1246703639626503
1058,2851784,1000,True,0.1246703639626503
1059,2853758,1000,True,0.1246703639626503
1060,3148181,1000,True,0.1246703639626503
1061,2853848,1000,True,0.1246703639626503
1062,2852280,1000,True,0.1246703639626503
1063,2855718,1000,True,0.1246703639626503
1064,2850931,1000,True,0.1246703639626503
1065,2851212,1000,True,0.1246703639626503
1066,2851458,1000,True,0.1246703639626503
1067,2853515,1000,True,0.1246703639626503
1068,2848577,1000,True,0.1246703639626503
1069,2852782,1000,True,0.1246703639626503
1070,2851951,1000,True,0.1246703639626503
1071,2852391,1000,True,0.1246703639626503
1072,2849342,1000,True,0.1246703639626503
1073,2851109,1000,True,0.1246703639626503
1074,2851277,1000,True,0.1246703639626503
1075,3138829,1000,True,0.1246703639626503
1076,2851500,1000,True,0.1246703639626503
1077,2852891,1000,True,0.1246703639626503
1078,2852815,1000,True,0.1246703639626503
1079,2854243,1000,True,0.1246703639626503
1080,2851136,1000,True,0.1246703639626503
1081,2852136,1000,True,0.1246703639626503
1082,2851866,1000,True,0.1246703639626503
1083,2852994,1000,True,0.1246703639626503
1084,2855319,1000,True,0.1246703639626503
1085,2852260,1000,True,0.1246703639626503
1086,3151459,1000,True,0.1246703639626503
1087,2852419,1000,True,0.1246703639626503
1088,2851049,1000,True,0.1246703639626503
1089,2850106,1000,True,0.1246703639626503
1090,2851442,1000,True,0.1246703639626503
1091,2854050,1000,True,0.1246703639626503
1092,2852406,1000,True,0.1246703639626503
1093,2851314,1000,True,0.1246703639626503
1094,2852262,1000,True,0.1246703639626503
1095,2852946,1000,True,0.1246703639626503
1096,2851244,1000,True,0.1246703639626503
1097,2855041,1000,True,0.1246703639626503
1098,2853525,1000,True,0.1246703639626503
1099,2853303,1000,True,0.1246703639626503
1100,3157000,1000,True,0.1246703639626503
1101,2852502,1000,True,0.1246703639626503
1102,2850911,1000,True,0.1246703639626503
1103,2853088,1000,True,0.1246703639626503
1104,2856197,1000,True,0.1246703639626503
1105,2852803,1000,True,0.1246703639626503
1106,2852556,1000,True,0.1246703639626503
1107,2849779,1000,True,0.1246703639626503
1108,2853066,1000,True,0.1246703639626503
1109,2852740,1000,True,0.1246703639626503
1110,2856209,1000,True,0.1246703639626503
1111,2859151,1000,True,0.1246703639626503
1112,2852366,1000,True,0.1246703639626503
1113,2853229,1000,True,0.1246703639626503
1114,2866107,1000,True,0.1246703639626503
1115,3141916,1000,True,0.1246703639626503
1116,2852397,1000,True,0.1246703639626503
1117,2854892,1000,True,0.1246703639626503
1118,2853535,1000,True,0.1246703639626503
1119,2853046,1000,True,0.1246703639626503
1120,2852597,1000,True,0.1246703639626503
1121,2852626,1000,True,0.1246703639626503
1122,2851810,1000,True,0.1246703639626503
1123,2853675,1000,True,0.1246703639626503
1124,2854599,1000,True,0.1246703639626503
1125,2853158,1000,True,0.1246703639626503
1126,2848285,1000,True,0.1246703639626503
1127,2852643,1000,True,0.1246703639626503
1128,2852600,1000,True,0.1246703639626503
1129,3150932,1000,True,0.1246703639626503
1130,2856016,1000,True,0.1246703639626503
1131,2853781,1000,True,0.1246703639626503
1132,2853326,1000,True,0.1246703639626503
1133,2850783,1000,True,0.1246703639626503
1134,2854714,1000,True,0.1246703639626503
1135,2852809,1000,True,0.1246703639626503
1136,2851407,1000,True,0.1246703639626503
1137,2852923,1000,True,0.1246703639626503
1138,2852536,1000,True,0.1246703639626503
1139,2853111,1000,True,0.1246703639626503
1140,2852017,1000,True,0.1246703639626503
1141,2851129,1000,True,0.1246703639626503
1142,3338834,1000,True,0.1246703639626503
1143,2855913,1000,True,0.1246703639626503
1144,3140875,1000,True,0.1246703639626503
1145,2852056,1000,True,0.1246703639626503
1146,2850102,1000,True,0.1246703639626503
1147,2854394,1000,True,0.1246703639626503
1148,2850525,1000,True,0.1246703639626503
1149,2852846,1000,True,0.1246703639626503
1150,2852842,1000,True,0.1246703639626503
1151,2853922,1000,True,0.1246703639626503
1152,2852820,1000,True,0.1246703639626503
1153,2853623,1000,True,0.1246703639626503
1154,2853477,1000,True,0.1246703639626503
1155,2864174,1000,True,0.1246703639626503
1156,2853214,1000,True,0.1246703639626503
1157,2851857,1000,True,0.1246703639626503
1158,3142270,1000,True,0.1246703639626503
1159,2859239,1000,True,0.1246703639626503
1160,2852580,1000,True,0.1246703639626503
1161,2851666,1000,True,0.1246703639626503
1162,2851505,1000,True,0.1246703639626503
1163,2852186,1000,True,0.1246703639626503
1164,2853269,1000,True,0.1246703639626503
1165,2852133,1000,True,0.1246703639626503
1166,2852788,1000,True,0.1246703639626503
1167,2851607,1000,True,0.1246703639626503
1168,2851432,1000,True,0.1246703639626503
1169,3149164,1000,True,0.1246703639626503
1170,2853059,1000,True,0.1246703639626503
1171,2854037,1000,True,0.1246703639626503
1172,2852564,1000,True,0.1246703639626503
1173,2853045,1000,True,0.1246703639626503
1174,2854217,1000,True,0.1246703639626503
1175,2855384,1000,True,0.1246703639626503
1176,2852273,1000,True,0.1246703639626503
1177,2854216,1000,True,0.1246703639626503
1178,2851423,1000,True,0.1246703639626503
1179,2854693,1000,True,0.1246703639626503
1180,2851912,1000,True,0.1246703639626503
1181,2851688,1000,True,0.1246703639626503
1182,2853163,1000,True,0.1246703639626503
1183,2853724,1000,True,0.1246703639626503
1184,3139145,1000,True,0.1246703639626503
1185,2848147,1000,True,0.1246703639626503
1186,2850758,1000,True,0.1246703639626503
1187,2854619,1000,True,0.1246703639626503
1188,2852779,1000,True,0.1246703639626503
1189,2853642,1000,True,0.1246703639626503
1190,2854165,1000,True,0.1246703639626503
1191,2853525,1000,True,0.1246703639626503
1192,2853859,1000,True,0.1246703639626503
1193,2850744,1000,True,0.1246703639626503
1194,2856585,1000,True,0.1246703639626503
1195,2853071,1000,True,0.1246703639626503
1196,2856177,1000,True,0.1246703639626503
1197,2852635,1000,True,0.1246703639626503
1198,3147002,1000,True,0.1246703639626503
1199,2855447,1000,True,0.1246703639626503
1200,2851549,1000,True,0.1246703639626503
1201,2850441,1000,True,0.1246703639626503
1202,2851472,1000,True,0.1246703639626503
1203,2853388,1000,True,0.1246703639626503
1204,2852104,1000,True,0.1246703639626503
1205,2850991,1000,True,0.1246703639626503
1206,2854613,1000,True,0.1246703639626503
1207,2853014,1000,True,0.1246703639626503
1208,2851267,1000,True,0.1246703639626503
1209,2854643,1000,True,0.1246703639626503
1210,2850848,1000,True,0.1246703639626503
1211,2851879,1000,True,0.1246703639626503
1212,2852873,1000,True,0.1246703639626503
1213,3154456,1000,True,0.1246703639626503
1214,2856671,1000,True,0.1246703639626503
1215,2853569,1000,True,0.1246703639626503
1216,2851466,1000,True,0.1246703639626503
1217,2849823,1000,True,0.1246703639626503
1218,2850482,1000,True,0.1246703639626503
1219,2854713,1000,True,0.1246703639626503
1220,2852729,1000,True,0.1246703639626503
1221,2851077,1000,True,0.1246703639626503
1222,2849292,1000,True,0.1246703639626503
1223,2855653,1000,True,0.1246703639626503
1224,2857575,1000,True,0.1246703639626503
1225,2855638,1000,True,0.1246703639626503
1226,2859694,1000,True,0.1246703639626503
1227,3145722,1000,True,0.1246703639626503
1228,2855846,1000,True,0.1246703639626503
1229,2852927,1000,True,0.1246703639626503
1230,2852261,1000,True,0.1246703639626503
1231,2853103,1000,True,0.1246703639626503
1232,2849020,1000,True,0.1246703639626503
1233,2850276,1000,True,0.1246703639626503
1234,2851828,1000,True,0.1246703639626503
1235,2855017,1000,True,0.1246703639626503
1236,2854266,1000,True,0.1246703639626503
1237,2853905,1000,True,0.1246703639626503
1238,3140678,1000,True,0.1246703639626503
1239,2851542,1000,True,0.1246703639626503
1240,2854218,1000,True,0.1246703639626503
1241,2855565,1000,True,0.1246703639626503
1242,2852603,1000,True,0.1246703639626503
1243,2853478,1000,True,0.1246703639626503
1244,2853289,1000,True,0.1246703639626503
1245,2851347,1000,True,0.1246703639626503
1246,2851240,1000,True,0.1246703639626503
1247,2854171,1000,True,0.1246703639626503
1248,2851946,1000,True,0.1246703639626503
1249,2851592,1000,True,0.1246703639626503
1250,2854444,1000,True,0.1246703639626503
1251,2853283,1000,True,0.1246703639626503
1252,2852249,1000,True,0.1246703639626503
1253,3148192,1000,True,0.1246703639626503
1254,2855118,1000,True,0.1246703639626503
1255,2852937,1000,True,0.1246703639626503
1256,2853304,1000,True,0.1246703639626503
1257,2851773,1000,True,0.1246703639626503
1258,2848951,1000,True,0.1246703639626503
1259,2853361,1000,True,0.1246703639626503
1260,2856403,1000,True,0.1246703639626503
1261,2853500,1000,True,0.1246703639626503
1262,2851087,1000,True,0.1246703639626503
1263,2858224,1000,True,0.1246703639626503
1264,2853619,1000,True,0.1246703639626503
1265,2850986,1000,True,0.1246703639626503
1266,2853326,1000,True,0.1246703639626503
1267,3147747,1000,True,0.1246703639626503
1268,2857054,1000,True,0.1246703639626503
1269,2850557,1000,True,0.1246703639626503
1270,2851263,1000,True,0.1246703639626503
1271,2854347,1000,True,0.1246703639626503
1272,2851995,1000,True,0.1246703639626503
1273,2852203,1000,True,0.1246703639626503
1274,2853081,1000,True,0.1246703639626503
1275,2851806,1000,True,0.1246703639626503
1276,2852774,1000,True,0.1246703639626503
1277,2856856,1000,True,0.1246703639626503
1278,2850507,1000,True,0.1246703639626503
1279,2854296,1000,True,0.1246703639626503
1280,2852167,1000,True,0.1246703639626503
1281,2850287,1000,True,0.1246703639626503
1282,3139383,1000,True,0.1246703639626503
1283,2853623,1000,True,0.1246703639626503
1284,2852404,1000,True,0.1246703639626503
1285,2851442,1000,True,0.1246703639626503
1286,2849490,1000,True,0.1246703639626503
1287,2855515,1000,True,0.1246703639626503
1288,2849742,1000,True,0.1246703639626503
1289,2852691,1000,True,0.1246703639626503
1290,2852232,1000,True,0.1246703639626503
1291,2852128,1000,True,0.1246703639626503
1292,2852648,1000,True,0.1246703639626503
1293,2852901,1000,True,0.1246703639626503
1294,2857260,1000,True,0.1246703639626503
1295,2851063,1000,True,0.1246703639626503
1296,3143281,1000,True,0.1246703639626503
1297,2855988,1000,True,0.1246703639626503
1298,2851242,1000,True,0.1246703639626503
1299,2855801,1000,True,0.1246703639626503
1300,2850493,1000,True,0.1246703639626503
1301,2853846,1000,True,0.1246703639626503
1302,2851485,1000,True,0.1246703639626503
1303,2850607,1000,True,0.1246703639626503
1304,2851332,1000,True,0.1246703639626503
1305,2852132,1000,True,0.1246703639626503
1306,2853884,1000,True,0.1246703639626503
1307,2854573,1000,True,0.1246703639626503
1308,2852663,1000,True,0.1246703639626503
1309,2852998,1000,True,0.1246703639626503
1310,2854901,1000,True,0.1246703639626503
1311,3142572,1000,True,0.1246703639626503
1312,2852989,1000,True,0.1246703639626503
1313,2854522,1000,True,0.1246703639626503
1314,2852809,1000,True,0.1246703639626503
1315,2854220,1000,True,0.1246703639626503
1316,2850811,1000,True,0.1246703639626503
1317,2850583,1000,True,0.1246703639626503
1318,2849695,1000,True,0.1246703639626503
1319,2852626,1000,True,0.1246703639626503
1320,2853405,1000,True,0.1246703639626503
1321,3149390,1000,True,0.1246703639626503
1322,2854474,1000,True,0.1246703639626503
1323,2854092,1000,True,0.1246703639626503
1324,2850132,1000,True,0.1246703639626503
1325,2849164,1000,True,0.1246703639626503
1326,2850033,1000,True,0.1246703639626503
1327,2851346,1000,True,0.1246703639626503
1328,2852321,1000,True,0.1246703639626503
1329,2850674,1000,True,0.1246703639626503
1330,2851399,1000,True,0.1246703639626503
1331,2855631,1000,True,0.1246703639626503
1332,2852615,1000,True,0.1246703639626503
1333,2852065,1000,True,0.1246703639626503
1334,2857486,1000,True,0.1246703639626503
1335,2853356,1000,True,0.1246703639626503
1336,3141295,1000,True,0.1246703639626503
1337,2854044,1000,True,0.1246703639626503
1338,2851461,1000,True,0.1246703639626503
1339,2854783,1000,True,0.1246703639626503
1340,2851587,1000,True,0.1246703639626503
1341,2851933,1000,True,0.1246703639626503
1342,2852665,1000,True,0.1246703639626503
1343,2852122,1000,True,0.1246703639626503
1344,2850412,1000,True,0.1246703639626503
1345,2849752,1000,True,0.1246703639626503
1346,2852702,1000,True,0.1246703639626503
1347,2849815,1000,True,0.1246703639626503
1348,2853205,1000,True,0.1246703639626503
1349,2853318,1000,True,0.1246703639626503
1350,3136673,1000,True,0.1246703639626503
1351,2854321,1000,True,0.1246703639626503
1352,2851279,1000,True,0.1246703639626503
1353,2851882,1000,True,0.1246703639626503
1354,2849849,1000,True,0.1246703639626503
1355,2850814,1000,True,0.1246703639626503
1356,2855998,1000,True,0.1246703639626503
1357,2850151,1000,True,0.1246703639626503
1358,2849884,1000,True,0.1246703639626503
1359,2853479,1000,True,0.1246703639626503
1360,2853901,1000,True,0.1246703639626503
1361,2855900,1000,True,0.1246703639626503
1362,2853746,1000,True,0.1246703639626503
1363,2854858,1000,True,0.1246703639626503
1364,2849826,1000,True,0.1246703639626503
1365,3143281,1000,True,0.1246703639626503
1366,2853379,1000,True,0.1246703639626503
1367,2855302,1000,True,0.1246703639626503
1368,2852624,1000,True,0.1246703639626503
1369,2852147,1000,True,0.1246703639626503
1370,2850761,1000,True,0.1246703639626503
1371,2851655,1000,True,0.1246703639626503
1372,2851597,1000,True,0.1246703639626503
1373,2850860,1000,True,0.1246703639626503
1374,2850877,1000,True,0.1246703639626503
1375,2853876,1000,True,0.1246703639626503
1376,2850359,1000,True,0.1246703639626503
1377,2849875,1000,True,0.1246703639626503
1378,2851338,1000,True,0.1246703639626503
1379,3153313,1000,True,0.1246703639626503
1380,2855036,1000,True,0.1246703639626503
1381,2853239,1000,True,0.1246703639626503
1382,2853497,1000,True,0.1246703639626503
1383,2854080,1000,True,0.1246703639626503
1384,2853007,1000,True,0.1246703639626503
1385,2850438,1000,True,0.1246703639626503
1386,2850001,1000,True,0.1246703639626503
1387,2851700,1000,True,0.1246703639626503
1388,2851874,1000,True,0.1246703639626503
1389,2849424,1000,True,0.1246703639626503
1390,2849822,1000,True,0.1246703639626503
1391,2853789,1000,True,0.1246703639626503
1392,2854024,1000,True,0.1246703639626503
1393,3152084,1000,True,0.1246703639626503
1394,2856893,1000,True,0.1246703639626503
1395,2857801,1000,True,0.1246703639626503
1396,2849109,1000,True,0.1246703639626503
1397,2851116,1000,True,0.1246703639626503
1398,2850299,1000,True,0.1246703639626503
1399,2853895,1000,True,0.1246703639626503
1400,2851260,1000,True,0.1246703639626503
1401,2850427,1000,True,0.1246703639626503
1402,2850263,1000,True,0.1246703639626503
1403,2854866,1000,True,0.1246703639626503
1404,2854764,1000,True,0.1246703639626503
1405,2850891,1000,True,0.1246703639626503
1406,2852023,1000,True,0.1246703639626503
1407,2856315,1000,True,0.1246703639626503
1408,3135270,1000,True,0.1246703639626503
1409,2851472,1000,True,0.1246703639626503
1410,2853320,1000,True,0.1246703639626503
1411,2855571,1000,True,0.1246703639626503
1412,2851978,1000,True,0.1246703639626503
1413,2852831,1000,True,0.1246703639626503
1414,2850600,1000,True,0.1246703639626503
1415,2852715,1000,True,0.1246703639626503
1416,2852399,1000,True,0.1246703639626503
1417,2852330,1000,True,0.1246703639626503
1418,2850724,1000,True,0.1246703639626503
1419,2854404,1000,True,0.1246703639626503
1420,2851792,1000,True,0.1246703639626503
1421,2850440,1000,True,0.1246703639626503
1422,3148303,1000,True,0.1246703639626503
1423,2854581,1000,True,0.1246703639626503
1424,2850955,1000,True,0.1246703639626503
1425,2852739,1000,True,0.1246703639626503
1426,2850751,1000,True,0.1246703639626503
1427,2851243,1000,True,0.1246703639626503
1428,2852808,1000,True,0.1246703639626503
1429,2850047,1000,True,0.1246703639626503
1430,2851670,1000,True,0.1246703639626503
1431,2852105,1000,True,0.1246703639626503
1432,2851134,1000,True,0.1246703639626503
1433,3141633,1000,True,0.1246703639626503
1434,2854376,1000,True,0.1246703639626503
1435,2854400,1000,True,0.1246703639626503
1436,2850960,1000,True,0.1246703639626503
1437,2851651,1000,True,0.1246703639626503
1438,2856354,1000,True,0.1246703639626503
1439,2856031,1000,True,0.1246703639626503
1440,2853815,1000,True,0.1246703639626503
1441,2854077,1000,True,0.1246703639626503
1442,2851853,1000,True,0.1246703639626503
1443,2853082,1000,True,0.1246703639626503
1444,2851929,1000,True,0.1246703639626503
1445,2857516,1000,True,0.1246703639626503
1446,2867276,1000,True,0.1246703639626503
1447,3156892,1000,True,0.1246703639626503
1448,2872624,1000,True,0.1246703639626503
1449,2864746,1000,True,0.1246703639626503
1450,2867538,1000,True,0.1246703639626503
1451,2873139,1000,True,0.1246703639626503
1452,2868674,1000,True,0.1246703639626503
1453,2870992,1000,True,0.1246703639626503
1454,2872457,1000,True,0.1246703639626503
1455,2875338,1000,True,0.1246703639626503
1456,2869415,1000,True,0.1246703639626503
1457,2874763,1000,True,0.1246703639626503
1458,2867240,1000,True,0.1246703639626503
1459,2875269,1000,True,0.1246703639626503
1460,2880275,1000,True,0.1246703639626503
1461,2870961,1000,True,0.1246703639626503
1462,3153780,1000,True,0.1246703639626503
1463,2880796,1000,True,0.1246703639626503
1464,2888672,1000,True,0.1246703639626503
1465,2873112,1000,True,0.1246703639626503
1466,2875084,1000,True,0.1246703639626503
1467,2881285,1000,True,0.1246703639626503
1468,2873832,1000,True,0.1246703639626503
1469,2868441,1000,True,0.1246703639626503
1470,2869125,1000,True,0.1246703639626503
1471,2867225,1000,True,0.1246703639626503
1472,2872308,1000,True,0.1246703639626503
1473,2866906,1000,True,0.1246703639626503
1474,2866692,1000,True,0.1246703639626503
1475,2868343,1000,True,0.1246703639626503
1476,3165097,1000,True,0.1246703639626503
1477,2870293,1000,True,0.1246703639626503
1478,2865452,1000,True,0.1246703639626503
1479,2867891,1000,True,0.1246703639626503
1480,2867054,1000,True,0.1246703639626503
1481,2864827,1000,True,0.1246703639626503
1482,2866800,1000,True,0.1246703639626503
1483,2868461,1000,True,0.1246703639626503
1484,2867372,1000,True,0.1246703639626503
1485,2865876,1000,True,0.1246703639626503
1486,2865011,1000,True,0.1246703639626503
1487,2864684,1000,True,0.1246703639626503
1488,3217904,1000,True,0.1246703639626503
1489,2868633,1000,True,0.1246703639626503
1490,2864313,1000,True,0.1246703639626503
1491,3159310,1000,True,0.1246703639626503
1492,2864263,1000,True,0.1246703639626503
1493,2867003,1000,True,0.1246703639626503
1494,2865538,1000,True,0.1246703639626503
1495,2867313,1000,True,0.1246703639626503
1496,2863376,1000,True,0.1246703639626503
1497,2866018,1000,True,0.1246703639626503
1498,2866592,1000,True,0.1246703639626503
1499,2866545,1000,True,0.1246703639626503
1500,2863743,1000,True,0.1246703639626503
1501,2864439,1000,True,0.1246703639626503
1502,2868940,1000,True,0.1246703639626503
1503,2868215,1000,True,0.1246703639626503
1504,2866040,1000,True,0.1246703639626503
1505,3160838,1000,True,0.1246703639626503
1506,2868827,1000,True,0.1246703639626503
1507,2865803,1000,True,0.1246703639626503
1508,2866987,1000,True,0.1246703639626503
1509,2868183,1000,True,0.1246703639626503
1510,2864507,1000,True,0.1246703639626503
1511,2866600,1000,True,0.1246703639626503
1512,2865209,1000,True,0.1246703639626503
1513,2865399,1000,True,0.1246703639626503
1514,2864704,1000,True,0.1246703639626503
1515,2868901,1000,True,0.1246703639626503
1516,3157949,1000,True,0.1246703639626503
1517,2866826,1000,True,0.1246703639626503
1518,2867637,1000,True,0.1246703639626503
1519,2865744,1000,True,0.1246703639626503
1520,2864489,1000,True,0.1246703639626503
1521,2865314,1000,True,0.1246703639626503
1522,2865367,1000,True,0.1246703639626503
1523,2865410,1000,True,0.1246703639626503
1524,2863711,1000,True,0.1246703639626503
1525,2865549,1000,True,0.1246703639626503
1526,2864404,1000,True,0.1246703639626503
1527,2867129,1000,True,0.1246703639626503
1528,2866356,1000,True,0.1246703639626503
1529,2867161,1000,True,0.1246703639626503
1530,3162240,1000,True,0.1246703639626503
1531,2866664,1000,True,0.1246703639626503
1532,2864759,1000,True,0.1246703639626503
1533,2865831,1000,True,0.1246703639626503
1534,2868830,1000,True,0.1246703639626503
1535,2865030,1000,True,0.1246703639626503
1536,2864125,1000,True,0.1246703639626503
1537,2868935,1000,True,0.1246703639626503
1538,2867039,1000,True,0.1246703639626503
1539,2868416,1000,True,0.1246703639626503
1540,2867859,1000,True,0.1246703639626503
1541,2868562,1000,True,0.1246703639626503
1542,2867704,1000,True,0.1246703639626503
1543,2865403,1000,True,0.1246703639626503
1544,2869518,1000,True,0.1246703639626503
1545,3157144,1000,True,0.1246703639626503
1546,2864847,1000,True,0.1246703639626503
1547,2865371,1000,True,0.1246703639626503
1548,2867892,1000,True,0.1246703639626503
1549,2864566,1000,True,0.1246703639626503
1550,2865311,1000,True,0.1246703639626503
1551,2867170,1000,True,0.1246703639626503
1552,2866855,1000,True,0.1246703639626503
1553,2864147,1000,True,0.1246703639626503
1554,2864871,1000,True,0.1246703639626503
1555,2866319,1000,True,0.1246703639626503
1556,2865984,1000,True,0.1246703639626503
1557,2865315,1000,True,0.1246703639626503
1558,2862937,1000,True,0.1246703639626503
1559,3161628,1000,True,0.1246703639626503
1560,2870601,1000,True,0.1246703639626503
1561,2865976,1000,True,0.1246703639626503
1562,2866000,1000,True,0.1246703639626503
1563,2866437,1000,True,0.1246703639626503
1564,2866558,1000,True,0.1246703639626503
1565,2865299,1000,True,0.1246703639626503
1566,2863668,1000,True,0.1246703639626503
1567,2865669,1000,True,0.1246703639626503
1568,2866978,1000,True,0.1246703639626503
1569,2863868,1000,True,0.1246703639626503
1570,2865951,1000,True,0.1246703639626503
1571,2869174,1000,True,0.1246703639626503
1572,2866494,1000,True,0.1246703639626503
1573,2866646,1000,True,0.1246703639626503
1574,3153249,1000,True,0.1246703639626503
1575,2870497,1000,True,0.1246703639626503
1576,2864320,1000,True,0.1246703639626503
1577,2864612,1000,True,0.1246703639626503
1578,2862385,1000,True,0.1246703639626503
1579,2867644,1000,True,0.1246703639626503
1580,2865730,1000,True,0.1246703639626503
1581,2866463,1000,True,0.1246703639626503
1582,2867457,1000,True,0.1246703639626503
1583,2870720,1000,True,0.1246703639626503
1584,2865050,1000,True,0.1246703639626503
1585,3159211,1000,True,0.1246703639626503
1586,2865705,1000,True,0.1246703639626503
1587,2868608,1000,True,0.1246703639626503
1588,2866230,1000,True,0.1246703639626503
1589,2868788,1000,True,0.1246703639626503
1590,2865836,1000,True,0.1246703639626503
1591,2866061,1000,True,0.1246703639626503
1592,2866294,1000,True,0.1246703639626503
1593,2865712,1000,True,0.1246703639626503
1594,2870364,1000,True,0.1246703639626503
1595,2867664,1000,True,0.1246703639626503
1596,2867499,1000,True,0.1246703639626503
1597,2864967,1000,True,0.1246703639626503
1598,2865344,1000,True,0.1246703639626503
1599,3157634,1000,True,0.1246703639626503
1600,2868944,1000,True,0.1246703639626503
1601,2866073,1000,True,0.1246703639626503
1602,2865114,1000,True,0.1246703639626503
1603,2865731,1000,True,0.1246703639626503
1604,2867116,1000,True,0.1246703639626503
1605,2867472,1000,True,0.1246703639626503
1606,2864209,1000,True,0.1246703639626503
1607,2865983,1000,True,0.1246703639626503
1608,2865891,1000,True,0.1246703639626503
1609,2866382,1000,True,0.1246703639626503
1610,2865742,1000,True,0.1246703639626503
1611,2864957,1000,True,0.1246703639626503
1612,2865307,1000,True,0.1246703639626503
1613,3158876,1000,True,0.1246703639626503
1614,2873555,1000,True,0.1246703639626503
1615,2869250,1000,True,0.1246703639626503
1616,2869546,1000,True,0.1246703639626503
1617,2865860,1000,True,0.1246703639626503
1618,2864996,1000,True,0.1246703639626503
1619,2870295,1000,True,0.1246703639626503
1620,2863735,1000,True,0.1246703639626503
1621,2865244,1000,True,0.1246703639626503
1622,2865030,1000,True,0.1246703639626503
1623,2867950,1000,True,0.1246703639626503
1624,2867343,1000,True,0.1246703639626503
1625,2865986,1000,True,0.1246703639626503
1626,2864425,1000,True,0.1246703639626503
1627,2868113,1000,True,0.1246703639626503
1628,3152836,1000,True,0.1246703639626503
1629,2863445,1000,True,0.1246703639626503
1630,2867294,1000,True,0.1246703639626503
1631,2865960,1000,True,0.1246703639626503
1632,2866094,1000,True,0.1246703639626503
1633,2865800,1000,True,0.1246703639626503
1634,2865833,1000,True,0.1246703639626503
1635,2869551,1000,True,0.1246703639626503
1636,2864140,1000,True,0.1246703639626503
1637,2865115,1000,True,0.1246703639626503
1638,2865422,1000,True,0.1246703639626503
1639,2868846,1000,True,0.1246703639626503
1640,2864779,1000,True,0.1246703639626503
1641,2865720,1000,True,0.1246703639626503
1642,3156176,1000,True,0.1246703639626503
1643,2870096,1000,True,0.1246703639626503
1644,2867246,1000,True,0.1246703639626503
1645,2865284,1000,True,0.1246703639626503
1646,2865294,1000,True,0.1246703639626503
1647,2865941,1000,True,0.1246703639626503
1648,2863107,1000,True,0.1246703639626503
1649,2866677,1000,True,0.1246703639626503
1650,2868364,1000,True,0.1246703639626503
1651,2868307,1000,True,0.1246703639626503
1652,2864717,1000,True,0.1246703639626503
1653,2862582,1000,True,0.1246703639626503
1654,2868272,1000,True,0.1246703639626503
1655,2866622,1000,True,0.1246703639626503
1656,2867558,1000,True,0.1246703639626503
1657,3154408,1000,True,0.1246703639626503
1658,2863963,1000,True,0.1246703639626503
1659,2866006,1000,True,0.1246703639626503
1660,2868207,1000,True,0.1246703639626503
1661,2862390,1000,True,0.1246703639626503
1662,2863494,1000,True,0.1246703639626503
1663,2866962,1000,True,0.1246703639626503
1664,2864798,1000,True,0.1246703639626503
1665,2866131,1000,True,0.1246703639626503
1666,2864051,1000,True,0.1246703639626503
1667,2864885,1000,True,0.1246703639626503
1668,2865954,1000,True,0.1246703639626503
1669,2865157,1000,True,0.1246703639626503
1670,2865932,1000,True,0.1246703639626503
1671,3158517,1000,True,0.1246703639626503
1672,2867421,1000,True,0.1246703639626503
1673,2866613,1000,True,0.1246703639626503
1674,2866818,1000,True,0.1246703639626503
1675,2864120,1000,True,0.1246703639626503
1676,2864586,1000,True,0.1246703639626503
1677,2867582,1000,True,0.1246703639626503
1678,2865944,1000,True,0.1246703639626503
1679,2871263,1000,True,0.1246703639626503
1680,2866434,1000,True,0.1246703639626503
1681,2865715,1000,True,0.1246703639626503
1682,3161736,1000,True,0.1246703639626503
1683,2866218,1000,True,0.1246703639626503
1684,2865583,1000,True,0.1246703639626503
1685,2865584,1000,True,0.1246703639626503
1686,2869458,1000,True,0.1246703639626503
1687,2867515,1000,True,0.1246703639626503
1688,2866433,1000,True,0.1246703639626503
1689,2863847,1000,True,0.1246703639626503
1690,2864595,1000,True,0.1246703639626503
1691,2866950,1000,True,0.1246703639626503
1692,2866947,1000,True,0.1246703639626503
1693,2866259,1000,True,0.1246703639626503
1694,2862945,1000,True,0.1246703639626503
1695,2866649,1000,True,0.1246703639626503
1696,3161470,1000,True,0.1246703639626503
1697,2869526,1000,True,0.1246703639626503
1698,2866730,1000,True,0.1246703639626503
1699,2864737,1000,True,0.1246703639626503
1700,2863578,1000,True,0.1246703639626503
1701,2862650,1000,True,0.1246703639626503
1702,2864827,1000,True,0.1246703639626503
1703,2868371,1000,True,0.1246703639626503
1704,2864388,1000,True,0.1246703639626503
1705,2866648,1000,True,0.1246703639626503
1706,2865160,1000,True,0.1246703639626503
1707,2867719,1000,True,0.1246703639626503
1708,2865714,1000,True,0.1246703639626503
1709,2865690,1000,True,0.1246703639626503
1710,2865451,1000,True,0.1246703639626503
1711,3161300,1000,True,0.1246703639626503
1712,2863639,1000,True,0.1246703639626503
1713,2863478,1000,True,0.1246703639626503
1714,2863481,1000,True,0.1246703639626503
1715,2868456,1000,True,0.1246703639626503
1716,2870549,1000,True,0.1246703639626503
1717,2865156,1000,True,0.1246703639626503
1718,2866812,1000,True,0.1246703639626503
1719,2867528,1000,True,0.1246703639626503
1720,2866288,1000,True,0.1246703639626503
1721,2867451,1000,True,0.1246703639626503
1722,2864888,1000,True,0.1246703639626503
1723,2867730,1000,True,0.1246703639626503
1724,2863470,1000,True,0.1246703639626503
1725,3151999,1000,True,0.1246703639626503
1726,2868280,1000,True,0.1246703639626503
1727,2868864,1000,True,0.1246703639626503
1728,2866742,1000,True,0.1246703639626503
1729,2864348,1000,True,0.1246703639626503
1730,2863475,1000,True,0.1246703639626503
1731,2870093,1000,True,0.1246703639626503
1732,2865592,1000,True,0.1246703639626503
1733,2863663,1000,True,0.1246703639626503
1734,2865153,1000,True,0.1246703639626503
1735,2865448,1000,True,0.1246703639626503
1736,2864903,1000,True,0.1246703639626503
1737,2864800,1000,True,0.1246703639626503
1738,2865539,1000,True,0.1246703639626503
1739,3158246,1000,True,0.1246703639626503
1740,2868287,1000,True,0.1246703639626503
1741,2868189,1000,True,0.1246703639626503
1742,2863680,1000,True,0.1246703639626503
1743,2866625,1000,True,0.1246703639626503
1744,2868116,1000,True,0.1246703639626503
1745,2865851,1000,True,0.1246703639626503
1746,2868824,1000,True,0.1246703639626503
1747,2864880,1000,True,0.1246703639626503
1748,2863985,1000,True,0.1246703639626503
1749,2865958,1000,True,0.1246703639626503
1750,2866683,1000,True,0.1246703639626503
1751,2864547,1000,True,0.1246703639626503
1752,2863204,1000,True,0.1246703639626503
1753,2864031,1000,True,0.1246703639626503
1754,3166551,1000,True,0.1246703639626503
1755,2869637,1000,True,0.1246703639626503
1756,2868597,1000,True,0.1246703639626503
1757,2867526,1000,True,0.1246703639626503
1758,2866163,1000,True,0.1246703639626503
1759,2865895,1000,True,0.1246703639626503
1760,2868147,1000,True,0.1246703639626503
1761,2864210,1000,True,0.1246703639626503
1762,2866127,1000,True,0.1246703639626503
1763,2867010,1000,True,0.1246703639626503
1764,3159103,1000,True,0.1246703639626503
1765,2867687,1000,True,0.1246703639626503
1766,2869212,1000,True,0.1246703639626503
1767,2866553,1000,True,0.1246703639626503
1768,2866996,1000,True,0.1246703639626503
1769,2864229,1000,True,0.1246703639626503
1770,2864424,1000,True,0.1246703639626503
1771,2871183,1000,True,0.1246703639626503
1772,2865857,1000,True,0.1246703639626503
1773,2864806,1000,True,0.1246703639626503
1774,2863164,1000,True,0.1246703639626503
1775,2864210,1000,True,0.1246703639626503
1776,2867098,1000,True,0.1246703639626503
1777,2863921,1000,True,0.1246703639626503
1778,2866578,1000,True,0.1246703639626503
1779,3154034,1000,True,0.1246703639626503
1780,2866330,1000,True,0.1246703639626503
1781,2863838,1000,True,0.1246703639626503
1782,2864567,1000,True,0.1246703639626503
1783,2867754,1000,True,0.1246703639626503
1784,2865638,1000,True,0.1246703639626503
1785,2867847,1000,True,0.1246703639626503
1786,2865358,1000,True,0.1246703639626503
1787,2866334,1000,True,0.1246703639626503
1788,2861393,1000,True,0.1246703639626503
1789,2865808,1000,True,0.1246703639626503
1790,2867288,1000,True,0.1246703639626503
1791,2865189,1000,True,0.1246703639626503
1792,2864385,1000,True,0.1246703639626503
1793,3156477,1000,True,0.1246703639626503
1794,2870005,1000,True,0.1246703639626503
1795,2866907,1000,True,0.1246703639626503
1796,2864925,1000,True,0.1246703639626503
1797,2867027,1000,True,0.1246703639626503
1798,2864603,1000,True,0.1246703639626503
1799,2867260,1000,True,0.1246703639626503
1800,2866373,1000,True,0.1246703639626503
1801,2867045,1000,True,0.1246703639626503
1802,2862592,1000,True,0.1246703639626503
1803,2867330,1000,True,0.1246703639626503
1804,2867503,1000,True,0.1246703639626503
1805,2867056,1000,True,0.1246703639626503
1806,2866559,1000,True,0.1246703639626503
1807,3162743,1000,True,0.1246703639626503
1808,2870815,1000,True,0.1246703639626503
1809,2866845,1000,True,0.1246703639626503
1810,2864391,1000,True,0.1246703639626503
1811,2864479,1000,True,0.1246703639626503
1812,2868389,1000,True,0.1246703639626503
1813,2866687,1000,True,0.1246703639626503
1814,2862888,1000,True,0.1246703639626503
1815,2866900,1000,True,0.1246703639626503
1816,2867458,1000,True,0.1246703639626503
1817,2865129,1000,True,0.1246703639626503
1818,2865485,1000,True,0.1246703639626503
1819,2866485,1000,True,0.1246703639626503
1820,2867159,1000,True,0.1246703639626503
1821,2863926,1000,True,0.1246703639626503
1822,3155567,1000,True,0.1246703639626503
1823,2865374,1000,True,0.1246703639626503
1824,2865290,1000,True,0.1246703639626503
1825,2864353,1000,True,0.1246703639626503
1826,2865726,1000,True,0.1246703639626503
1827,2872770,1000,True,0.1246703639626503
1828,2867219,1000,True,0.1246703639626503
1829,2868466,1000,True,0.1246703639626503
1830,2864812,1000,True,0.1246703639626503
1831,2867643,1000,True,0.1246703639626503
1832,3226213,1000,True,0.1246703639626503
1833,2867585,1000,True,0.1246703639626503
1834,2865260,1000,True,0.1246703639626503
1835,2869180,1000,True,0.1246703639626503
1836,3150597,1000,True,0.1246703639626503
1837,2865311,1000,True,0.1246703639626503
1838,2864839,1000,True,0.1246703639626503
1839,2866640,1000,True,0.1246703639626503
1840,2865021,1000,True,0.1246703639626503
1841,2868346,1000,True,0.1246703639626503
1842,2865041,1000,True,0.1246703639626503
1843,2866408,1000,True,0.1246703639626503
1844,2863538,1000,True,0.1246703639626503
1845,2866370,1000,True,0.1246703639626503
1846,2865791,1000,True,0.1246703639626503
1847,2865812,1000,True,0.1246703639626503
1848,2867487,1000,True,0.1246703639626503
1849,2867428,1000,True,0.1246703639626503
1850,3156772,1000,True,0.1246703639626503
1851,2870309,1000,True,0.1246703639626503
1852,2868999,1000,True,0.1246703639626503
1853,2862303,1000,True,0.1246703639626503
1854,2866493,1000,True,0.1246703639626503
1855,2868207,1000,True,0.1246703639626503
1856,2864531,1000,True,0.1246703639626503
1857,2864034,1000,True,0.1246703639626503
1858,2864045,1000,True,0.1246703639626503
1859,2866814,1000,True,0.1246703639626503
1860,2866389,1000,True,0.1246703639626503
1861,3167085,1000,True,0.1246703639626503
1862,2869517,1000,True,0.1246703639626503
1863,2866138,1000,True,0.1246703639626503
1864,2863646,1000,True,0.1246703639626503
1865,2865269,1000,True,0.1246703639626503
1866,2869002,1000,True,0.1246703639626503
1867,2865407,1000,True,0.1246703639626503
1868,2864331,1000,True,0.1246703639626503
1869,2865924,1000,True,0.1246703639626503
1870,2864590,1000,True,0.1246703639626503
1871,2869224,1000,True,0.1246703639626503
1872,2864884,1000,True,0.1246703639626503
1873,2863886,1000,True,0.1246703639626503
1874,2865714,1000,True,0.1246703639626503
1875,3162406,1000,True,0.1246703639626503
1876,2865801,1000,True,0.1246703639626503
1877,2867307,1000,True,0.1246703639626503
1878,2865793,1000,True,0.1246703639626503
1879,2867584,1000,True,0.1246703639626503
1880,2868062,1000,True,0.1246703639626503
1881,2865673,1000,True,0.1246703639626503
1882,2868616,1000,True,0.1246703639626503
1883,2866602,1000,True,0.1246703639626503
1884,2865267,1000,True,0.1246703639626503
1885,2864837,1000,True,0.1246703639626503
1886,2865236,1000,True,0.1246703639626503
1887,2865964,1000,True,0.1246703639626503
1888,2866932,1000,True,0.1246703639626503
1889,2865164,1000,True,0.1246703639626503
1890,3166117,1000,True,0.1246703639626503
1891,2867505,1000,True,0.1246703639626503
1892,2865191,1000,True,0.1246703639626503
1893,2865402,1000,True,0.1246703639626503
1894,2862377,1000,True,0.1246703639626503
1895,2866224,1000,True,0.1246703639626503
1896,2868025,1000,True,0.1246703639626503
1897,2867544,1000,True,0.1246703639626503
1898,2864509,1000,True,0.1246703639626503
1899,2866775,1000,True,0.1246703639626503
1900,2866258,1000,True,0.1246703639626503
1901,2867746,1000,True,0.1246703639626503
1902,2865655,1000,True,0.1246703639626503
1903,2868053,1000,True,0.1246703639626503
1904,3176060,1000,True,0.1246703639626503
1905,2867918,1000,True,0.1246703639626503
1906,2878522,1000,True,0.1246703639626503
1907,2902768,1000,True,0.1246703639626503
1908,2882717,1000,True,0.1246703639626503
1909,2869835,1000,True,0.1246703639626503
1910,2868652,1000,True,0.1246703639626503
1911,2869691,1000,True,0.1246703639626503
1912,2866076,1000,True,0.1246703639626503
1913,2867272,1000,True,0.1246703639626503
1914,2865795,1000,True,0.1246703639626503
1915,2865544,1000,True,0.1246703639626503
1916,2867917,1000,True,0.1246703639626503
1917,2866866,1000,True,0.1246703639626503
1918,3164396,1000,True,0.1246703639626503
1919,2868211,1000,True,0.1246703639626503
1920,2866148,1000,True,0.1246703639626503
1921,2866169,1000,True,0.1246703639626503
1922,2869519,1000,True,0.1246703639626503
1923,2866192,1000,True,0.1246703639626503
1924,2864256,1000,True,0.1246703639626503
1925,2865080,1000,True,0.1246703639626503
1926,2866355,1000,True,0.1246703639626503
1927,2870299,1000,True,0.1246703639626503
1928,2865011,1000,True,0.1246703639626503
1929,2866587,1000,True,0.1246703639626503
1930,2864602,1000,True,0.1246703639626503
1931,2866993,1000,True,0.1246703639626503
1932,2866885,1000,True,0.1246703639626503
1933,3154381,1000,True,0.1246703639626503
1934,2866344,1000,True,0.1246703639626503
1935,2866852,1000,True,0.1246703639626503
1936,2865845,1000,True,0.1246703639626503
1937,2866307,1000,True,0.1246703639626503
1938,2867341,1000,True,0.1246703639626503
1939,2869337,1000,True,0.1246703639626503
1940,2862984,1000,True,0.1246703639626503
1941,2866070,1000,True,0.1246703639626503
1942,2864852,1000,True,0.1246703639626503
1943,3166023,1000,True,0.1246703639626503
1944,2868530,1000,True,0.1246703639626503
1945,2867325,1000,True,0.1246703639626503
1946,2863624,1000,True,0.1246703639626503
1947,2866107,1000,True,0.1246703639626503
1948,2864157,1000,True,0.1246703639626503
1949,2864620,1000,True,0.1246703639626503
1950,2866169,1000,True,0.1246703639626503
1951,2865708,1000,True,0.1246703639626503
1952,2868442,1000,True,0.1246703639626503
1953,2865580,1000,True,0.1246703639626503
1954,2865164,1000,True,0.1246703639626503
1955,2868136,1000,True,0.1246703639626503
1956,2865299,1000,True,0.1246703639626503
1957,2866284,1000,True,0.1246703639626503
1958,3152187,1000,True,0.1246703639626503
1959,2867144,1000,True,0.1246703639626503
1960,2862847,1000,True,0.1246703639626503
1961,2863825,1000,True,0.1246703639626503
1962,2865214,1000,True,0.1246703639626503
1963,2866185,1000,True,0.1246703639626503
1964,2867311,1000,True,0.1246703639626503
1965,2864658,1000,True,0.1246703639626503
1966,2864075,1000,True,0.1246703639626503
1967,2867939,1000,True,0.1246703639626503
1968,2866548,1000,True,0.1246703639626503
1969,2866304,1000,True,0.1246703639626503
1970,2863908,1000,True,0.1246703639626503
1971,2869727,1000,True,0.1246703639626503
1972,3158884,1000,True,0.1246703639626503
1973,2867248,1000,True,0.1246703639626503
1974,2865778,1000,True,0.1246703639626503
1975,2869511,1000,True,0.1246703639626503
1976,2867352,1000,True,0.1246703639626503
1977,2865454,1000,True,0.1246703639626503
1978,2865560,1000,True,0.1246703639626503
1979,2867183,1000,True,0.1246703639626503
1980,2864341,1000,True,0.1246703639626503
1981,2865337,1000,True,0.1246703639626503
1982,2864127,1000,True,0.1246703639626503
1983,2866321,1000,True,0.1246703639626503
1984,2866415,1000,True,0.1246703639626503
1985,2870058,1000,True,0.1246703639626503
1986,3160527,1000,True,0.1246703639626503
1987,2870893,1000,True,0.1246703639626503
1988,2863713,1000,True,0.1246703639626503
1989,2863508,1000,True,0.1246703639626503
1990,2864716,1000,True,0.1246703639626503
1991,2866216,1000,True,0.1246703639626503
1992,2868462,1000,True,0.1246703639626503
1993,2864706,1000,True,0.1246703639626503
1994,2867850,1000,True,0.1246703639626503
1995,2867967,1000,True,0.1246703639626503
1996,2867456,1000,True,0.1246703639626503
1997,2863739,1000,True,0.1246703639626503
1998,2866815,1000,True,0.1246703639626503
1999,2866408,1000,True,0.1246703639626503
2000,2864866,1000,True,0.1246703639626503
2001,3154479,1000,True,0.1246703639626503
2002,2866868,1000,True,0.1246703639626503
2003,2870396,1000,True,0.1246703639626503
2004,2864353,1000,True,0.1246703639626503
2005,2868666,1000,True,0.1246703639626503
2006,2865700,1000,True,0.1246703639626503
2007,2868200,1000,True,0.1246703639626503
2008,2864939,1000,True,0.1246703639626503
2009,2866702,1000,True,0.1246703639626503
2010,2867704,1000,True,0.1246703639626503
2011,2865005,1000,True,0.1246703639626503
2012,2862583,1000,True,0.1246703639626503
2013,2868612,1000,True,0.1246703639626503
2014,2871761,1000,True,0.1246703639626503
2015,3150630,1000,True,0.1246703639626503
2016,2866126,1000,True,0.1246703639626503
2017,2865460,1000,True,0.1246703639626503
2018,2866492,1000,True,0.1246703639626503
2019,2868701,1000,True,0.1246703639626503
2020,2864093,1000,True,0.1246703639626503
2021,2865977,1000,True,0.1246703639626503
2022,2862956,1000,True,0.1246703639626503
2023,2866690,1000,True,0.1246703639626503
2024,2867198,1000,True,0.1246703639626503
2025,2863886,1000,True,0.1246703639626503
2026,2864539,1000,True,0.1246703639626503
2027,2864313,1000,True,0.1246703639626503
2028,2866813,1000,True,0.1246703639626503
2029,3162481,1000,True,0.1246703639626503
2030,2869341,1000,True,0.1246703639626503
2031,2869651,1000,True,0.1246703639626503
2032,2864824,1000,True,0.1246703639626503
2033,2863844,1000,True,0.1246703639626503
2034,2865579,1000,True,0.1246703639626503
2035,2867276,1000,True,0.1246703639626503
2036,2865008,1000,True,0.1246703639626503
2037,2863120,1000,True,0.1246703639626503
2038,2865567,1000,True,0.1246703639626503
2039,2866706,1000,True,0.1246703639626503
2040,2864935,1000,True,0.1246703639626503
2041,2863627,1000,True,0.1246703639626503
2042,2867081,1000,True,0.1246703639626503
2043,2868928,1000,True,0.1246703639626503
2044,3156887,1000,True,0.1246703639626503
2045,2868480,1000,True,0.1246703639626503
2046,2865887,1000,True,0.1246703639626503
2047,2864933,1000,True,0.1246703639626503
2048,2865653,1000,True,0.1246703639626503
2049,2867152,1000,True,0.1246703639626503
2050,2867501,1000,True,0.1246703639626503
2051,2867475,1000,True,0.1246703639626503
2052,2864950,1000,True,0.1246703639626503
2053,2866521,1000,True,0.1246703639626503
2054,3163254,1000,True,0.1246703639626503
2055,2872026,1000,True,0.1246703639626503
2056,2863650,1000,True,0.1246703639626503
2057,2866018,1000,True,0.1246703639626503
2058,2863808,1000,True,0.1246703639626503
2059,2866791,1000,True,0.1246703639626503
2060,2868527,1000,True,0.1246703639626503
2061,2864279,1000,True,0.1246703639626503
2062,2865534,1000,True,0.1246703639626503
2063,2864570,1000,True,0.1246703639626503
2064,2866073,1000,True,0.1246703639626503
2065,2867646,1000,True,0.1246703639626503
2066,2865072,1000,True,0.1246703639626503
2067,2865295,1000,True,0.1246703639626503
2068,2866649,1000,True,0.1246703639626503
2069,3148806,1000,True,0.1246703639626503
2070,2864747,1000,True,0.1246703639626503
2071,2869012,1000,True,0.1246703639626503
2072,2863844,1000,True,0.1246703639626503
2073,2866887,1000,True,0.1246703639626503
2074,2865705,1000,True,0.1246703639626503
2075,2866672,1000,True,0.1246703639626503
2076,2864064,1000,True,0.1246703639626503
2077,2865035,1000,True,0.1246703639626503
2078,2864174,1000,True,0.1246703639626503
2079,2868672,1000,True,0.1246703639626503
2080,2865778,1000,True,0.1246703639626503
2081,2864710,1000,True,0.1246703639626503
2082,2867599,1000,True,0.1246703639626503
2083,3156376,1000,True,0.1246703639626503
2084,2864733,1000,True,0.1246703639626503
2085,2864344,1000,True,0.1246703639626503
2086,2864283,1000,True,0.1246703639626503
2087,2867231,1000,True,0.1246703639626503
2088,2864760,1000,True,0.1246703639626503
2089,2864003,1000,True,0.1246703639626503
2090,2864953,1000,True,0.1246703639626503
2091,2867474,1000,True,0.1246703639626503
2092,2866300,1000,True,0.1246703639626503
2093,2863618,1000,True,0.1246703639626503
2094,2863461,1000,True,0.1246703639626503
2095,2868764,1000,True,0.1246703639626503
2096,2863796,1000,True,0.1246703639626503
2097,3154466,1000,True,0.1246703639626503
2098,2867957,1000,True,0.1246703639626503
2099,2867384,1000,True,0.1246703639626503
2100,2866690,1000,True,0.1246703639626503
2101,2864374,1000,True,0.1246703639626503
2102,2863156,1000,True,0.1246703639626503
2103,2866441,1000,True,0.1246703639626503
2104,2866588,1000,True,0.1246703639626503
2105,2862877,1000,True,0.1246703639626503
2106,2865669,1000,True,0.1246703639626503
2107,2868682,1000,True,0.1246703639626503
2108,2863923,1000,True,0.1246703639626503
2109,2872496,1000,True,0.1246703639626503
2110,2865522,1000,True,0.1246703639626503
2111,2867377,1000,True,0.1246703639626503
2112,3151666,1000,True,0.1246703639626503
2113,2866500,1000,True,0.1246703639626503
2114,2863845,1000,True,0.1246703639626503
2115,2867496,1000,True,0.1246703639626503
2116,2869333,1000,True,0.1246703639626503
2117,2866501,1000,True,0.1246703639626503
2118,2864245,1000,True,0.1246703639626503
2119,2867553,1000,True,0.1246703639626503
2120,2867587,1000,True,0.1246703639626503
2121,2865092,1000,True,0.1246703639626503
2122,2866301,1000,True,0.1246703639626503
2123,2867665,1000,True,0.1246703639626503
2124,2866421,1000,True,0.1246703639626503
2125,2867852,1000,True,0.1246703639626503
2126,3151914,1000,True,0.1246703639626503
2127,2869040,1000,True,0.1246703639626503
2128,2864192,1000,True,0.1246703639626503
2129,2866016,1000,True,0.1246703639626503
2130,2863256,1000,True,0.1246703639626503
2131,2867734,1000,True,0.1246703639626503
2132,2865509,1000,True,0.1246703639626503
2133,2863322,1000,True,0.1246703639626503
2134,2865529,1000,True,0.1246703639626503
2135,2868053,1000,True,0.1246703639626503
2136,2863475,1000,True,0.1246703639626503
2137,2865816,1000,True,0.1246703639626503
2138,2864904,1000,True,0.1246703639626503
2139,2867699,1000,True,0.1246703639626503
2140,3160736,1000,True,0.1246703639626503
2141,2870432,1000,True,0.1246703639626503
2142,2865627,1000,True,0.1246703639626503
2143,2864902,1000,True,0.1246703639626503
2144,2869045,1000,True,0.1246703639626503
2145,2866140,1000,True,0.1246703639626503
2146,2868525,1000,True,0.1246703639626503
2147,2864588,1000,True,0.1246703639626503
2148,2864780,1000,True,0.1246703639626503
2149,2863414,1000,True,0.1246703639626503
2150,2864219,1000,True,0.1246703639626503
2151,3161551,1000,True,0.1246703639626503
2152,2866539,1000,True,0.1246703639626503
2153,2863032,1000,True,0.1246703639626503
2154,2865305,1000,True,0.1246703639626503
2155,2872697,1000,True,0.1246703639626503
2156,2875728,1000,True,0.1246703639626503
2157,2870137,1000,True,0.1246703639626503
2158,2866086,1000,True,0.1246703639626503
2159,2869942,1000,True,0.1246703639626503
2160,2866003,1000,True,0.1246703639626503
2161,2864749,1000,True,0.1246703639626503
2162,2866890,1000,True,0.1246703639626503
2163,2866871,1000,True,0.1246703639626503
2164,2865928,1000,True,0.1246703639626503
2165,3159580,1000,True,0.1246703639626503
2166,2869040,1000,True,0.1246703639626503
2167,2867549,1000,True,0.1246703639626503
2168,2870081,1000,True,0.1246703639626503
2169,2866683,1000,True,0.1246703639626503
2170,2864534,1000,True,0.1246703639626503
2171,2864528,1000,True,0.1246703639626503
2172,2865376,1000,True,0.1246703639626503
2173,2866047,1000,True,0.1246703639626503
2174,2865875,1000,True,0.1246703639626503
2175,2868341,1000,True,0.1246703639626503
2176,2866959,1000,True,0.1246703639626503
2177,3215659,1000,True,0.1246703639626503
2178,2863805,1000,True,0.1246703639626503
2179,2871747,1000,True,0.1246703639626503
2180,3159177,1000,True,0.1246703639626503
2181,2866332,1000,True,0.1246703639626503
2182,2865461,1000,True,0.1246703639626503
2183,2868178,1000,True,0.1246703639626503
2184,2864582,1000,True,0.1246703639626503
2185,2866450,1000,True,0.1246703639626503
2186,2864088,1000,True,0.1246703639626503
2187,2866180,1000,True,0.1246703639626503
2188,2864561,1000,True,0.1246703639626503
2189,2865600,1000,True,0.1246703639626503
2190,2868122,1000,True,0.1246703639626503
2191,2864993,1000,True,0.1246703639626503
2192,2865759,1000,True,0.1246703639626503
2193,2864569,1000,True,0.1246703639626503
2194,3156317,1000,True,0.1246703639626503
2195,2866506,1000,True,0.1246703639626503
2196,2866152,1000,True,0.1246703639626503
2197,2864967,1000,True,0.1246703639626503
2198,2865636,1000,True,0.1246703639626503
2199,2866011,1000,True,0.1246703639626503
2200,2866467,1000,True,0.1246703639626503
2201,2864631,1000,True,0.1246703639626503
2202,2866237,1000,True,0.1246703639626503
2203,2867465,1000,True,0.1246703639626503
2204,2866166,1000,True,0.1246703639626503
2205,2865210,1000,True,0.1246703639626503
2206,2865803,1000,True,0.1246703639626503
2207,2866863,1000,True,0.1246703639626503
2208,3156269,1000,True,0.1246703639626503
2209,2865950,1000,True,0.1246703639626503
2210,2868692,1000,True,0.1246703639626503
2211,2867127,1000,True,0.1246703639626503
2212,2864110,1000,True,0.1246703639626503
2213,2864214,1000,True,0.1246703639626503
2214,2863770,1000,True,0.1246703639626503
2215,2867144,1000,True,0.1246703639626503
2216,2864420,1000,True,0.1246703639626503
2217,2866112,1000,True,0.1246703639626503
2218,2867162,1000,True,0.1246703639626503
2219,2867745,1000,True,0.1246703639626503
2220,2864003,1000,True,0.1246703639626503
2221,2864806,1000,True,0.1246703639626503
2222,3160149,1000,True,0.1246703639626503
2223,2868804,1000,True,0.1246703639626503
2224,2866651,1000,True,0.1246703639626503
2225,2862408,1000,True,0.1246703639626503
2226,2864848,1000,True,0.1246703639626503
2227,2864803,1000,True,0.1246703639626503
2228,2866549,1000,True,0.1246703639626503
2229,2866596,1000,True,0.1246703639626503
2230,2865242,1000,True,0.1246703639626503
2231,2869460,1000,True,0.1246703639626503
2232,2864963,1000,True,0.1246703639626503
2233,3155504,1000,True,0.1246703639626503
2234,2865224,1000,True,0.1246703639626503
2235,2868366,1000,True,0.1246703639626503
2236,2864140,1000,True,0.1246703639626503
2237,2865100,1000,True,0.1246703639626503
2238,2864140,1000,True,0.1246703639626503
2239,2864586,1000,True,0.1246703639626503
2240,2863946,1000,True,0.1246703639626503
2241,2869020,1000,True,0.1246703639626503
2242,2863849,1000,True,0.1246703639626503
2243,2865211,1000,True,0.1246703639626503
2244,2865064,1000,True,0.1246703639626503
2245,2866507,1000,True,0.1246703639626503
2246,2865017,1000,True,0.1246703639626503
2247,2866808,1000,True,0.1246703639626503
2248,3158346,1000,True,0.1246703639626503
2249,2868419,1000,True,0.1246703639626503
2250,2865551,1000,True,0.1246703639626503
2251,2867814,1000,True,0.1246703639626503
2252,2868760,1000,True,0.1246703639626503
2253,2864634,1000,True,0.1246703639626503
2254,2865838,1000,True,0.1246703639626503
2255,2865493,1000,True,0.1246703639626503
2256,2863638,1000,True,0.1246703639626503
2257,2865457,1000,True,0.1246703639626503
2258,2866881,1000,True,0.1246703639626503
2259,2867389,1000,True,0.1246703639626503
2260,2866689,1000,True,0.1246703639626503
2261,2867002,1000,True,0.1246703639626503
2262,3156530,1000,True,0.1246703639626503
2263,2868318,1000,True,0.1246703639626503
2264,2865764,1000,True,0.1246703639626503
2265,2864714,1000,True,0.1246703639626503
2266,2868854,1000,True,0.1246703639626503
2267,2867632,1000,True,0.1246703639626503
2268,2862294,1000,True,0.1246703639626503
2269,2864289,1000,True,0.1246703639626503
2270,2864120,1000,True,0.1246703639626503
2271,2868527,1000,True,0.1246703639626503
2272,2864379,1000,True,0.1246703639626503
2273,2864717,1000,True,0.1246703639626503
2274,2863921,1000,True,0.1246703639626503
2275,2865943,1000,True,0.1246703639626503
2276,3159315,1000,True,0.1246703639626503
2277,2867742,1000,True,0.1246703639626503
2278,2864728,1000,True,0.1246703639626503
2279,2865524,1000,True,0.1246703639626503
2280,2868438,1000,True,0.1246703639626503
2281,2865037,1000,True,0.1246703639626503
2282,2862150,1000,True,0.1246703639626503
2283,2869163,1000,True,0.1246703639626503
2284,2866403,1000,True,0.1246703639626503
2285,2869160,1000,True,0.1246703639626503
2286,2864334,1000,True,0.1246703639626503
2287,2864820,1000,True,0.1246703639626503
2288,2864511,1000,True,0.1246703639626503
2289,2865382,1000,True,0.1246703639626503
2290,3148686,1000,True,0.1246703639626503
2291,2866365,1000,True,0.1246703639626503
2292,2862464,1000,True,0.1246703639626503
2293,2866158,1000,True,0.1246703639626503
2294,2863244,1000,True,0.1246703639626503
2295,2866582,1000,True,0.1246703639626503
2296,2867413,1000,True,0.1246703639626503
2297,2863414,1000,True,0.1246703639626503
2298,2866561,1000,True,0.1246703639626503
2299,2867767,1000,True,0.1246703639626503
2300,2867369,1000,True,0.1246703639626503
2301,2866113,1000,True,0.1246703639626503
2302,2863871,1000,True,0.1246703639626503
2303,2866094,1000,True,0.1246703639626503
2304,2867720,1000,True,0.1246703639626503
2305,3156159,1000,True,0.1246703639626503
2306,2865807,1000,True,0.1246703639626503
2307,2865513,1000,True,0.1246703639626503
2308,2864619,1000,True,0.1246703639626503
2309,2865850,1000,True,0.1246703639626503
2310,2865785,1000,True,0.1246703639626503
2311,2866991,1000,True,0.1246703639626503
2312,2867745,1000,True,0.1246703639626503
2313,2865408,1000,True,0.1246703639626503
2314,2863327,1000,True,0.1246703639626503
2315,2866659,1000,True,0.1246703639626503
2316,2866195,1000,True,0.1246703639626503
2317,2865199,1000,True,0.1246703639626503
2318,2868405,1000,True,0.1246703639626503
2319,3156974,1000,True,0.1246703639626503
2320,2867789,1000,True,0.1246703639626503
2321,2866257,1000,True,0.1246703639626503
2322,2864866,1000,True,0.1246703639626503
2323,2866291,1000,True,0.1246703639626503
2324,2865799,1000,True,0.1246703639626503
2325,2870296,1000,True,0.1246703639626503
2326,2867225,1000,True,0.1246703639626503
2327,2865450,1000,True,0.1246703639626503
2328,2864705,1000,True,0.1246703639626503
2329,2867500,1000,True,0.1246703639626503
2330,3158408,1000,True,0.1246703639626503
2331,2866892,1000,True,0.1246703639626503
2332,2865182,1000,True,0.1246703639626503
2333,2864832,1000,True,0.1246703639626503
2334,2862454,1000,True,0.1246703639626503
2335,2864777,1000,True,0.1246703639626503
2336,2867891,1000,True,0.1246703639626503
2337,2865049,1000,True,0.1246703639626503
2338,2865660,1000,True,0.1246703639626503
2339,2865166,1000,True,0.1246703639626503
2340,2863585,1000,True,0.1246703639626503
2341,2867601,1000,True,0.1246703639626503
2342,2863152,1000,True,0.1246703639626503
2343,2867293,1000,True,0.1246703639626503
2344,3155731,1000,True,0.1246703639626503
2345,2866629,1000,True,0.1246703639626503
2346,2866388,1000,True,0.1246703639626503
2347,2867529,1000,True,0.1246703639626503
2348,2863124,1000,True,0.1246703639626503
2349,2865568,1000,True,0.1246703639626503
2350,2863624,1000,True,0.1246703639626503
2351,2867856,1000,True,0.1246703639626503
2352,2868000,1000,True,0.1246703639626503
2353,2868790,1000,True,0.1246703639626503
2354,2864011,1000,True,0.1246703639626503
2355,2866818,1000,True,0.1246703639626503
2356,2865732,1000,True,0.1246703639626503
2357,2864215,1000,True,0.1246703639626503
2358,2863818,1000,True,0.1246703639626503
2359,3156041,1000,True,0.1246703639626503
2360,2864119,1000,True,0.1246703639626503
2361,2866360,1000,True,0.1246703639626503
2362,2866466,1000,True,0.1246703639626503
2363,2868257,1000,True,0.1246703639626503
2364,2864580,1000,True,0.1246703639626503
2365,2864610,1000,True,0.1246703639626503
2366,2868478,1000,True,0.1246703639626503
2367,2867279,1000,True,0.1246703639626503
2368,2863906,1000,True,0.1246703639626503
2369,2866565,1000,True,0.1246703639626503
2370,2863921,1000,True,0.1246703639626503
2371,2870304,1000,True,0.1246703639626503
2372,2864630,1000,True,0.1246703639626503
2373,3154467,1000,True,0.1246703639626503
2374,2865147,1000,True,0.1246703639626503
2375,2865066,1000,True,0.1246703639626503
2376,2863472,1000,True,0.1246703639626503
2377,2865018,1000,True,0.1246703639626503
2378,2864901,1000,True,0.1246703639626503
2379,2867491,1000,True,0.1246703639626503
2380,2864488,1000,True,0.1246703639626503
2381,2863086,1000,True,0.1246703639626503
2382,2865011,1000,True,0.1246703639626503
2383,2865477,1000,True,0.1246703639626503
2384,2865412,1000,True,0.1246703639626503
2385,2866437,1000,True,0.1246703639626503
2386,2863552,1000,True,0.1246703639626503
2387,3162162,1000,True,0.1246703639626503
2388,2868740,1000,True,0.1246703639626503
2389,2867452,1000,True,0.1246703639626503
2390,2863001,1000,True,0.1246703639626503
2391,2869714,1000,True,0.1246703639626503
2392,2866300,1000,True,0.1246703639626503
2393,2865090,1000,True,0.1246703639626503
2394,2865578,1000,True,0.1246703639626503
2395,2866246,1000,True,0.1246703639626503
2396,2864541,1000,True,0.1246703639626503
2397,2863715,1000,True,0.1246703639626503
2398,2862835,1000,True,0.1246703639626503
2399,2866456,1000,True,0.1246703639626503
2400,2864862,1000,True,0.1246703639626503
2401,2867666,1000,True,0.1246703639626503
2402,3153838,1000,True,0.1246703639626503
2403,2866179,1000,True,0.1246703639626503
2404,2867058,1000,True,0.1246703639626503
2405,2863881,1000,True,0.1246703639626503
2406,2866534,1000,True,0.1246703639626503
2407,2866069,1000,True,0.1246703639626503
2408,2865115,1000,True,0.1246703639626503
2409,2863758,1000,True,0.1246703639626503
2410,2865686,1000,True,0.1246703639626503
2411,2864899,1000,True,0.1246703639626503
2412,2864647,1000,True,0.1246703639626503
2413,2865504,1000,True,0.1246703639626503
2414,2865929,1000,True,0.1246703639626503
2415,2868306,1000,True,0.1246703639626503
2416,3157931,1000,True,0.1246703639626503
2417,2863043,1000,True,0.1246703639626503
2418,2867305,1000,True,0.1246703639626503
2419,2866330,1000,True,0.1246703639626503
2420,2864682,1000,True,0.1246703639626503
2421,2860248,1000,True,0.1246703639626503
2422,2868917,1000,True,0.1246703639626503
2423,2866094,1000,True,0.1246703639626503
2424,2863794,1000,True,0.1246703639626503
2425,2862224,1000,True,0.1246703639626503
2426,2868474,1000,True,0.1246703639626503
2427,3159773,1000,True,0.1246703639626503
2428,2868788,1000,True,0.1246703639626503
2429,2866924,1000,True,0.1246703639626503
2430,2862041,1000,True,0.1246703639626503
2431,2868600,1000,True,0.1246703639626503
2432,2863647,1000,True,0.1246703639626503
2433,2867896,1000,True,0.1246703639626503
2434,2864730,1000,True,0.1246703639626503
2435,2865319,1000,True,0.1246703639626503
2436,2865000,1000,True,0.1246703639626503
2437,2865398,1000,True,0.1246703639626503
2438,2866335,1000,True,0.1246703639626503
2439,2866288,1000,True,0.1246703639626503
2440,2864926,1000,True,0.1246703639626503
2441,3153967,1000,True,0.1246703639626503
2442,2867510,1000,True,0.1246703639626503
2443,2865749,1000,True,0.1246703639626503
2444,2866409,1000,True,0.1246703639626503
2445,2864109,1000,True,0.1246703639626503
2446,2863530,1000,True,0.1246703639626503
2447,2868919,1000,True,0.1246703639626503
2448,2866723,1000,True,0.1246703639626503
2449,2863228,1000,True,0.1246703639626503
2450,2864597,1000,True,0.1246703639626503
2451,2864494,1000,True,0.1246703639626503
2452,2867646,1000,True,0.1246703639626503
2453,2863399,1000,True,0.1246703639626503
2454,2866342,1000,True,0.1246703639626503
2455,3156937,1000,True,0.1246703639626503
2456,2870253,1000,True,0.1246703639626503
2457,2865784,1000,True,0.1246703639626503
2458,2866559,1000,True,0.1246703639626503
2459,2867959,1000,True,0.1246703639626503
2460,2866135,1000,True,0.1246703639626503
2461,2866311,1000,True,0.1246703639626503
2462,2868106,1000,True,0.1246703639626503
2463,2871555,1000,True,0.1246703639626503
2464,2863288,1000,True,0.1246703639626503
2465,2863829,1000,True,0.1246703639626503
2466,2867012,1000,True,0.1246703639626503
2467,2866809,1000,True,0.1246703639626503
2468,2862249,1000,True,0.1246703639626503
2469,2864137,1000,True,0.1246703639626503
2470,3156141,1000,True,0.1246703639626503
2471,2866954,1000,True,0.1246703639626503
2472,2865126,1000,True,0.1246703639626503
2473,2867001,1000,True,0.1246703639626503
2474,2864179,1000,True,0.1246703639626503
2475,2863733,1000,True,0.1246703639626503
2476,2863134,1000,True,0.1246703639626503
2477,2868824,1000,True,0.1246703639626503
2478,2865656,1000,True,0.1246703639626503
2479,2865498,1000,True,0.1246703639626503
2480,2866039,1000,True,0.1246703639626503
2481,2867691,1000,True,0.1246703639626503
2482,2865349,1000,True,0.1246703639626503
2483,2866371,1000,True,0.1246703639626503
2484,3158541,1000,True,0.1246703639626503
2485,2867030,1000,True,0.1246703639626503
2486,2864279,1000,True,0.1246703639626503
2487,2866186,1000,True,0.1246703639626503
2488,2867253,1000,True,0.1246703639626503
2489,2864032,1000,True,0.1246703639626503
2490,2864998,1000,True,0.1246703639626503
2491,2863039,1000,True,0.1246703639626503
2492,2866035,1000,True,0.1246703639626503
2493,2865197,1000,True,0.1246703639626503
2494,2863480,1000,True,0.1246703639626503
2495,2864941,1000,True,0.1246703639626503
2496,2866795,1000,True,0.1246703639626503
2497,2866489,1000,True,0.1246703639626503
2498,3158819,1000,True,0.1246703639626503
2499,2867379,1000,True,0.1246703639626503
2500,2863962,1000,True,0.1246703639626503
2501,2867139,1000,True,0.1246703639626503
2502,2864442,1000,True,0.1246703639626503
2503,2867888,1000,True,0.1246703639626503
2504,2864764,1000,True,0.1246703639626503
2505,2865284,1000,True,0.1246703639626503
2506,2865079,1000,True,0.1246703639626503
2507,2864968,1000,True,0.1246703639626503
2508,2866702,1000,True,0.1246703639626503
2509,2864487,1000,True,0.1246703639626503
2510,2867106,1000,True,0.1246703639626503
2511,2867841,1000,True,0.1246703639626503
2512,2865833,1000,True,0.1246703639626503
2513,3151629,1000,True,0.1246703639626503
2514,2868347,1000,True,0.1246703639626503
2515,2864785,1000,True,0.1246703639626503
2516,2864513,1000,True,0.1246703639626503
2517,2865305,1000,True,0.1246703639626503
2518,2865874,1000,True,0.1246703639626503
2519,2865602,1000,True,0.1246703639626503
2520,2863040,1000,True,0.1246703639626503
2521,3222369,1000,True,0.1246703639626503
2522,2865362,1000,True,0.1246703639626503
2523,3160184,1000,True,0.1246703639626503
2524,2867441,1000,True,0.1246703639626503
2525,2864954,1000,True,0.1246703639626503
2526,2867892,1000,True,0.1246703639626503
2527,2867215,1000,True,0.1246703639626503
2528,2864469,1000,True,0.1246703639626503
2529,2864478,1000,True,0.1246703639626503
2530,2862980,1000,True,0.1246703639626503
2531,2868783,1000,True,0.1246703639626503
2532,2868403,1000,True,0.1246703639626503
2533,2867186,1000,True,0.1246703639626503
2534,2865658,1000,True,0.1246703639626503
2535,2868727,1000,True,0.1246703639626503
2536,2871535,1000,True,0.1246703639626503
2537,2865616,1000,True,0.1246703639626503
2538,3156262,1000,True,0.1246703639626503
2539,2864454,1000,True,0.1246703639626503
2540,2864281,1000,True,0.1246703639626503
2541,2864084,1000,True,0.1246703639626503
2542,2865836,1000,True,0.1246703639626503
2543,2865172,1000,True,0.1246703639626503
2544,2864317,1000,True,0.1246703639626503
2545,2866582,1000,True,0.1246703639626503
2546,2863318,1000,True,0.1246703639626503
2547,2864494,1000,True,0.1246703639626503
2548,2863239,1000,True,0.1246703639626503
2549,2862193,1000,True,0.1246703639626503
2550,2867530,1000,True,0.1246703639626503
2551,2864985,1000,True,0.1246703639626503
2552,3156610,1000,True,0.1246703639626503
2553,2869499,1000,True,0.1246703639626503
2554,2866516,1000,True,0.1246703639626503
2555,2863860,1000,True,0.1246703639626503
2556,2864043,1000,True,0.1246703639626503
2557,2864944,1000,True,0.1246703639626503
2558,2864851,1000,True,0.1246703639626503
2559,2865975,1000,True,0.1246703639626503
2560,2864557,1000,True,0.1246703639626503
2561,2868603,1000,True,0.1246703639626503
2562,2865556,1000,True,0.1246703639626503
2563,2868348,1000,True,0.1246703639626503
2564,2863897,1000,True,0.1246703639626503
2565,2863927,1000,True,0.1246703639626503
2566,2864439,1000,True,0.1246703639626503
2567,3152157,1000,True,0.1246703639626503
2568,2869195,1000,True,0.1246703639626503
2569,2864777,1000,True,0.1246703639626503
2570,2865047,1000,True,0.1246703639626503
2571,2867780,1000,True,0.1246703639626503
2572,2864270,1000,True,0.1246703639626503
2573,2863187,1000,True,0.1246703639626503
2574,2996673,1000,True,0.1246703639626503
2575,2869837,1000,True,0.1246703639626503
2576,2864708,1000,True,0.1246703639626503
2577,2865583,1000,True,0.1246703639626503
2578,2864271,1000,True,0.1246703639626503
2579,2867749,1000,True,0.1246703639626503
2580,2865509,1000,True,0.1246703639626503
2581,3156320,1000,True,0.1246703639626503
2582,2864628,1000,True,0.1246703639626503
2583,2865414,1000,True,0.1246703639626503
2584,2863884,1000,True,0.1246703639626503
2585,2865250,1000,True,0.1246703639626503
2586,2864358,1000,True,0.1246703639626503
2587,2865962,1000,True,0.1246703639626503
2588,2870022,1000,True,0.1246703639626503
2589,2864491,1000,True,0.1246703639626503
2590,2864162,1000,True,0.1246703639626503
2591,2866622,1000,True,0.1246703639626503
2592,2864319,1000,True,0.1246703639626503
2593,2864128,1000,True,0.1246703639626503
2594,2864684,1000,True,0.1246703639626503
2595,2865738,1000,True,0.1246703639626503
2596,3162893,1000,True,0.1246703639626503
2597,2863903,1000,True,0.1246703639626503
2598,2864919,1000,True,0.1246703639626503
2599,2870033,1000,True,0.1246703639626503
2600,2862534,1000,True,0.1246703639626503
2601,2864934,1000,True,0.1246703639626503
2602,2866986,1000,True,0.1246703639626503
2603,2868099,1000,True,0.1246703639626503
2604,2864743,1000,True,0.1246703639626503
2605,2867257,1000,True,0.1246703639626503
2606,3158544,1000,True,0.1246703639626503
2607,2871283,1000,True,0.1246703639626503
2608,2864304,1000,True,0.1246703639626503
2609,2865838,1000,True,0.1246703639626503
2610,2862888,1000,True,0.1246703639626503
2611,2867603,1000,True,0.1246703639626503
2612,2865002,1000,True,0.1246703639626503
2613,2865084,1000,True,0.1246703639626503
2614,2866461,1000,True,0.1246703639626503
2615,2866572,1000,True,0.1246703639626503
2616,2865544,1000,True,0.1246703639626503
2617,2864328,1000,True,0.1246703639626503
2618,2869068,1000,True,0.1246703639626503
2619,2865544,1000,True,0.1246703639626503
2620,2866462,1000,True,0.1246703639626503
2621,3151399,1000,True,0.1246703639626503
2622,2865238,1000,True,0.1246703639626503
2623,2865867,1000,True,0.1246703639626503
2624,2867255,1000,True,0.1246703639626503
2625,2865125,1000,True,0.1246703639626503
2626,2863809,1000,True,0.1246703639626503
2627,2866513,1000,True,0.1246703639626503
2628,2866784,1000,True,0.1246703639626503
2629,2864321,1000,True,0.1246703639626503
2630,2864384,1000,True,0.1246703639626503
2631,2864662,1000,True,0.1246703639626503
2632,2867455,1000,True,0.1246703639626503
2633,2865732,1000,True,0.1246703639626503
2634,2864350,1000,True,0.1246703639626503
2635,3160641,1000,True,0.1246703639626503
2636,2869097,1000,True,0.1246703639626503
2637,2864858,1000,True,0.1246703639626503
2638,2864028,1000,True,0.1246703639626503
2639,2865223,1000,True,0.1246703639626503
2640,2864935,1000,True,0.1246703639626503
2641,2864500,1000,True,0.1246703639626503
2642,2865998,1000,True,0.1246703639626503
2643,2867644,1000,True,0.1246703639626503
2644,2863677,1000,True,0.1246703639626503
2645,2863753,1000,True,0.1246703639626503
2646,2863447,1000,True,0.1246703639626503
2647,2866663,1000,True,0.1246703639626503
2648,2864622,1000,True,0.1246703639626503
2649,2863273,1000,True,0.1246703639626503
2650,3155349,1000,True,0.1246703639626503
2651,2864671,1000,True,0.1246703639626503
2652,2864227,1000,True,0.1246703639626503
2653,2864655,1000,True,0.1246703639626503
2654,2863717,1000,True,0.1246703639626503
2655,2864421,1000,True,0.1246703639626503
2656,2862072,1000,True,0.1246703639626503
2657,2864128,1000,True,0.1246703639626503
2658,2865276,1000,True,0.1246703639626503
2659,2867370,1000,True,0.1246703639626503
2660,2864732,1000,True,0.1246703639626503
2661,2864114,1000,True,0.1246703639626503
2662,2862656,1000,True,0.1246703639626503
2663,2867209,1000,True,0.1246703639626503
2664,3159423,1000,True,0.1246703639626503
2665,2867374,1000,True,0.1246703639626503
2666,2862566,1000,True,0.1246703639626503
2667,2867077,1000,True,0.1246703639626503
2668,2866302,1000,True,0.1246703639626503
2669,2866299,1000,True,0.1246703639626503
2670,2863394,1000,True,0.1246703639626503
2671,2864712,1000,True,0.1246703639626503
2672,2868201,1000,True,0.1246703639626503
2673,2865309,1000,True,0.1246703639626503
2674,2864303,1000,True,0.1246703639626503
2675,2865633,1000,True,0.1246703639626503
2676,2864408,1000,True,0.1246703639626503
2677,2868332,1000,True,0.1246703639626503
2678,2864908,1000,True,0.1246703639626503
2679,3153615,1000,True,0.1246703639626503
2680,2865879,1000,True,0.1246703639626503
2681,2864333,1000,True,0.1246703639626503
2682,2863810,1000,True,0.1246703639626503
2683,2869320,1000,True,0.1246703639626503
2684,2865199,1000,True,0.1246703639626503
2685,2865141,1000,True,0.1246703639626503
2686,2864050,1000,True,0.1246703639626503
2687,2867253,1000,True,0.1246703639626503
2688,2865599,1000,True,0.1246703639626503
2689,2864886,1000,True,0.1246703639626503
2690,3155656,1000,True,0.1246703639626503
2691,2867973,1000,True,0.1246703639626503
2692,2867565,1000,True,0.1246703639626503
2693,2863797,1000,True,0.1246703639626503
2694,2863141,1000,True,0.1246703639626503
2695,2867119,1000,True,0.1246703639626503
2696,2865233,1000,True,0.1246703639626503
2697,2865011,1000,True,0.1246703639626503
2698,2863932,1000,True,0.1246703639626503
2699,2866417,1000,True,0.1246703639626503
2700,2865088,1000,True,0.1246703639626503
2701,2863848,1000,True,0.1246703639626503
2702,2862882,1000,True,0.1246703639626503
2703,2863823,1000,True,0.1246703639626503
2704,3158452,1000,True,0.1246703639626503
2705,2866277,1000,True,0.1246703639626503
2706,2865533,1000,True,0.1246703639626503
2707,2865404,1000,True,0.1246703639626503
2708,2865508,1000,True,0.1246703639626503
2709,2870128,1000,True,0.1246703639626503
2710,2862182,1000,True,0.1246703639626503
2711,2867048,1000,True,0.1246703639626503
2712,2867002,1000,True,0.1246703639626503
2713,2865565,1000,True,0.1246703639626503
2714,2866505,1000,True,0.1246703639626503
2715,2865813,1000,True,0.1246703639626503
2716,2867229,1000,True,0.1246703639626503
2717,2867011,1000,True,0.1246703639626503
2718,3162126,1000,True,0.1246703639626503
2719,2870503,1000,True,0.1246703639626503
2720,2867148,1000,True,0.1246703639626503
2721,2864306,1000,True,0.1246703639626503
2722,2862084,1000,True,0.1246703639626503
2723,2865334,1000,True,0.1246703639626503
2724,2864022,1000,True,0.1246703639626503
2725,2864955,1000,True,0.1246703639626503
2726,2866293,1000,True,0.1246703639626503
2727,2867826,1000,True,0.1246703639626503
2728,2866037,1000,True,0.1246703639626503
2729,2866905,1000,True,0.1246703639626503
2730,2865671,1000,True,0.1246703639626503
2731,2866987,1000,True,0.1246703639626503
2732,2865342,1000,True,0.1246703639626503
2733,3147929,1000,True,0.1246703639626503
2734,2864589,1000,True,0.1246703639626503
2735,2866064,1000,True,0.1246703639626503
2736,2863849,1000,True,0.1246703639626503
2737,2865379,1000,True,0.1246703639626503
2738,2864821,1000,True,0.1246703639626503
2739,2867395,1000,True,0.1246703639626503
2740,2864742,1000,True,0.1246703639626503
2741,2863321,1000,True,0.1246703639626503
2742,2865839,1000,True,0.1246703639626503
2743,2865225,1000,True,0.1246703639626503
2744,2867992,1000,True,0.1246703639626503
2745,2866735,1000,True,0.1246703639626503
2746,2869455,1000,True,0.1246703639626503
2747,3160665,1000,True,0.1246703639626503
2748,2867491,1000,True,0.1246703639626503
2749,2864499,1000,True,0.1246703639626503
2750,2867698,1000,True,0.1246703639626503
2751,2867300,1000,True,0.1246703639626503
2752,2861916,1000,True,0.1246703639626503
2753,2865458,1000,True,0.1246703639626503
2754,2864419,1000,True,0.1246703639626503
2755,2868232,1000,True,0.1246703639626503
2756,2864032,1000,True,0.1246703639626503
2757,2864228,1000,True,0.1246703639626503
2758,2864956,1000,True,0.1246703639626503
2759,2868544,1000,True,0.1246703639626503
2760,2864356,1000,True,0.1246703639626503
2761,2865845,1000,True,0.1246703639626503
2762,3156611,1000,True,0.1246703639626503
2763,2866969,1000,True,0.1246703639626503
2764,2865904,1000,True,0.1246703639626503
2765,2864185,1000,True,0.1246703639626503
2766,2865993,1000,True,0.1246703639626503
2767,2865840,1000,True,0.1246703639626503
2768,2863756,1000,True,0.1246703639626503
2769,2865810,1000,True,0.1246703639626503
2770,2863655,1000,True,0.1246703639626503
2771,2866220,1000,True,0.1246703639626503
2772,3151055,1000,True,0.1246703639626503
2773,2867223,1000,True,0.1246703639626503
2774,2867223,1000,True,0.1246703639626503
2775,2864652,1000,True,0.1246703639626503
2776,2863164,1000,True,0.1246703639626503
2777,2863967,1000,True,0.1246703639626503
2778,2869826,1000,True,0.1246703639626503
2779,2869141,1000,True,0.1246703639626503
2780,2865788,1000,True,0.1246703639626503
2781,2869057,1000,True,0.1246703639626503
2782,2863297,1000,True,0.1246703639626503
2783,2868087,1000,True,0.1246703639626503
2784,2865829,1000,True,0.1246703639626503
2785,2867076,1000,True,0.1246703639626503
2786,2865770,1000,True,0.1246703639626503
2787,3151804,1000,True,0.1246703639626503
2788,2867606,1000,True,0.1246703639626503
2789,2864558,1000,True,0.1246703639626503
2790,2866387,1000,True,0.1246703639626503
2791,2867252,1000,True,0.1246703639626503
2792,2868161,1000,True,0.1246703639626503
2793,2866717,1000,True,0.1246703639626503
2794,2866894,1000,True,0.1246703639626503
2795,2866101,1000,True,0.1246703639626503
2796,2865489,1000,True,0.1246703639626503
2797,2863900,1000,True,0.1246703639626503
2798,2866106,1000,True,0.1246703639626503
2799,2868157,1000,True,0.1246703639626503
2800,2863620,1000,True,0.1246703639626503
2801,3178915,1000,True,0.1246703639626503
2802,2867239,1000,True,0.1246703639626503
2803,2865391,1000,True,0.1246703639626503
2804,2864726,1000,True,0.1246703639626503
2805,2864356,1000,True,0.1246703639626503
2806,2865422,1000,True,0.1246703639626503
2807,2866640,1000,True,0.1246703639626503
2808,2865734,1000,True,0.1246703639626503
2809,2864455,1000,True,0.1246703639626503
2810,2863372,1000,True,0.1246703639626503
2811,2866067,1000,True,0.1246703639626503
2812,2866742,1000,True,0.1246703639626503
2813,2868564,1000,True,0.1246703639626503
2814,2868994,1000,True,0.1246703639626503
2815,2871920,1000,True,0.1246703639626503
2816,3173845,1000,True,0.1246703639626503
2817,2864031,1000,True,0.1246703639626503
2818,2865177,1000,True,0.1246703639626503
2819,2868316,1000,True,0.1246703639626503
2820,2867031,1000,True,0.1246703639626503
2821,2865699,1000,True,0.1246703639626503
2822,2865504,1000,True,0.1246703639626503
2823,2864144,1000,True,0.1246703639626503
2824,2867295,1000,True,0.1246703639626503
2825,2865749,1000,True,0.1246703639626503
2826,2864815,1000,True,0.1246703639626503
2827,2865891,1000,True,0.1246703639626503
2828,2866947,1000,True,0.1246703639626503
2829,2868387,1000,True,0.1246703639626503
2830,3160491,1000,True,0.1246703639626503
2831,2866177,1000,True,0.1246703639626503
2832,2867658,1000,True,0.1246703639626503
2833,2866386,1000,True,0.1246703639626503
2834,2866451,1000,True,0.1246703639626503
2835,2868825,1000,True,0.1246703639626503
2836,2864688,1000,True,0.1246703639626503
2837,2865545,1000,True,0.1246703639626503
2838,2864969,1000,True,0.1246703639626503
2839,2879021,1000,True,0.1246703639626503
2840,2870614,1000,True,0.1246703639626503
2841,2867233,1000,True,0.1246703639626503
2842,2864265,1000,True,0.1246703639626503
2843,2867978,1000,True,0.1246703639626503
2844,3158796,1000,True,0.1246703639626503
2845,2868125,1000,True,0.1246703639626503
2846,2867102,1000,True,0.1246703639626503
2847,2867148,1000,True,0.1246703639626503
2848,2866977,1000,True,0.1246703639626503
2849,2868310,1000,True,0.1246703639626503
2850,2868043,1000,True,0.1246703639626503
2851,2868855,1000,True,0.1246703639626503
2852,2865399,1000,True,0.1246703639626503
2853,2864407,1000,True,0.1246703639626503
2854,2864765,1000,True,0.1246703639626503
2855,3158191,1000,True,0.1246703639626503
2856,2868134,1000,True,0.1246703639626503
2857,2868344,1000,True,0.1246703639626503
2858,2866965,1000,True,0.1246703639626503
2859,2866455,1000,True,0.1246703639626503
2860,2864424,1000,True,0.1246703639626503
2861,2864907,1000,True,0.1246703639626503
2862,2866109,1000,True,0.1246703639626503
2863,2866712,1000,True,0.1246703639626503
2864,2862905,1000,True,0.1246703639626503
2865,2868512,1000,True,0.1246703639626503
2866,3474177,1000,True,0.1246703639626503
2867,2871300,1000,True,0.1246703639626503
2868,2864351,1000,True,0.1246703639626503
2869,3161092,1000,True,0.1246703639626503
2870,2866662,1000,True,0.1246703639626503
2871,2866594,1000,True,0.1246703639626503
2872,2865490,1000,True,0.1246703639626503
2873,2864760,1000,True,0.1246703639626503
2874,2864183,1000,True,0.1246703639626503
2875,2867891,1000,True,0.1246703639626503
2876,2866700,1000,True,0.1246703639626503
2877,2864813,1000,True,0.1246703639626503
2878,2862619,1000,True,0.1246703639626503
2879,2865387,1000,True,0.1246703639626503
2880,2864552,1000,True,0.1246703639626503
2881,2866178,1000,True,0.1246703639626503
2882,2865288,1000,True,0.1246703639626503
2883,2867810,1000,True,0.1246703639626503
2884,3159915,1000,True,0.1246703639626503
2885,2868079,1000,True,0.1246703639626503
2886,2864960,1000,True,0.1246703639626503
2887,2866141,1000,True,0.1246703639626503
2888,2867383,1000,True,0.1246703639626503
2889,2866304,1000,True,0.1246703639626503
2890,2867310,1000,True,0.1246703639626503
2891,2864572,1000,True,0.1246703639626503
2892,2866415,1000,True,0.1246703639626503
2893,2866570,1000,True,0.1246703639626503
2894,2865992,1000,True,0.1246703639626503
2895,2865702,1000,True,0.1246703639626503
2896,2861567,1000,True,0.1246703639626503
2897,2862759,1000,True,0.1246703639626503
2898,3157834,1000,True,0.1246703639626503
2899,2871550,1000,True,0.1246703639626503
2900,2865276,1000,True,0.1246703639626503
2901,2864950,1000,True,0.1246703639626503
2902,2864787,1000,True,0.1246703639626503
2903,2867399,1000,True,0.1246703639626503
2904,2863765,1000,True,0.1246703639626503
2905,2864733,1000,True,0.1246703639626503
2906,2863564,1000,True,0.1246703639626503
2907,2867484,1000,True,0.1246703639626503
2908,2864830,1000,True,0.1246703639626503
2909,2864157,1000,True,0.1246703639626503
2910,2863746,1000,True,0.1246703639626503
2911,2869374,1000,True,0.1246703639626503
2912,2865317,1000,True,0.1246703639626503
2913,3155079,1000,True,0.1246703639626503
2914,2864942,1000,True,0.1246703639626503
2915,2867198,1000,True,0.1246703639626503
2916,2863051,1000,True,0.1246703639626503
2917,2866343,1000,True,0.1246703639626503
2918,2867312,1000,True,0.1246703639626503
2919,2866990,1000,True,0.1246703639626503
2920,2867579,1000,True,0.1246703639626503
2921,2862921,1000,True,0.1246703639626503
2922,2866355,1000,True,0.1246703639626503
2923,2867103,1000,True,0.1246703639626503
2924,2865888,1000,True,0.1246703639626503
2925,2866302,1000,True,0.1246703639626503
2926,2864689,1000,True,0.1246703639626503
2927,3160231,1000,True,0.1246703639626503
2928,2868347,1000,True,0.1246703639626503
2929,2868426,1000,True,0.1246703639626503
2930,2865621,1000,True,0.1246703639626503
2931,2868814,1000,True,0.1246703639626503
2932,2864577,1000,True,0.1246703639626503
2933,2863385,1000,True,0.1246703639626503
2934,2864343,1000,True,0.1246703639626503
2935,2866690,1000,True,0.1246703639626503
2936,2864947,1000,True,0.1246703639626503
2937,2866563,1000,True,0.1246703639626503
2938,3161304,1000,True,0.1246703639626503
2939,2867457,1000,True,0.1246703639626503
2940,2864041,1000,True,0.1246703639626503
2941,2865886,1000,True,0.1246703639626503
2942,2865671,1000,True,0.1246703639626503
2943,2866235,1000,True,0.1246703639626503
2944,2863084,1000,True,0.1246703639626503
2945,2863954,1000,True,0.1246703639626503
2946,2863697,1000,True,0.1246703639626503
2947,2864304,1000,True,0.1246703639626503
2948,2867357,1000,True,0.1246703639626503
2949,2865597,1000,True,0.1246703639626503
2950,2863952,1000,True,0.1246703639626503
2951,2864064,1000,True,0.1246703639626503
2952,2866630,1000,True,0.1246703639626503
2953,3153041,1000,True,0.1246703639626503
2954,2865425,1000,True,0.1246703639626503
2955,2867300,1000,True,0.1246703639626503
2956,2865035,1000,True,0.1246703639626503
2957,2866099,1000,True,0.1246703639626503
2958,2865188,1000,True,0.1246703639626503
2959,2867124,1000,True,0.1246703639626503
2960,2865935,1000,True,0.1246703639626503
2961,2863840,1000,True,0.1246703639626503
2962,2868117,1000,True,0.1246703639626503
2963,2865088,1000,True,0.1246703639626503
2964,2865626,1000,True,0.1246703639626503
2965,2865967,1000,True,0.1246703639626503
2966,2862851,1000,True,0.1246703639626503
2967,3157619,1000,True,0.1246703639626503
2968,2864293,1000,True,0.1246703639626503
2969,2867482,1000,True,0.1246703639626503
2970,2865318,1000,True,0.1246703639626503
2971,2868374,1000,True,0.1246703639626503
2972,2864087,1000,True,0.1246703639626503
2973,2866608,1000,True,0.1246703639626503
2974,2865806,1000,True,0.1246703639626503
2975,2867346,1000,True,0.1246703639626503
2976,2868260,1000,True,0.1246703639626503
2977,2862803,1000,True,0.1246703639626503
2978,2863844,1000,True,0.1246703639626503
2979,2865550,1000,True,0.1246703639626503
2980,2862411,1000,True,0.1246703639626503
2981,3157606,1000,True,0.1246703639626503
2982,2867086,1000,True,0.1246703639626503
2983,2866817,1000,True,0.1246703639626503
2984,2863840,1000,True,0.1246703639626503
2985,2867104,1000,True,0.1246703639626503
2986,2863877,1000,True,0.1246703639626503
2987,2866580,1000,True,0.1246703639626503
2988,2866112,1000,True,0.1246703639626503
2989,2864157,1000,True,0.1246703639626503
2990,2866825,1000,True,0.1246703639626503
2991,2870040,1000,True,0.1246703639626503
2992,2868005,1000,True,0.1246703639626503
2993,2865711,1000,True,0.1246703639626503
2994,2863860,1000,True,0.1246703639626503
2995,2869168,1000,True,0.1246703639626503
2996,3151793,1000,True,0.1246703639626503
2997,2863828,1000,True,0.1246703639626503
2998,2867343,1000,True,0.1246703639626503
2999,2868986,1000,True,0.1246703639626503
3000,2867074,1000,True,0.1246703639626503
3001,2864828,1000,True,0.1246703639626503
3002,2864423,1000,True,0.1246703639626503
3003,2868196,1000,True,0.1246703639626503
3004,2864267,1000,True,0.1246703639626503
3005,2865492,1000,True,0.1246703639626503
3006,2865043,1000,True,0.1246703639626503
3007,2864419,1000,True,0.1246703639626503
3008,2865370,1000,True,0.1246703639626503
3009,2864758,1000,True,0.1246703639626503
3010,3155114,1000,True,0.1246703639626503
3011,2865905,1000,True,0.1246703639626503
3012,2862410,1000,True,0.1246703639626503
3013,2867098,1000,True,0.1246703639626503
3014,2866310,1000,True,0.1246703639626503
3015,2868847,1000,True,0.1246703639626503
3016,2866776,1000,True,0.1246703639626503
3017,2863929,1000,True,0.1246703639626503
3018,2865814,1000,True,0.1246703639626503
3019,2865326,1000,True,0.1246703639626503
3020,2865726,1000,True,0.1246703639626503
3021,3165021,1000,True,0.1246703639626503
3022,2867945,1000,True,0.1246703639626503
3023,2867244,1000,True,0.1246703639626503
3024,2866480,1000,True,0.1246703639626503
3025,2866412,1000,True,0.1246703639626503
3026,2866166,1000,True,0.1246703639626503
3027,2867507,1000,True,0.1246703639626503
3028,2866307,1000,True,0.1246703639626503
3029,2870999,1000,True,0.1246703639626503
3030,2865893,1000,True,0.1246703639626503
3031,2866966,1000,True,0.1246703639626503
3032,2866660,1000,True,0.1246703639626503
3033,2864765,1000,True,0.1246703639626503
3034,2865419,1000,True,0.1246703639626503
3035,2865994,1000,True,0.1246703639626503
3036,3154967,1000,True,0.1246703639626503
3037,2865299,1000,True,0.1246703639626503
3038,2866382,1000,True,0.1246703639626503
3039,2865633,1000,True,0.1246703639626503
3040,2870556,1000,True,0.1246703639626503
3041,2866223,1000,True,0.1246703639626503
3042,2863462,1000,True,0.1246703639626503
3043,2867928,1000,True,0.1246703639626503
3044,2868673,1000,True,0.1246703639626503
3045,2866707,1000,True,0.1246703639626503
3046,2862189,1000,True,0.1246703639626503
3047,2867757,1000,True,0.1246703639626503
3048,2868944,1000,True,0.1246703639626503
3049,2862498,1000,True,0.1246703639626503
3050,3158770,1000,True,0.1246703639626503
3051,2869583,1000,True,0.1246703639626503
3052,2870310,1000,True,0.1246703639626503
3053,2864787,1000,True,0.1246703639626503
3054,2877098,1000,True,0.1246703639626503
3055,2866293,1000,True,0.1246703639626503
3056,2865219,1000,True,0.1246703639626503
3057,2866044,1000,True,0.1246703639626503
3058,2866227,1000,True,0.1246703639626503
3059,2869244,1000,True,0.1246703639626503
3060,2865086,1000,True,0.1246703639626503
3061,2867298,1000,True,0.1246703639626503
3062,2876682,1000,True,0.1246703639626503
3063,2866170,1000,True,0.1246703639626503
3064,3156895,1000,True,0.1246703639626503
3065,2870447,1000,True,0.1246703639626503
3066,2862835,1000,True,0.1246703639626503
3067,2863756,1000,True,0.1246703639626503
3068,2864380,1000,True,0.1246703639626503
3069,2864936,1000,True,0.1246703639626503
3070,2870058,1000,True,0.1246703639626503
3071,2867097,1000,True,0.1246703639626503
3072,2866500,1000,True,0.1246703639626503
3073,2864315,1000,True,0.1246703639626503
3074,2864638,1000,True,0.1246703639626503
3075,2864314,1000,True,0.1246703639626503
3076,2865013,1000,True,0.1246703639626503
3077,2867727,1000,True,0.1246703639626503
3078,2867376,1000,True,0.1246703639626503
3079,3157356,1000,True,0.1246703639626503
3080,2864718,1000,True,0.1246703639626503
3081,2863167,1000,True,0.1246703639626503
3082,2868795,1000,True,0.1246703639626503
3083,2864468,1000,True,0.1246703639626503
3084,2867555,1000,True,0.1246703639626503
3085,2865335,1000,True,0.1246703639626503
3086,2864333,1000,True,0.1246703639626503
3087,2866572,1000,True,0.1246703639626503
3088,2862849,1000,True,0.1246703639626503
3089,2868332,1000,True,0.1246703639626503
3090,2865266,1000,True,0.1246703639626503
3091,2865419,1000,True,0.1246703639626503
3092,2864188,1000,True,0.1246703639626503
3093,3154387,1000,True,0.1246703639626503
3094,2869212,1000,True,0.1246703639626503
3095,2868161,1000,True,0.1246703639626503
3096,2862580,1000,True,0.1246703639626503
3097,2861799,1000,True,0.1246703639626503
3098,2867418,1000,True,0.1246703639626503
3099,2866853,1000,True,0.1246703639626503
3100,2863877,1000,True,0.1246703639626503
3101,2864038,1000,True,0.1246703639626503
3102,2866109,1000,True,0.1246703639626503
3103,2869844,1000,True,0.1246703639626503
3104,3158105,1000,True,0.1246703639626503
3105,2866593,1000,True,0.1246703639626503
3106,2865691,1000,True,0.1246703639626503
3107,2865597,1000,True,0.1246703639626503
3108,2864046,1000,True,0.1246703639626503
3109,2866316,1000,True,0.1246703639626503
3110,2864957,1000,True,0.1246703639626503
3111,2866931,1000,True,0.1246703639626503
3112,2866683,1000,True,0.1246703639626503
3113,2865138,1000,True,0.1246703639626503
3114,2865818,1000,True,0.1246703639626503
3115,2867552,1000,True,0.1246703639626503
3116,2864028,1000,True,0.1246703639626503
3117,2868153,1000,True,0.1246703639626503
3118,2863847,1000,True,0.1246703639626503
3119,3153133,1000,True,0.1246703639626503
3120,2863629,1000,True,0.1246703639626503
3121,2865891,1000,True,0.1246703639626503
3122,2865850,1000,True,0.1246703639626503
3123,2866829,1000,True,0.1246703639626503
3124,2864212,1000,True,0.1246703639626503
3125,2863909,1000,True,0.1246703639626503
3126,2863669,1000,True,0.1246703639626503
3127,2865858,1000,True,0.1246703639626503
3128,2864417,1000,True,0.1246703639626503
3129,2866976,1000,True,0.1246703639626503
3130,2864514,1000,True,0.1246703639626503
3131,2865842,1000,True,0.1246703639626503
3132,2867052,1000,True,0.1246703639626503
3133,3157062,1000,True,0.1246703639626503
3134,2868869,1000,True,0.1246703639626503
3135,2874827,1000,True,0.1246703639626503
3136,2873128,1000,True,0.1246703639626503
3137,2869544,1000,True,0.1246703639626503
3138,2874230,1000,True,0.1246703639626503
3139,2875738,1000,True,0.1246703639626503
3140,2881656,1000,True,0.1246703639626503
3141,2881006,1000,True,0.1246703639626503
3142,2879133,1000,True,0.1246703639626503
3143,2870923,1000,True,0.1246703639626503
3144,2886286,1000,True,0.1246703639626503
3145,2867314,1000,True,0.1246703639626503
3146,2866410,1000,True,0.1246703639626503
3147,3170537,1000,True,0.1246703639626503
3148,2870592,1000,True,0.1246703639626503
3149,2869521,1000,True,0.1246703639626503
3150,2869587,1000,True,0.1246703639626503
3151,2875436,1000,True,0.1246703639626503
3152,2868762,1000,True,0.1246703639626503
3153,2865588,1000,True,0.1246703639626503
3154,2868196,1000,True,0.1246703639626503
3155,2868688,1000,True,0.1246703639626503
3156,2870968,1000,True,0.1246703639626503
3157,2868005,1000,True,0.1246703639626503
3158,2866627,1000,True,0.1246703639626503
3159,2865340,1000,True,0.1246703639626503
3160,2863411,1000,True,0.1246703639626503
3161,2869382,1000,True,0.1246703639626503
3162,3156645,1000,True,0.1246703639626503
3163,2868313,1000,True,0.1246703639626503
3164,2866952,1000,True,0.1246703639626503
3165,2866159,1000,True,0.1246703639626503
3166,2863037,1000,True,0.1246703639626503
3167,2870764,1000,True,0.1246703639626503
3168,2867093,1000,True,0.1246703639626503
3169,2867128,1000,True,0.1246703639626503
3170,2864849,1000,True,0.1246703639626503
3171,2866725,1000,True,0.1246703639626503
3172,2868328,1000,True,0.1246703639626503
3173,2865698,1000,True,0.1246703639626503
3174,2864959,1000,True,0.1246703639626503
3175,2866145,1000,True,0.1246703639626503
3176,3155731,1000,True,0.1246703639626503
3177,2869302,1000,True,0.1246703639626503
3178,2869488,1000,True,0.1246703639626503
3179,2866787,1000,True,0.1246703639626503
3180,2869976,1000,True,0.1246703639626503
3181,2869250,1000,True,0.1246703639626503
3182,2866442,1000,True,0.1246703639626503
3183,2869664,1000,True,0.1246703639626503
3184,2864717,1000,True,0.1246703639626503
3185,2864227,1000,True,0.1246703639626503
3186,2864156,1000,True,0.1246703639626503
3187,3163120,1000,True,0.1246703639626503
3188,2867003,1000,True,0.1246703639626503
3189,2866931,1000,True,0.1246703639626503
3190,2866760,1000,True,0.1246703639626503
3191,2866527,1000,True,0.1246703639626503
3192,2866074,1000,True,0.1246703639626503
3193,2865449,1000,True,0.1246703639626503
3194,2865776,1000,True,0.1246703639626503
3195,2865792,1000,True,0.1246703639626503
3196,2863176,1000,True,0.1246703639626503
3197,2866127,1000,True,0.1246703639626503
3198,2865167,1000,True,0.1246703639626503
3199,2866281,1000,True,0.1246703639626503
3200,2863955,1000,True,0.1246703639626503
3201,2865011,1000,True,0.1246703639626503
3202,3162799,1000,True,0.1246703639626503
3203,2867264,1000,True,0.1246703639626503
3204,2866258,1000,True,0.1246703639626503
3205,2864812,1000,True,0.1246703639626503
3206,2866766,1000,True,0.1246703639626503
3207,2864923,1000,True,0.1246703639626503
3208,2864477,1000,True,0.1246703639626503
3209,2866058,1000,True,0.1246703639626503
3210,3088805,1000,True,0.1246703639626503
3211,3134123,1000,True,0.1246703639626503
3212,2867684,1000,True,0.1246703639626503
3213,2863317,1000,True,0.1246703639626503
3214,2863882,1000,True,0.1246703639626503
3215,2865922,1000,True,0.1246703639626503
3216,3158275,1000,True,0.1246703639626503
3217,2865068,1000,True,0.1246703639626503
3218,2865639,1000,True,0.1246703639626503
3219,2868765,1000,True,0.1246703639626503
3220,2864344,1000,True,0.1246703639626503
3221,2864216,1000,True,0.1246703639626503
3222,2863122,1000,True,0.1246703639626503
3223,2864625,1000,True,0.1246703639626503
3224,2861967,1000,True,0.1246703639626503
3225,2865702,1000,True,0.1246703639626503
3226,2866864,1000,True,0.1246703639626503
3227,2865930,1000,True,0.1246703639626503
3228,2863525,1000,True,0.1246703639626503
3229,2865664,1000,True,0.1246703639626503
3230,3157255,1000,True,0.1246703639626503
3231,2871082,1000,True,0.1246703639626503
3232,2864016,1000,True,0.1246703639626503
3233,2864999,1000,True,0.1246703639626503
3234,2864633,1000,True,0.1246703639626503
3235,2866575,1000,True,0.1246703639626503
3236,2863598,1000,True,0.1246703639626503
3237,2864967,1000,True,0.1246703639626503
3238,2872335,1000,True,0.1246703639626503
3239,2867402,1000,True,0.1246703639626503
3240,2864802,1000,True,0.1246703639626503
3241,2864080,1000,True,0.1246703639626503
3242,2864256,1000,True,0.1246703639626503
3243,2867846,1000,True,0.1246703639626503
3244,3165823,1000,True,0.1246703639626503
3245,2867741,1000,True,0.1246703639626503
3246,2864416,1000,True,0.1246703639626503
3247,2866423,1000,True,0.1246703639626503
3248,2867365,1000,True,0.1246703639626503
3249,2866158,1000,True,0.1246703639626503
3250,2864065,1000,True,0.1246703639626503
3251,2868271,1000,True,0.1246703639626503
3252,2865157,1000,True,0.1246703639626503
3253,2866072,1000,True,0.1246703639626503
3254,2866106,1000,True,0.1246703639626503
3255,2866475,1000,True,0.1246703639626503
3256,2863770,1000,True,0.1246703639626503
3257,2867772,1000,True,0.1246703639626503
3258,2866228,1000,True,0.1246703639626503
3259,3158743,1000,True,0.1246703639626503
3260,2870005,1000,True,0.1246703639626503
3261,2864476,1000,True,0.1246703639626503
3262,2863547,1000,True,0.1246703639626503
3263,2867304,1000,True,0.1246703639626503
3264,2865632,1000,True,0.1246703639626503
3265,2866035,1000,True,0.1246703639626503
3266,2863541,1000,True,0.1246703639626503
3267,2867752,1000,True,0.1246703639626503
3268,2867734,1000,True,0.1246703639626503
3269,2864513,1000,True,0.1246703639626503
3270,3170443,1000,True,0.1246703639626503
3271,2868264,1000,True,0.1246703639626503
3272,2865356,1000,True,0.1246703639626503
3273,2865657,1000,True,0.1246703639626503
3274,2868735,1000,True,0.1246703639626503
3275,2867955,1000,True,0.1246703639626503
3276,2865007,1000,True,0.1246703639626503
3277,2864902,1000,True,0.1246703639626503
3278,2864437,1000,True,0.1246703639626503
3279,2869217,1000,True,0.1246703639626503
3280,2864094,1000,True,0.1246703639626503
3281,2864914,1000,True,0.1246703639626503
3282,2863502,1000,True,0.1246703639626503
3283,2865413,1000,True,0.1246703639626503
3284,3159581,1000,True,0.1246703639626503
3285,2871682,1000,True,0.1246703639626503
3286,2867232,1000,True,0.1246703639626503
3287,2868084,1000,True,0.1246703639626503
3288,2865130,1000,True,0.1246703639626503
3289,2863636,1000,True,0.1246703639626503
3290,2867767,1000,True,0.1246703639626503
3291,2866155,1000,True,0.1246703639626503
3292,2863353,1000,True,0.1246703639626503
3293,2864744,1000,True,0.1246703639626503
3294,2865809,1000,True,0.1246703639626503
3295,2865241,1000,True,0.1246703639626503
3296,2867753,1000,True,0.1246703639626503
3297,2863515,1000,True,0.1246703639626503
3298,2865195,1000,True,0.1246703639626503
3299,3158281,1000,True,0.1246703639626503
3300,2863264,1000,True,0.1246703639626503
3301,2863766,1000,True,0.1246703639626503
3302,2865816,1000,True,0.1246703639626503
3303,2868072,1000,True,0.1246703639626503
3304,2866552,1000,True,0.1246703639626503
3305,2864416,1000,True,0.1246703639626503
3306,2866541,1000,True,0.1246703639626503
3307,2866168,1000,True,0.1246703639626503
3308,2863906,1000,True,0.1246703639626503
3309,2869581,1000,True,0.1246703639626503
3310,2866415,1000,True,0.1246703639626503
3311,2867148,1000,True,0.1246703639626503
3312,2864812,1000,True,0.1246703639626503
3313,3154418,1000,True,0.1246703639626503
3314,2867866,1000,True,0.1246703639626503
3315,2864515,1000,True,0.1246703639626503
3316,2863399,1000,True,0.1246703639626503
3317,2864557,1000,True,0.1246703639626503
3318,2862953,1000,True,0.1246703639626503
3319,2867797,1000,True,0.1246703639626503
3320,2865499,1000,True,0.1246703639626503
3321,2863183,1000,True,0.1246703639626503
3322,2864892,1000,True,0.1246703639626503
3323,2869251,1000,True,0.1246703639626503
3324,2865494,1000,True,0.1246703639626503
3325,2864154,1000,True,0.1246703639626503
3326,2867357,1000,True,0.1246703639626503
3327,2866795,1000,True,0.1246703639626503
3328,3154238,1000,True,0.1246703639626503
3329,2863231,1000,True,0.1246703639626503
3330,2867449,1000,True,0.1246703639626503
3331,2868652,1000,True,0.1246703639626503
3332,2864414,1000,True,0.1246703639626503
3333,2864129,1000,True,0.1246703639626503
3334,2866396,1000,True,0.1246703639626503
3335,2866136,1000,True,0.1246703639626503
3336,2862715,1000,True,0.1246703639626503
3337,2867247,1000,True,0.1246703639626503
3338,2865609,1000,True,0.1246703639626503
3339,2865014,1000,True,0.1246703639626503
3340,2862627,1000,True,0.1246703639626503
3341,2864254,1000,True,0.1246703639626503
3342,3153914,1000,True,0.1246703639626503
3343,2870153,1000,True,0.1246703639626503
3344,2868182,1000,True,0.1246703639626503
3345,2869051,1000,True,0.1246703639626503
3346,2864551,1000,True,0.1246703639626503
3347,2865311,1000,True,0.1246703639626503
3348,2864821,1000,True,0.1246703639626503
3349,2868369,1000,True,0.1246703639626503
3350,2866005,1000,True,0.1246703639626503
3351,2867935,1000,True,0.1246703639626503
3352,2867321,1000,True,0.1246703639626503
3353,3160810,1000,True,0.1246703639626503
3354,2870518,1000,True,0.1246703639626503
3355,2868211,1000,True,0.1246703639626503
3356,2865944,1000,True,0.1246703639626503
3357,2864237,1000,True,0.1246703639626503
3358,2862649,1000,True,0.1246703639626503
3359,2865447,1000,True,0.1246703639626503
3360,2865101,1000,True,0.1246703639626503
3361,2864750,1000,True,0.1246703639626503
3362,2864883,1000,True,0.1246703639626503
3363,2865547,1000,True,0.1246703639626503
3364,2865315,1000,True,0.1246703639626503
3365,2863181,1000,True,0.1246703639626503
3366,2864425,1000,True,0.1246703639626503
3367,2867471,1000,True,0.1246703639626503
3368,3159346,1000,True,0.1246703639626503
3369,2865222,1000,True,0.1246703639626503
3370,2866139,1000,True,0.1246703639626503
3371,2872134,1000,True,0.1246703639626503
3372,2869463,1000,True,0.1246703639626503
3373,2867330,1000,True,0.1246703639626503
3374,2868813,1000,True,0.1246703639626503
3375,2868350,1000,True,0.1246703639626503
3376,2866439,1000,True,0.1246703639626503
3377,2865643,1000,True,0.1246703639626503
3378,2864638,1000,True,0.1246703639626503
3379,2877054,1000,True,0.1246703639626503
3380,2867012,1000,True,0.1246703639626503
3381,2867174,1000,True,0.1246703639626503
3382,3159510,1000,True,0.1246703639626503
3383,2867425,1000,True,0.1246703639626503
3384,2865547,1000,True,0.1246703639626503
3385,2865430,1000,True,0.1246703639626503
3386,2866610,1000,True,0.1246703639626503
3387,2866488,1000,True,0.1246703639626503
3388,2866555,1000,True,0.1246703639626503
3389,2864553,1000,True,0.1246703639626503
3390,2863074,1000,True,0.1246703639626503
3391,2866073,1000,True,0.1246703639626503
3392,2864450,1000,True,0.1246703639626503
3393,2865500,1000,True,0.1246703639626503
3394,2863082,1000,True,0.1246703639626503
3395,2866540,1000,True,0.1246703639626503
3396,2864669,1000,True,0.1246703639626503
3397,3149555,1000,True,0.1246703639626503
3398,2864836,1000,True,0.1246703639626503
3399,2866249,1000,True,0.1246703639626503
3400,2864034,1000,True,0.1246703639626503
3401,2864459,1000,True,0.1246703639626503
3402,2863522,1000,True,0.1246703639626503
3403,2867504,1000,True,0.1246703639626503
3404,2867545,1000,True,0.1246703639626503
3405,2865813,1000,True,0.1246703639626503
3406,2865644,1000,True,0.1246703639626503
3407,2865249,1000,True,0.1246703639626503
3408,2866287,1000,True,0.1246703639626503
3409,2867996,1000,True,0.1246703639626503
3410,2864762,1000,True,0.1246703639626503
3411,3183408,1000,True,0.1246703639626503
3412,2880694,1000,True,0.1246703639626503
3413,2882144,1000,True,0.1246703639626503
3414,2869361,1000,True,0.1246703639626503
3415,2881589,1000,True,0.1246703639626503
3416,2870552,1000,True,0.1246703639626503
3417,2869247,1000,True,0.1246703639626503
3418,2883554,1000,True,0.1246703639626503
3419,2870333,1000,True,0.1246703639626503
3420,2868990,1000,True,0.1246703639626503
3421,2874287,1000,True,0.1246703639626503
3422,2863779,1000,True,0.1246703639626503
3423,2865239,1000,True,0.1246703639626503
3424,2866953,1000,True,0.1246703639626503
3425,3152399,1000,True,0.1246703639626503
3426,2868692,1000,True,0.1246703639626503
3427,2868011,1000,True,0.1246703639626503
3428,2866763,1000,True,0.1246703639626503
3429,2864725,1000,True,0.1246703639626503
3430,2863189,1000,True,0.1246703639626503
3431,2865373,1000,True,0.1246703639626503
3432,2868397,1000,True,0.1246703639626503
3433,2863674,1000,True,0.1246703639626503
3434,2865024,1000,True,0.1246703639626503
3435,2870197,1000,True,0.1246703639626503
3436,3159855,1000,True,0.1246703639626503
3437,2863402,1000,True,0.1246703639626503
3438,2863429,1000,True,0.1246703639626503
3439,2863774,1000,True,0.1246703639626503
3440,2865330,1000,True,0.1246703639626503
3441,2866801,1000,True,0.1246703639626503
3442,2864448,1000,True,0.1246703639626503
3443,2869746,1000,True,0.1246703639626503
3444,2865473,1000,True,0.1246703639626503
3445,2868270,1000,True,0.1246703639626503
3446,2865491,1000,True,0.1246703639626503
3447,2865939,1000,True,0.1246703639626503
3448,2866209,1000,True,0.1246703639626503
3449,2865008,1000,True,0.1246703639626503
3450,2865093,1000,True,0.1246703639626503
3451,3154941,1000,True,0.1246703639626503
3452,2865558,1000,True,0.1246703639626503
3453,2865058,1000,True,0.1246703639626503
3454,2865571,1000,True,0.1246703639626503
3455,2866166,1000,True,0.1246703639626503
3456,2864069,1000,True,0.1246703639626503
3457,2864224,1000,True,0.1246703639626503
3458,2863314,1000,True,0.1246703639626503
3459,2865287,1000,True,0.1246703639626503
3460,2868412,1000,True,0.1246703639626503
3461,2866403,1000,True,0.1246703639626503
3462,2863573,1000,True,0.1246703639626503
3463,2866971,1000,True,0.1246703639626503
3464,2864416,1000,True,0.1246703639626503
3465,3161991,1000,True,0.1246703639626503
3466,2867090,1000,True,0.1246703639626503
3467,2865936,1000,True,0.1246703639626503
3468,2864545,1000,True,0.1246703639626503
3469,2866852,1000,True,0.1246703639626503
3470,2865480,1000,True,0.1246703639626503
3471,2864489,1000,True,0.1246703639626503
3472,2864965,1000,True,0.1246703639626503
3473,2862137,1000,True,0.1246703639626503
3474,2865802,1000,True,0.1246703639626503
3475,2866099,1000,True,0.1246703639626503
3476,2864007,1000,True,0.1246703639626503
3477,2863601,1000,True,0.1246703639626503
3478,2862751,1000,True,0.1246703639626503
3479,2869973,1000,True,0.1246703639626503
3480,3156736,1000,True,0.1246703639626503
3481,2867452,1000,True,0.1246703639626503
3482,2867638,1000,True,0.1246703639626503
3483,2868160,1000,True,0.1246703639626503
3484,2866089,1000,True,0.1246703639626503
3485,2868464,1000,True,0.1246703639626503
3486,2865105,1000,True,0.1246703639626503
3487,2865783,1000,True,0.1246703639626503
3488,2865493,1000,True,0.1246703639626503
3489,2863894,1000,True,0.1246703639626503
3490,2864930,1000,True,0.1246703639626503
3491,2869681,1000,True,0.1246703639626503
3492,2866994,1000,True,0.1246703639626503
3493,2864115,1000,True,0.1246703639626503
3494,3177697,1000,True,0.1246703639626503
3495,2865346,1000,True,0.1246703639626503
3496,2864687,1000,True,0.1246703639626503
3497,2863714,1000,True,0.1246703639626503
3498,2865003,1000,True,0.1246703639626503
3499,2867368,1000,True,0.1246703639626503
3500,2865258,1000,True,0.1246703639626503
3501,2865774,1000,True,0.1246703639626503
3502,2869617,1000,True,0.1246703639626503
3503,2867618,1000,True,0.1246703639626503
3504,2866656,1000,True,0.1246703639626503
3505,2866034,1000,True,0.1246703639626503
3506,2863559,1000,True,0.1246703639626503
3507,2867362,1000,True,0.1246703639626503
3508,3158867,1000,True,0.1246703639626503
3509,2864839,1000,True,0.1246703639626503
3510,2865257,1000,True,0.1246703639626503
3511,2867434,1000,True,0.1246703639626503
3512,2866942,1000,True,0.1246703639626503
3513,2867444,1000,True,0.1246703639626503
3514,2865479,1000,True,0.1246703639626503
3515,2864971,1000,True,0.1246703639626503
3516,2865291,1000,True,0.1246703639626503
3517,2867576,1000,True,0.1246703639626503
3518,2869602,1000,True,0.1246703639626503
3519,3167054,1000,True,0.1246703639626503
3520,2873332,1000,True,0.1246703639626503
3521,2866245,1000,True,0.1246703639626503
3522,2864922,1000,True,0.1246703639626503
3523,2865032,1000,True,0.1246703639626503
3524,2870620,1000,True,0.1246703639626503
3525,2864385,1000,True,0.1246703639626503
3526,2868300,1000,True,0.1246703639626503
3527,2866273,1000,True,0.1246703639626503
3528,2867457,1000,True,0.1246703639626503
3529,2873089,1000,True,0.1246703639626503
3530,2868962,1000,True,0.1246703639626503
3531,2871457,1000,True,0.1246703639626503
3532,2864910,1000,True,0.1246703639626503
3533,2864668,1000,True,0.1246703639626503
3534,3153443,1000,True,0.1246703639626503
3535,2871010,1000,True,0.1246703639626503
3536,2864375,1000,True,0.1246703639626503
3537,2863820,1000,True,0.1246703639626503
3538,2863007,1000,True,0.1246703639626503
3539,2865067,1000,True,0.1246703639626503
3540,2864519,1000,True,0.1246703639626503
3541,2866520,1000,True,0.1246703639626503
3542,2866560,1000,True,0.1246703639626503
3543,2867413,1000,True,0.1246703639626503
3544,2869005,1000,True,0.1246703639626503
3545,2869734,1000,True,0.1246703639626503
3546,2868762,1000,True,0.1246703639626503
3547,2869187,1000,True,0.1246703639626503
3548,3158417,1000,True,0.1246703639626503
3549,2869326,1000,True,0.1246703639626503
3550,2863892,1000,True,0.1246703639626503
3551,2865914,1000,True,0.1246703639626503
3552,2865121,1000,True,0.1246703639626503
3553,2864344,1000,True,0.1246703639626503
3554,2866468,1000,True,0.1246703639626503
3555,3218738,1000,True,0.1246703639626503
3556,2867116,1000,True,0.1246703639626503
3557,2866722,1000,True,0.1246703639626503
3558,2863994,1000,True,0.1246703639626503
3559,2865502,1000,True,0.1246703639626503
3560,2865960,1000,True,0.1246703639626503
3561,2864985,1000,True,0.1246703639626503
3562,3156356,1000,True,0.1246703639626503
3563,2869877,1000,True,0.1246703639626503
3564,2864131,1000,True,0.1246703639626503
3565,2865864,1000,True,0.1246703639626503
3566,2863328,1000,True,0.1246703639626503
3567,2868873,1000,True,0.1246703639626503
3568,2866445,1000,True,0.1246703639626503
3569,2866620,1000,True,0.1246703639626503
3570,2866676,1000,True,0.1246703639626503
3571,2866669,1000,True,0.1246703639626503
3572,2866211,1000,True,0.1246703639626503
3573,2866451,1000,True,0.1246703639626503
3574,2865514,1000,True,0.1246703639626503
3575,2865484,1000,True,0.1246703639626503
3576,2866580,1000,True,0.1246703639626503
3577,3157899,1000,True,0.1246703639626503
3578,2864752,1000,True,0.1246703639626503
3579,2864298,1000,True,0.1246703639626503
3580,2865166,1000,True,0.1246703639626503
3581,2865359,1000,True,0.1246703639626503
3582,2868671,1000,True,0.1246703639626503
3583,2867218,1000,True,0.1246703639626503
3584,2865773,1000,True,0.1246703639626503
3585,2868425,1000,True,0.1246703639626503
3586,2864097,1000,True,0.1246703639626503
3587,2868914,1000,True,0.1246703639626503
3588,2863831,1000,True,0.1246703639626503
3589,2865403,1000,True,0.1246703639626503
3590,2867674,1000,True,0.1246703639626503
3591,3155897,1000,True,0.1246703639626503
3592,2866084,1000,True,0.1246703639626503
3593,2863789,1000,True,0.1246703639626503
3594,2864577,1000,True,0.1246703639626503
3595,2863578,1000,True,0.1246703639626503
3596,2862091,1000,True,0.1246703639626503
3597,2864984,1000,True,0.1246703639626503
3598,2865409,1000,True,0.1246703639626503
3599,2867301,1000,True,0.1246703639626503
3600,2863481,1000,True,0.1246703639626503
3601,2868404,1000,True,0.1246703639626503
3602,3160002,1000,True,0.1246703639626503
3603,2868815,1000,True,0.1246703639626503
3604,2866424,1000,True,0.1246703639626503
3605,2863302,1000,True,0.1246703639626503
3606,2863598,1000,True,0.1246703639626503
3607,2866670,1000,True,0.1246703639626503
3608,2867649,1000,True,0.1246703639626503
3609,2866096,1000,True,0.1246703639626503
3610,2863877,1000,True,0.1246703639626503
3611,2868448,1000,True,0.1246703639626503
3612,2867566,1000,True,0.1246703639626503
3613,2866638,1000,True,0.1246703639626503
3614,2864421,1000,True,0.1246703639626503
3615,2866653,1000,True,0.1246703639626503
3616,2866782,1000,True,0.1246703639626503
3617,3155509,1000,True,0.1246703639626503
3618,2863211,1000,True,0.1246703639626503
3619,2869206,1000,True,0.1246703639626503
3620,2863952,1000,True,0.1246703639626503
3621,2863998,1000,True,0.1246703639626503
3622,2865845,1000,True,0.1246703639626503
3623,2866654,1000,True,0.1246703639626503
3624,2863518,1000,True,0.1246703639626503
3625,2867164,1000,True,0.1246703639626503
3626,2868284,1000,True,0.1246703639626503
3627,2866290,1000,True,0.1246703639626503
3628,2864085,1000,True,0.1246703639626503
3629,2864901,1000,True,0.1246703639626503
3630,2864916,1000,True,0.1246703639626503
3631,3155800,1000,True,0.1246703639626503
3632,2865522,1000,True,0.1246703639626503
3633,2865945,1000,True,0.1246703639626503
3634,2864240,1000,True,0.1246703639626503
3635,2865444,1000,True,0.1246703639626503
3636,2866039,1000,True,0.1246703639626503
3637,2861864,1000,True,0.1246703639626503
3638,2867735,1000,True,0.1246703639626503
3639,2866786,1000,True,0.1246703639626503
3640,2864683,1000,True,0.1246703639626503
3641,2864336,1000,True,0.1246703639626503
3642,2864333,1000,True,0.1246703639626503
3643,2868078,1000,True,0.1246703639626503
3644,2864734,1000,True,0.1246703639626503
3645,3157925,1000,True,0.1246703639626503
3646,2868368,1000,True,0.1246703639626503
3647,2868588,1000,True,0.1246703639626503
3648,2864051,1000,True,0.1246703639626503
3649,2866714,1000,True,0.1246703639626503
3650,2865172,1000,True,0.1246703639626503
3651,2867481,1000,True,0.1246703639626503
3652,2865367,1000,True,0.1246703639626503
3653,2864253,1000,True,0.1246703639626503
3654,2865452,1000,True,0.1246703639626503
3655,2866456,1000,True,0.1246703639626503
3656,2864118,1000,True,0.1246703639626503
3657,2864921,1000,True,0.1246703639626503
3658,2866911,1000,True,0.1246703639626503
3659,2866680,1000,True,0.1246703639626503
3660,3152496,1000,True,0.1246703639626503
3661,2868523,1000,True,0.1246703639626503
3662,2865130,1000,True,0.1246703639626503
3663,2867752,1000,True,0.1246703639626503
3664,2863586,1000,True,0.1246703639626503
3665,2863578,1000,True,0.1246703639626503
3666,2863782,1000,True,0.1246703639626503
3667,2866466,1000,True,0.1246703639626503
3668,2868752,1000,True,0.1246703639626503
3669,2863947,1000,True,0.1246703639626503
3670,2864016,1000,True,0.1246703639626503
3671,3154553,1000,True,0.1246703639626503
3672,2866748,1000,True,0.1246703639626503
3673,2861777,1000,True,0.1246703639626503
3674,2866623,1000,True,0.1246703639626503
3675,2867506,1000,True,0.1246703639626503
3676,2868190,1000,True,0.1246703639626503
3677,2870231,1000,True,0.1246703639626503
3678,2865272,1000,True,0.1246703639626503
3679,2869786,1000,True,0.1246703639626503
3680,2863926,1000,True,0.1246703639626503
3681,2862029,1000,True,0.1246703639626503
3682,2867349,1000,True,0.1246703639626503
3683,2865985,1000,True,0.1246703639626503
3684,2864362,1000,True,0.1246703639626503
3685,3161751,1000,True,0.1246703639626503
3686,2867626,1000,True,0.1246703639626503
3687,2866883,1000,True,0.1246703639626503
3688,2866316,1000,True,0.1246703639626503
3689,2865920,1000,True,0.1246703639626503
3690,2864868,1000,True,0.1246703639626503
3691,2865824,1000,True,0.1246703639626503
3692,2863016,1000,True,0.1246703639626503
3693,2864879,1000,True,0.1246703639626503
3694,2863791,1000,True,0.1246703639626503
3695,2866482,1000,True,0.1246703639626503
3696,2864693,1000,True,0.1246703639626503
3697,2865170,1000,True,0.1246703639626503
3698,2867091,1000,True,0.1246703639626503
3699,2864247,1000,True,0.1246703639626503
3700,3154979,1000,True,0.1246703639626503
3701,2866144,1000,True,0.1246703639626503
3702,2865148,1000,True,0.1246703639626503
3703,2862700,1000,True,0.1246703639626503
3704,2865347,1000,True,0.1246703639626503
3705,2865326,1000,True,0.1246703639626503
3706,2865604,1000,True,0.1246703639626503
3707,2866814,1000,True,0.1246703639626503
3708,2866215,1000,True,0.1246703639626503
3709,2863829,1000,True,0.1246703639626503
3710,2866502,1000,True,0.1246703639626503
3711,2868195,1000,True,0.1246703639626503
3712,2865992,1000,True,0.1246703639626503
3713,2864095,1000,True,0.1246703639626503
3714,3160028,1000,True,0.1246703639626503
3715,2869530,1000,True,0.1246703639626503
3716,2865466,1000,True,0.1246703639626503
3717,2863230,1000,True,0.1246703639626503
3718,2862520,1000,True,0.1246703639626503
3719,2870003,1000,True,0.1246703639626503
3720,2866062,1000,True,0.1246703639626503
3721,2865051,1000,True,0.1246703639626503
3722,2866181,1000,True,0.1246703639626503
3723,2865066,1000,True,0.1246703639626503
3724,2865569,1000,True,0.1246703639626503
3725,2866266,1000,True,0.1246703639626503
3726,2867954,1000,True,0.1246703639626503
3727,2866842,1000,True,0.1246703639626503
3728,2865352,1000,True,0.1246703639626503
3729,3148763,1000,True,0.1246703639626503
3730,2867050,1000,True,0.1246703639626503
3731,2865805,1000,True,0.1246703639626503
3732,2866980,1000,True,0.1246703639626503
3733,2865735,1000,True,0.1246703639626503
3734,2865938,1000,True,0.1246703639626503
3735,2866073,1000,True,0.1246703639626503
3736,2863471,1000,True,0.1246703639626503
3737,2865123,1000,True,0.1246703639626503
3738,2867777,1000,True,0.1246703639626503
3739,2864447,1000,True,0.1246703639626503
3740,2864367,1000,True,0.1246703639626503
3741,2863015,1000,True,0.1246703639626503
3742,2867524,1000,True,0.1246703639626503
3743,3156762,1000,True,0.1246703639626503
3744,2867883,1000,True,0.1246703639626503
3745,2862370,1000,True,0.1246703639626503
3746,2863113,1000,True,0.1246703639626503
3747,2866693,1000,True,0.1246703639626503
3748,2864318,1000,True,0.1246703639626503
3749,2865368,1000,True,0.1246703639626503
3750,2865215,1000,True,0.1246703639626503
3751,2870074,1000,True,0.1246703639626503
3752,2864809,1000,True,0.1246703639626503
3753,2862945,1000,True,0.1246703639626503
3754,3157653,1000,True,0.1246703639626503
3755,2867297,1000,True,0.1246703639626503
3756,2867118,1000,True,0.1246703639626503
3757,2865717,1000,True,0.1246703639626503
3758,2864633,1000,True,0.1246703639626503
3759,2866886,1000,True,0.1246703639626503
3760,2865473,1000,True,0.1246703639626503
3761,2864206,1000,True,0.1246703639626503
3762,2864263,1000,True,0.1246703639626503
3763,2868147,1000,True,0.1246703639626503
3764,2863963,1000,True,0.1246703639626503
3765,2864617,1000,True,0.1246703639626503
3766,2868732,1000,True,0.1246703639626503
3767,2868346,1000,True,0.1246703639626503
3768,3163297,1000,True,0.1246703639626503
3769,2871936,1000,True,0.1246703639626503
3770,2864254,1000,True,0.1246703639626503
3771,2864281,1000,True,0.1246703639626503
3772,2866699,1000,True,0.1246703639626503
3773,2865909,1000,True,0.1246703639626503
3774,2865495,1000,True,0.1246703639626503
3775,2863049,1000,True,0.1246703639626503
3776,2862802,1000,True,0.1246703639626503
3777,2864763,1000,True,0.1246703639626503
3778,2865294,1000,True,0.1246703639626503
3779,2870103,1000,True,0.1246703639626503
3780,2864270,1000,True,0.1246703639626503
3781,2864512,1000,True,0.1246703639626503
3782,2868104,1000,True,0.1246703639626503
3783,3154067,1000,True,0.1246703639626503
3784,2865305,1000,True,0.1246703639626503
3785,2862738,1000,True,0.1246703639626503
3786,2866044,1000,True,0.1246703639626503
3787,2872540,1000,True,0.1246703639626503
3788,2870653,1000,True,0.1246703639626503
3789,2866404,1000,True,0.1246703639626503
3790,2865764,1000,True,0.1246703639626503
3791,2866215,1000,True,0.1246703639626503
3792,2865025,1000,True,0.1246703639626503
3793,2869261,1000,True,0.1246703639626503
3794,2863310,1000,True,0.1246703639626503
3795,2867702,1000,True,0.1246703639626503
3796,2864508,1000,True,0.1246703639626503
3797,3160634,1000,True,0.1246703639626503
3798,2867921,1000,True,0.1246703639626503
3799,2866069,1000,True,0.1246703639626503
3800,2865421,1000,True,0.1246703639626503
3801,2864538,1000,True,0.1246703639626503
3802,2866017,1000,True,0.1246703639626503
3803,2865888,1000,True,0.1246703639626503
3804,2867556,1000,True,0.1246703639626503
3805,2865755,1000,True,0.1246703639626503
3806,2865397,1000,True,0.1246703639626503
3807,2868744,1000,True,0.1246703639626503
3808,2865046,1000,True,0.1246703639626503
3809,2866316,1000,True,0.1246703639626503
3810,2865386,1000,True,0.1246703639626503
3811,2865698,1000,True,0.1246703639626503
3812,3156457,1000,True,0.1246703639626503
3813,2864276,1000,True,0.1246703639626503
3814,2864411,1000,True,0.1246703639626503
3815,2867786,1000,True,0.1246703639626503
3816,2865596,1000,True,0.1246703639626503
3817,2864376,1000,True,0.1246703639626503
3818,2865573,1000,True,0.1246703639626503
3819,2865850,1000,True,0.1246703639626503
3820,2865756,1000,True,0.1246703639626503
3821,2864921,1000,True,0.1246703639626503
3822,2865363,1000,True,0.1246703639626503
3823,2868502,1000,True,0.1246703639626503
3824,2867107,1000,True,0.1246703639626503
3825,2864964,1000,True,0.1246703639626503
3826,3158350,1000,True,0.1246703639626503
3827,2868238,1000,True,0.1246703639626503
3828,2865686,1000,True,0.1246703639626503
3829,2863019,1000,True,0.1246703639626503
3830,2870257,1000,True,0.1246703639626503
3831,2866707,1000,True,0.1246703639626503
3832,2864574,1000,True,0.1246703639626503
3833,2866932,1000,True,0.1246703639626503
3834,2866295,1000,True,0.1246703639626503
3835,2868355,1000,True,0.1246703639626503
3836,2863893,1000,True,0.1246703639626503
3837,3153638,1000,True,0.1246703639626503
3838,2869381,1000,True,0.1246703639626503
3839,2869725,1000,True,0.1246703639626503
3840,2864493,1000,True,0.1246703639626503
3841,2869578,1000,True,0.1246703639626503
3842,2864907,1000,True,0.1246703639626503
3843,2867751,1000,True,0.1246703639626503
3844,2866555,1000,True,0.1246703639626503
3845,2865286,1000,True,0.1246703639626503
3846,2865134,1000,True,0.1246703639626503
3847,2867155,1000,True,0.1246703639626503
3848,2865592,1000,True,0.1246703639626503
3849,2864674,1000,True,0.1246703639626503
3850,2864466,1000,True,0.1246703639626503
3851,2868116,1000,True,0.1246703639626503
3852,3150271,1000,True,0.1246703639626503
3853,2864177,1000,True,0.1246703639626503
3854,2866182,1000,True,0.1246703639626503
3855,2869723,1000,True,0.1246703639626503
3856,2864859,1000,True,0.1246703639626503
3857,2865565,1000,True,0.1246703639626503
3858,2863963,1000,True,0.1246703639626503
3859,2866279,1000,True,0.1246703639626503
3860,2867680,1000,True,0.1246703639626503
3861,2864275,1000,True,0.1246703639626503
3862,2864330,1000,True,0.1246703639626503
3863,2869930,1000,True,0.1246703639626503
3864,2865442,1000,True,0.1246703639626503
3865,2865561,1000,True,0.1246703639626503
3866,3155582,1000,True,0.1246703639626503
3867,2866744,1000,True,0.1246703639626503
3868,2866632,1000,True,0.1246703639626503
3869,2863369,1000,True,0.1246703639626503
3870,2864281,1000,True,0.1246703639626503
3871,2867959,1000,True,0.1246703639626503
3872,2865106,1000,True,0.1246703639626503
3873,2865705,1000,True,0.1246703639626503
3874,2866985,1000,True,0.1246703639626503
3875,2866449,1000,True,0.1246703639626503
3876,2865351,1000,True,0.1246703639626503
3877,2866614,1000,True,0.1246703639626503
3878,2867247,1000,True,0.1246703639626503
3879,2865427,1000,True,0.1246703639626503
3880,3160493,1000,True,0.1246703639626503
3881,2865238,1000,True,0.1246703639626503
3882,2865714,1000,True,0.1246703639626503
3883,2865687,1000,True,0.1246703639626503
3884,2864267,1000,True,0.1246703639626503
3885,2866672,1000,True,0.1246703639626503
3886,2867247,1000,True,0.1246703639626503
3887,2866598,1000,True,0.1246703639626503
3888,2863784,1000,True,0.1246703639626503
3889,2862964,1000,True,0.1246703639626503
3890,2867934,1000,True,0.1246703639626503
3891,2865938,1000,True,0.1246703639626503
3892,2864498,1000,True,0.1246703639626503
3893,2867513,1000,True,0.1246703639626503
3894,2865827,1000,True,0.1246703639626503
3895,3151946,1000,True,0.1246703639626503
3896,2862676,1000,True,0.1246703639626503
3897,2865103,1000,True,0.1246703639626503
3898,2864918,1000,True,0.1246703639626503
3899,3087869,1000,True,0.1246703639626503
3900,3135451,1000,True,0.1246703639626503
3901,2863219,1000,True,0.1246703639626503
3902,2862633,1000,True,0.1246703639626503
3903,2869825,1000,True,0.1246703639626503
3904,2866400,1000,True,0.1246703639626503
3905,2864352,1000,True,0.1246703639626503
3906,3155122,1000,True,0.1246703639626503
3907,2867513,1000,True,0.1246703639626503
3908,2866699,1000,True,0.1246703639626503
3909,2863092,1000,True,0.1246703639626503
3910,2866275,1000,True,0.1246703639626503
3911,2866005,1000,True,0.1246703639626503
3912,2865849,1000,True,0.1246703639626503
3913,2865270,1000,True,0.1246703639626503
3914,2862679,1000,True,0.1246703639626503
3915,2868937,1000,True,0.1246703639626503
3916,2865541,1000,True,0.1246703639626503
3917,2863220,1000,True,0.1246703639626503
3918,2865131,1000,True,0.1246703639626503
3919,2867222,1000,True,0.1246703639626503
3920,3161038,1000,True,0.1246703639626503
3921,2873631,1000,True,0.1246703639626503
3922,2864900,1000,True,0.1246703639626503
3923,2865784,1000,True,0.1246703639626503
3924,2865458,1000,True,0.1246703639626503
3925,2865736,1000,True,0.1246703639626503
3926,2868161,1000,True,0.1246703639626503
3927,2866274,1000,True,0.1246703639626503
3928,2865167,1000,True,0.1246703639626503
3929,2864163,1000,True,0.1246703639626503
3930,2863344,1000,True,0.1246703639626503
3931,2865841,1000,True,0.1246703639626503
3932,2862506,1000,True,0.1246703639626503
3933,2866631,1000,True,0.1246703639626503
3934,3160121,1000,True,0.1246703639626503
3935,2869937,1000,True,0.1246703639626503
3936,2865417,1000,True,0.1246703639626503
3937,2868551,1000,True,0.1246703639626503
3938,2865178,1000,True,0.1246703639626503
3939,2865105,1000,True,0.1246703639626503
3940,2866923,1000,True,0.1246703639626503
3941,2865172,1000,True,0.1246703639626503
3942,2862843,1000,True,0.1246703639626503
3943,2865134,1000,True,0.1246703639626503
3944,2864096,1000,True,0.1246703639626503
3945,2868891,1000,True,0.1246703639626503
3946,2864385,1000,True,0.1246703639626503
3947,2865193,1000,True,0.1246703639626503
3948,2864559,1000,True,0.1246703639626503
3949,3175425,1000,True,0.1246703639626503
3950,2865571,1000,True,0.1246703639626503
3951,2868479,1000,True,0.1246703639626503
3952,2866711,1000,True,0.1246703639626503
3953,2864281,1000,True,0.1246703639626503
3954,2864690,1000,True,0.1246703639626503
3955,2867819,1000,True,0.1246703639626503
3956,2866449,1000,True,0.1246703639626503
3957,2864556,1000,True,0.1246703639626503
3958,2865676,1000,True,0.1246703639626503
3959,2865437,1000,True,0.1246703639626503
3960,2864632,1000,True,0.1246703639626503
3961,2861126,1000,True,0.1246703639626503
3962,2864656,1000,True,0.1246703639626503
3963,3162156,1000,True,0.1246703639626503
3964,2867622,1000,True,0.1246703639626503
3965,2869721,1000,True,0.1246703639626503
3966,2865607,1000,True,0.1246703639626503
3967,2866079,1000,True,0.1246703639626503
3968,2864762,1000,True,0.1246703639626503
3969,2865634,1000,True,0.1246703639626503
3970,2915769,1000,True,0.1246703639626503
3971,2922646,1000,True,0.1246703639626503
3972,2875191,1000,True,0.1246703639626503
3973,2866581,1000,True,0.1246703639626503
3974,2864782,1000,True,0.1246703639626503
3975,2868109,1000,True,0.1246703639626503
3976,2871939,1000,True,0.1246703639626503
3977,2867734,1000,True,0.1246703639626503
3978,3160229,1000,True,0.1246703639626503
3979,2872220,1000,True,0.1246703639626503
3980,2867470,1000,True,0.1246703639626503
3981,2869560,1000,True,0.1246703639626503
3982,2866412,1000,True,0.1246703639626503
3983,2868253,1000,True,0.1246703639626503
3984,2867708,1000,True,0.1246703639626503
3985,2866180,1000,True,0.1246703639626503
3986,2866379,1000,True,0.1246703639626503
3987,2869475,1000,True,0.1246703639626503
3988,2864581,1000,True,0.1246703639626503
3989,2867244,1000,True,0.1246703639626503
3990,2868875,1000,True,0.1246703639626503
3991,2866468,1000,True,0.1246703639626503
3992,3156551,1000,True,0.1246703639626503
3993,2872359,1000,True,0.1246703639626503
3994,2868897,1000,True,0.1246703639626503
3995,2864145,1000,True,0.1246703639626503
3996,2949310,1000,True,0.1246703639626503
3997,2878254,1000,True,0.1246703639626503
3998,2873077,1000,True,0.1246703639626503
3999,2872452,1000,True,0.1246703639626503
4000,2866350,1000,True,0.1246703639626503
4001,2866966,1000,True,0.1246703639626503
4002,2865506,1000,True,0.1246703639626503
4003,3159130,1000,True,0.1246703639626503
4004,2866596,1000,True,0.1246703639626503
4005,2866553,1000,True,0.1246703639626503
4006,2865734,1000,True,0.1246703639626503
4007,2868414,1000,True,0.1246703639626503
4008,2863732,1000,True,0.1246703639626503
4009,2866488,1000,True,0.1246703639626503
4010,2866566,1000,True,0.1246703639626503
4011,2865604,1000,True,0.1246703639626503
4012,2865644,1000,True,0.1246703639626503
4013,2869816,1000,True,0.1246703639626503
4014,2868817,1000,True,0.1246703639626503
4015,2867215,1000,True,0.1246703639626503
4016,2867707,1000,True,0.1246703639626503
4017,2867514,1000,True,0.1246703639626503
4018,3159560,1000,True,0.1246703639626503
4019,2866570,1000,True,0.1246703639626503
4020,2865402,1000,True,0.1246703639626503
4021,2868568,1000,True,0.1246703639626503
4022,2864543,1000,True,0.1246703639626503
4023,2862547,1000,True,0.1246703639626503
4024,2865745,1000,True,0.1246703639626503
4025,2864147,1000,True,0.1246703639626503
4026,2864194,1000,True,0.1246703639626503
4027,2869428,1000,True,0.1246703639626503
4028,2865867,1000,True,0.1246703639626503
4029,2868282,1000,True,0.1246703639626503
4030,2865234,1000,True,0.1246703639626503
4031,2895579,1000,True,0.1246703639626503
4032,3157926,1000,True,0.1246703639626503
4033,2865071,1000,True,0.1246703639626503
4034,2863975,1000,True,0.1246703639626503
4035,2867702,1000,True,0.1246703639626503
4036,2863005,1000,True,0.1246703639626503
4037,2865687,1000,True,0.1246703639626503
4038,2866883,1000,True,0.1246703639626503
4039,2867011,1000,True,0.1246703639626503
4040,2868982,1000,True,0.1246703639626503
4041,2866869,1000,True,0.1246703639626503
4042,2864245,1000,True,0.1246703639626503
4043,2864749,1000,True,0.1246703639626503
4044,2866632,1000,True,0.1246703639626503
4045,2865264,1000,True,0.1246703639626503
4046,3159356,1000,True,0.1246703639626503
4047,2868958,1000,True,0.1246703639626503
4048,2866137,1000,True,0.1246703639626503
4049,2865152,1000,True,0.1246703639626503
4050,2866411,1000,True,0.1246703639626503
4051,2867921,1000,True,0.1246703639626503
4052,2863845,1000,True,0.1246703639626503
4053,2863610,1000,True,0.1246703639626503
4054,2865164,1000,True,0.1246703639626503
4055,2865924,1000,True,0.1246703639626503
4056,2865568,1000,True,0.1246703639626503
4057,2866117,1000,True,0.1246703639626503
4058,2865303,1000,True,0.1246703639626503
4059,2869110,1000,True,0.1246703639626503
4060,2863073,1000,True,0.1246703639626503
4061,3151749,1000,True,0.1246703639626503
4062,2866352,1000,True,0.1246703639626503
4063,2866987,1000,True,0.1246703639626503
4064,2863298,1000,True,0.1246703639626503
4065,2865464,1000,True,0.1246703639626503
4066,2863718,1000,True,0.1246703639626503
4067,2865235,1000,True,0.1246703639626503
4068,2865118,1000,True,0.1246703639626503
4069,2864627,1000,True,0.1246703639626503
4070,2865634,1000,True,0.1246703639626503
4071,2867829,1000,True,0.1246703639626503
4072,2865947,1000,True,0.1246703639626503
4073,2866983,1000,True,0.1246703639626503
4074,2866291,1000,True,0.1246703639626503
4075,3164264,1000,True,0.1246703639626503
4076,2868506,1000,True,0.1246703639626503
4077,2865313,1000,True,0.1246703639626503
4078,2863693,1000,True,0.1246703639626503
4079,2868381,1000,True,0.1246703639626503
4080,2866984,1000,True,0.1246703639626503
4081,2865960,1000,True,0.1246703639626503
4082,2864628,1000,True,0.1246703639626503
4083,2866668,1000,True,0.1246703639626503
4084,2872841,1000,True,0.1246703639626503
4085,2865784,1000,True,0.1246703639626503
4086,3162383,1000,True,0.1246703639626503
4087,2871310,1000,True,0.1246703639626503
4088,2865176,1000,True,0.1246703639626503
4089,2864275,1000,True,0.1246703639626503
4090,2863507,1000,True,0.1246703639626503
4091,2868197,1000,True,0.1246703639626503
4092,2865149,1000,True,0.1246703639626503
4093,2864122,1000,True,0.1246703639626503
4094,2863263,1000,True,0.1246703639626503
4095,2868219,1000,True,0.1246703639626503
4096,2864011,1000,True,0.1246703639626503
4097,2865870,1000,True,0.1246703639626503
4098,2862894,1000,True,0.1246703639626503
4099,2864338,1000,True,0.1246703639626503
4100,2868142,1000,True,0.1246703639626503
4101,3150007,1000,True,0.1246703639626503
4102,2865927,1000,True,0.1246703639626503
4103,2867942,1000,True,0.1246703639626503
4104,2864350,1000,True,0.1246703639626503
4105,2864861,1000,True,0.1246703639626503
4106,2865761,1000,True,0.1246703639626503
4107,2867891,1000,True,0.1246703639626503
4108,2864496,1000,True,0.1246703639626503
4109,2866835,1000,True,0.1246703639626503
4110,2863685,1000,True,0.1246703639626503
4111,2864474,1000,True,0.1246703639626503
4112,2867811,1000,True,0.1246703639626503
4113,2864685,1000,True,0.1246703639626503
4114,2865657,1000,True,0.1246703639626503
4115,3156651,1000,True,0.1246703639626503
4116,2866962,1000,True,0.1246703639626503
4117,2866677,1000,True,0.1246703639626503
4118,2865440,1000,True,0.1246703639626503
4119,2866407,1000,True,0.1246703639626503
4120,2866965,1000,True,0.1246703639626503
4121,2870981,1000,True,0.1246703639626503
4122,2862986,1000,True,0.1246703639626503
4123,2868797,1000,True,0.1246703639626503
4124,2867261,1000,True,0.1246703639626503
4125,2868860,1000,True,0.1246703639626503
4126,2863991,1000,True,0.1246703639626503
4127,2868397,1000,True,0.1246703639626503
4128,2865663,1000,True,0.1246703639626503
4129,3157712,1000,True,0.1246703639626503
4130,2869306,1000,True,0.1246703639626503
4131,2867535,1000,True,0.1246703639626503
4132,2865105,1000,True,0.1246703639626503
4133,2864130,1000,True,0.1246703639626503
4134,2864165,1000,True,0.1246703639626503
4135,2866779,1000,True,0.1246703639626503
4136,2864211,1000,True,0.1246703639626503
4137,2864745,1000,True,0.1246703639626503
4138,2864638,1000,True,0.1246703639626503
4139,2870677,1000,True,0.1246703639626503
4140,2867972,1000,True,0.1246703639626503
4141,2864672,1000,True,0.1246703639626503
4142,2870084,1000,True,0.1246703639626503
4143,2866638,1000,True,0.1246703639626503
4144,3157988,1000,True,0.1246703639626503
4145,2868368,1000,True,0.1246703639626503
4146,2865116,1000,True,0.1246703639626503
4147,2865901,1000,True,0.1246703639626503
4148,2863971,1000,True,0.1246703639626503
4149,2865865,1000,True,0.1246703639626503
4150,2865455,1000,True,0.1246703639626503
4151,2870213,1000,True,0.1246703639626503
4152,2865105,1000,True,0.1246703639626503
4153,2865359,1000,True,0.1246703639626503
4154,2868176,1000,True,0.1246703639626503
4155,2877876,1000,True,0.1246703639626503
4156,2865537,1000,True,0.1246703639626503
4157,2871170,1000,True,0.1246703639626503
4158,3161900,1000,True,0.1246703639626503
4159,2866491,1000,True,0.1246703639626503
4160,2865516,1000,True,0.1246703639626503
4161,2862715,1000,True,0.1246703639626503
4162,2864500,1000,True,0.1246703639626503
4163,2864244,1000,True,0.1246703639626503
4164,2865180,1000,True,0.1246703639626503
4165,2866224,1000,True,0.1246703639626503
4166,2865586,1000,True,0.1246703639626503
4167,2865067,1000,True,0.1246703639626503
4168,2865639,1000,True,0.1246703639626503
4169,3156732,1000,True,0.1246703639626503
4170,2868280,1000,True,0.1246703639626503
4171,2868649,1000,True,0.1246703639626503
4172,2865860,1000,True,0.1246703639626503
4173,2866224,1000,True,0.1246703639626503
4174,2866515,1000,True,0.1246703639626503
4175,2865248,1000,True,0.1246703639626503
4176,2864092,1000,True,0.1246703639626503
4177,2864866,1000,True,0.1246703639626503
4178,2865978,1000,True,0.1246703639626503
4179,2865809,1000,True,0.1246703639626503
4180,2864656,1000,True,0.1246703639626503
4181,2866400,1000,True,0.1246703639626503
4182,2864334,1000,True,0.1246703639626503
4183,2866770,1000,True,0.1246703639626503
4184,3161938,1000,True,0.1246703639626503
4185,2864850,1000,True,0.1246703639626503
4186,2862643,1000,True,0.1246703639626503
4187,2868407,1000,True,0.1246703639626503
4188,2864985,1000,True,0.1246703639626503
4189,2864052,1000,True,0.1246703639626503
4190,2867309,1000,True,0.1246703639626503
4191,2865690,1000,True,0.1246703639626503
4192,2869394,1000,True,0.1246703639626503
4193,2866565,1000,True,0.1246703639626503
4194,2862485,1000,True,0.1246703639626503
4195,2872330,1000,True,0.1246703639626503
4196,2869139,1000,True,0.1246703639626503
4197,2867329,1000,True,0.1246703639626503
4198,3159456,1000,True,0.1246703639626503
4199,2865972,1000,True,0.1246703639626503
4200,2864721,1000,True,0.1246703639626503
4201,2865790,1000,True,0.1246703639626503
4202,2865850,1000,True,0.1246703639626503
4203,2866913,1000,True,0.1246703639626503
4204,2863735,1000,True,0.1246703639626503
4205,2864177,1000,True,0.1246703639626503
4206,2865202,1000,True,0.1246703639626503
4207,2866215,1000,True,0.1246703639626503
4208,2864728,1000,True,0.1246703639626503
4209,2864514,1000,True,0.1246703639626503
4210,2864209,1000,True,0.1246703639626503
4211,2872501,1000,True,0.1246703639626503
4212,3162274,1000,True,0.1246703639626503
4213,2872149,1000,True,0.1246703639626503
4214,2868068,1000,True,0.1246703639626503
4215,2867148,1000,True,0.1246703639626503
4216,2863641,1000,True,0.1246703639626503
4217,2868124,1000,True,0.1246703639626503
4218,2862777,1000,True,0.1246703639626503
4219,2867424,1000,True,0.1246703639626503
4220,2863594,1000,True,0.1246703639626503
4221,2866859,1000,True,0.1246703639626503
4222,2868223,1000,True,0.1246703639626503
4223,2870137,1000,True,0.1246703639626503
4224,2864243,1000,True,0.1246703639626503
4225,2864994,1000,True,0.1246703639626503
4226,2865978,1000,True,0.1246703639626503
4227,3151726,1000,True,0.1246703639626503
4228,2869384,1000,True,0.1246703639626503
4229,2863634,1000,True,0.1246703639626503
4230,2876216,1000,True,0.1246703639626503
4231,2866747,1000,True,0.1246703639626503
4232,2868772,1000,True,0.1246703639626503
4233,2873415,1000,True,0.1246703639626503
4234,2866184,1000,True,0.1246703639626503
4235,2868908,1000,True,0.1246703639626503
4236,2864955,1000,True,0.1246703639626503
4237,2867139,1000,True,0.1246703639626503
4238,2867509,1000,True,0.1246703639626503
4239,2866111,1000,True,0.1246703639626503
4240,2869645,1000,True,0.1246703639626503
4241,3161887,1000,True,0.1246703639626503
4242,2866540,1000,True,0.1246703639626503
4243,2868880,1000,True,0.1246703639626503
4244,3220318,1000,True,0.1246703639626503
4245,2867050,1000,True,0.1246703639626503
4246,2864919,1000,True,0.1246703639626503
4247,2868062,1000,True,0.1246703639626503
4248,2863831,1000,True,0.1246703639626503
4249,2863943,1000,True,0.1246703639626503
4250,2867813,1000,True,0.1246703639626503
4251,2875603,1000,True,0.1246703639626503
4252,2882582,1000,True,0.1246703639626503
4253,2892064,1000,True,0.1246703639626503
4254,2881057,1000,True,0.1246703639626503
4255,3177981,1000,True,0.1246703639626503
4256,2884079,1000,True,0.1246703639626503
4257,2870443,1000,True,0.1246703639626503
4258,2873026,1000,True,0.1246703639626503
4259,2873773,1000,True,0.1246703639626503
4260,2867343,1000,True,0.1246703639626503
4261,2868876,1000,True,0.1246703639626503
4262,2864741,1000,True,0.1246703639626503
4263,2868073,1000,True,0.1246703639626503
4264,2866464,1000,True,0.1246703639626503
4265,2869049,1000,True,0.1246703639626503
4266,3152982,1000,True,0.1246703639626503
4267,2873549,1000,True,0.1246703639626503
4268,2865384,1000,True,0.1246703639626503
4269,2863322,1000,True,0.1246703639626503
4270,2868627,1000,True,0.1246703639626503
4271,2866396,1000,True,0.1246703639626503
4272,2864557,1000,True,0.1246703639626503
4273,2869259,1000,True,0.1246703639626503
4274,2867976,1000,True,0.1246703639626503
4275,2866187,1000,True,0.1246703639626503
4276,2864550,1000,True,0.1246703639626503
4277,2874671,1000,True,0.1246703639626503
4278,2869047,1000,True,0.1246703639626503
4279,2867624,1000,True,0.1246703639626503
4280,2863825,1000,True,0.1246703639626503
4281,3148092,1000,True,0.1246703639626503
4282,2862797,1000,True,0.1246703639626503
4283,2864188,1000,True,0.1246703639626503
4284,2868319,1000,True,0.1246703639626503
4285,2866153,1000,True,0.1246703639626503
4286,2865001,1000,True,0.1246703639626503
4287,2867492,1000,True,0.1246703639626503
4288,2864550,1000,True,0.1246703639626503
4289,2868631,1000,True,0.1246703639626503
4290,2870433,1000,True,0.1246703639626503
4291,2878784,1000,True,0.1246703639626503
4292,2864364,1000,True,0.1246703639626503
4293,2864291,1000,True,0.1246703639626503
4294,2864936,1000,True,0.1246703639626503
4295,3162788,1000,True,0.1246703639626503
4296,2870299,1000,True,0.1246703639626503
4297,2865292,1000,True,0.1246703639626503
4298,2864770,1000,True,0.1246703639626503
4299,2869613,1000,True,0.1246703639626503
4300,2866969,1000,True,0.1246703639626503
4301,2865736,1000,True,0.1246703639626503
4302,2865092,1000,True,0.1246703639626503
4303,2869773,1000,True,0.1246703639626503
4304,2870201,1000,True,0.1246703639626503
4305,2870157,1000,True,0.1246703639626503
4306,2863290,1000,True,0.1246703639626503
4307,2868640,1000,True,0.1246703639626503
4308,2864177,1000,True,0.1246703639626503
4309,2868289,1000,True,0.1246703639626503
4310,3157569,1000,True,0.1246703639626503
4311,2869227,1000,True,0.1246703639626503
4312,2865307,1000,True,0.1246703639626503
4313,2863593,1000,True,0.1246703639626503
4314,2866958,1000,True,0.1246703639626503
4315,2865658,1000,True,0.1246703639626503
4316,2862939,1000,True,0.1246703639626503
4317,2864113,1000,True,0.1246703639626503
4318,2864348,1000,True,0.1246703639626503
4319,2865521,1000,True,0.1246703639626503
4320,2866322,1000,True,0.1246703639626503
4321,2864967,1000,True,0.1246703639626503
4322,2862854,1000,True,0.1246703639626503
4323,2866543,1000,True,0.1246703639626503
4324,3152001,1000,True,0.1246703639626503
4325,2868495,1000,True,0.1246703639626503
4326,2865583,1000,True,0.1246703639626503
4327,2865991,1000,True,0.1246703639626503
4328,2864808,1000,True,0.1246703639626503
4329,2866260,1000,True,0.1246703639626503
4330,2867024,1000,True,0.1246703639626503
4331,2867819,1000,True,0.1246703639626503
4332,2865841,1000,True,0.1246703639626503
4333,2864998,1000,True,0.1246703639626503
4334,2864762,1000,True,0.1246703639626503
4335,2867118,1000,True,0.1246703639626503
4336,2866201,1000,True,0.1246703639626503
4337,2864131,1000,True,0.1246703639626503
4338,3156446,1000,True,0.1246703639626503
4339,2869186,1000,True,0.1246703639626503
4340,2863716,1000,True,0.1246703639626503
4341,2864482,1000,True,0.1246703639626503
4342,2865901,1000,True,0.1246703639626503
4343,2865771,1000,True,0.1246703639626503
4344,2867009,1000,True,0.1246703639626503
4345,2865484,1000,True,0.1246703639626503
4346,2864640,1000,True,0.1246703639626503
4347,2864532,1000,True,0.1246703639626503
4348,2863103,1000,True,0.1246703639626503
4349,2867277,1000,True,0.1246703639626503
4350,2865901,1000,True,0.1246703639626503
4351,2864697,1000,True,0.1246703639626503
4352,2865422,1000,True,0.1246703639626503
4353,3160194,1000,True,0.1246703639626503
4354,2863805,1000,True,0.1246703639626503
4355,2868547,1000,True,0.1246703639626503
4356,2868044,1000,True,0.1246703639626503
4357,2866147,1000,True,0.1246703639626503
4358,2867220,1000,True,0.1246703639626503
4359,2866254,1000,True,0.1246703639626503
4360,2865538,1000,True,0.1246703639626503
4361,2864276,1000,True,0.1246703639626503
4362,2863856,1000,True,0.1246703639626503
4363,3157965,1000,True,0.1246703639626503
4364,2866141,1000,True,0.1246703639626503
4365,2867411,1000,True,0.1246703639626503
4366,2867554,1000,True,0.1246703639626503
4367,2868162,1000,True,0.1246703639626503
4368,2863747,1000,True,0.1246703639626503
4369,2863787,1000,True,0.1246703639626503
4370,2864315,1000,True,0.1246703639626503
4371,2866351,1000,True,0.1246703639626503
4372,2863031,1000,True,0.1246703639626503
4373,2863987,1000,True,0.1246703639626503
4374,2865912,1000,True,0.1246703639626503
4375,2867845,1000,True,0.1246703639626503
4376,2865004,1000,True,0.1246703639626503
4377,2864925,1000,True,0.1246703639626503
4378,3150656,1000,True,0.1246703639626503
4379,2866447,1000,True,0.1246703639626503
4380,2863606,1000,True,0.1246703639626503
4381,2865185,1000,True,0.1246703639626503
4382,2864099,1000,True,0.1246703639626503
4383,2866988,1000,True,0.1246703639626503
4384,2865585,1000,True,0.1246703639626503
4385,2864818,1000,True,0.1246703639626503
4386,2865577,1000,True,0.1246703639626503
4387,2866489,1000,True,0.1246703639626503
4388,2864474,1000,True,0.1246703639626503
4389,2863265,1000,True,0.1246703639626503
4390,2865794,1000,True,0.1246703639626503
4391,2865872,1000,True,0.1246703639626503
4392,3149386,1000,True,0.1246703639626503
4393,2864277,1000,True,0.1246703639626503
4394,2866593,1000,True,0.1246703639626503
4395,2869079,1000,True,0.1246703639626503
4396,2862436,1000,True,0.1246703639626503
4397,2864130,1000,True,0.1246703639626503
4398,2864478,1000,True,0.1246703639626503
4399,2865211,1000,True,0.1246703639626503
4400,2868814,1000,True,0.1246703639626503
4401,2869264,1000,True,0.1246703639626503
4402,2869232,1000,True,0.1246703639626503
4403,2866821,1000,True,0.1246703639626503
4404,2865260,1000,True,0.1246703639626503
4405,2866627,1000,True,0.1246703639626503
4406,3159579,1000,True,0.1246703639626503
4407,2868778,1000,True,0.1246703639626503
4408,2868359,1000,True,0.1246703639626503
4409,2865942,1000,True,0.1246703639626503
4410,2865733,1000,True,0.1246703639626503
4411,2870448,1000,True,0.1246703639626503
4412,2866063,1000,True,0.1246703639626503
4413,2865846,1000,True,0.1246703639626503
4414,2865788,1000,True,0.1246703639626503
4415,2864160,1000,True,0.1246703639626503
4416,2868584,1000,True,0.1246703639626503
4417,2866420,1000,True,0.1246703639626503
4418,2867892,1000,True,0.1246703639626503
4419,2869613,1000,True,0.1246703639626503
4420,2865982,1000,True,0.1246703639626503
4421,3156217,1000,True,0.1246703639626503
4422,2869338,1000,True,0.1246703639626503
4423,2866839,1000,True,0.1246703639626503
4424,2866072,1000,True,0.1246703639626503
4425,2865603,1000,True,0.1246703639626503
4426,2864010,1000,True,0.1246703639626503
4427,2865621,1000,True,0.1246703639626503
4428,2863822,1000,True,0.1246703639626503
4429,2863049,1000,True,0.1246703639626503
4430,2867725,1000,True,0.1246703639626503
4431,2866821,1000,True,0.1246703639626503
4432,2863452,1000,True,0.1246703639626503
4433,2864613,1000,True,0.1246703639626503
4434,2867677,1000,True,0.1246703639626503
4435,3155705,1000,True,0.1246703639626503
4436,2865991,1000,True,0.1246703639626503
4437,2869498,1000,True,0.1246703639626503
4438,2864408,1000,True,0.1246703639626503
4439,2866392,1000,True,0.1246703639626503
4440,2863333,1000,True,0.1246703639626503
4441,2865064,1000,True,0.1246703639626503
4442,2865829,1000,True,0.1246703639626503
4443,2864127,1000,True,0.1246703639626503
4444,2866864,1000,True,0.1246703639626503
4445,2862167,1000,True,0.1246703639626503
4446,2864868,1000,True,0.1246703639626503
4447,2866722,1000,True,0.1246703639626503
4448,2863555,1000,True,0.1246703639626503
4449,3154912,1000,True,0.1246703639626503
4450,2867215,1000,True,0.1246703639626503
4451,2864373,1000,True,0.1246703639626503
4452,2866234,1000,True,0.1246703639626503
4453,2864723,1000,True,0.1246703639626503
4454,2864155,1000,True,0.1246703639626503
4455,2865195,1000,True,0.1246703639626503
4456,2868438,1000,True,0.1246703639626503
4457,2864208,1000,True,0.1246703639626503
4458,2864270,1000,True,0.1246703639626503
4459,2865729,1000,True,0.1246703639626503
4460,3154362,1000,True,0.1246703639626503
4461,2865982,1000,True,0.1246703639626503
4462,2865166,1000,True,0.1246703639626503
4463,2863230,1000,True,0.1246703639626503
4464,2865112,1000,True,0.1246703639626503
4465,2864005,1000,True,0.1246703639626503
4466,2864491,1000,True,0.1246703639626503
4467,2864617,1000,True,0.1246703639626503
4468,2863415,1000,True,0.1246703639626503
4469,2863835,1000,True,0.1246703639626503
4470,2867001,1000,True,0.1246703639626503
4471,2871864,1000,True,0.1246703639626503
4472,2863344,1000,True,0.1246703639626503
4473,2863420,1000,True,0.1246703639626503
4474,3161532,1000,True,0.1246703639626503
4475,2869611,1000,True,0.1246703639626503
4476,2866999,1000,True,0.1246703639626503
4477,2865989,1000,True,0.1246703639626503
4478,2865139,1000,True,0.1246703639626503
4479,2866053,1000,True,0.1246703639626503
4480,2862992,1000,True,0.1246703639626503
4481,2865620,1000,True,0.1246703639626503
4482,2863513,1000,True,0.1246703639626503
4483,2866255,1000,True,0.1246703639626503
4484,2863318,1000,True,0.1246703639626503
4485,2862736,1000,True,0.1246703639626503
4486,2865228,1000,True,0.1246703639626503
4487,2864779,1000,True,0.1246703639626503
4488,2865806,1000,True,0.1246703639626503
4489,3156425,1000,True,0.1246703639626503
4490,2867395,1000,True,0.1246703639626503
4491,2866737,1000,True,0.1246703639626503
4492,2868027,1000,True,0.1246703639626503
4493,2866267,1000,True,0.1246703639626503
4494,2865504,1000,True,0.1246703639626503
4495,2865993,1000,True,0.1246703639626503
4496,2866112,1000,True,0.1246703639626503
4497,2865171,1000,True,0.1246703639626503
4498,2863054,1000,True,0.1246703639626503
4499,2865147,1000,True,0.1246703639626503
4500,2870882,1000,True,0.1246703639626503
4501,2864539,1000,True,0.1246703639626503
4502,2865016,1000,True,0.1246703639626503
4503,3154501,1000,True,0.1246703639626503
4504,2865335,1000,True,0.1246703639626503
4505,2865337,1000,True,0.1246703639626503
4506,2867110,1000,True,0.1246703639626503
4507,2865930,1000,True,0.1246703639626503
4508,2872205,1000,True,0.1246703639626503
4509,2867461,1000,True,0.1246703639626503
4510,2864387,1000,True,0.1246703639626503
4511,2867495,1000,True,0.1246703639626503
4512,2867797,1000,True,0.1246703639626503
4513,2865790,1000,True,0.1246703639626503
4514,2864690,1000,True,0.1246703639626503
4515,2867489,1000,True,0.1246703639626503
4516,2863240,1000,True,0.1246703639626503
4517,3158627,1000,True,0.1246703639626503
4518,2867807,1000,True,0.1246703639626503
4519,2866419,1000,True,0.1246703639626503
4520,2867416,1000,True,0.1246703639626503
4521,2866261,1000,True,0.1246703639626503
4522,2865324,1000,True,0.1246703639626503
4523,2864877,1000,True,0.1246703639626503
4524,2863715,1000,True,0.1246703639626503
4525,2865727,1000,True,0.1246703639626503
4526,2864716,1000,True,0.1246703639626503
4527,2865384,1000,True,0.1246703639626503
4528,2865401,1000,True,0.1246703639626503
4529,2864758,1000,True,0.1246703639626503
4530,2865856,1000,True,0.1246703639626503
4531,2866366,1000,True,0.1246703639626503
4532,3155042,1000,True,0.1246703639626503
4533,2863856,1000,True,0.1246703639626503
4534,2867840,1000,True,0.1246703639626503
4535,2864810,1000,True,0.1246703639626503
4536,2863162,1000,True,0.1246703639626503
4537,2862865,1000,True,0.1246703639626503
4538,2863630,1000,True,0.1246703639626503
4539,2868985,1000,True,0.1246703639626503
4540,2866591,1000,True,0.1246703639626503
4541,2864946,1000,True,0.1246703639626503
4542,2861836,1000,True,0.1246703639626503
4543,2869688,1000,True,0.1246703639626503
4544,2868647,1000,True,0.1246703639626503
4545,2865857,1000,True,0.1246703639626503
4546,3152333,1000,True,0.1246703639626503
4547,2865990,1000,True,0.1246703639626503
4548,2866321,1000,True,0.1246703639626503
4549,2863815,1000,True,0.1246703639626503
4550,2863852,1000,True,0.1246703639626503
4551,2867861,1000,True,0.1246703639626503
4552,2864637,1000,True,0.1246703639626503
4553,2863251,1000,True,0.1246703639626503
4554,2865745,1000,True,0.1246703639626503
4555,2865626,1000,True,0.1246703639626503
4556,2865547,1000,True,0.1246703639626503
4557,2863459,1000,True,0.1246703639626503
4558,2869598,1000,True,0.1246703639626503
4559,2867297,1000,True,0.1246703639626503
4560,3156638,1000,True,0.1246703639626503
4561,2866776,1000,True,0.1246703639626503
4562,2863680,1000,True,0.1246703639626503
4563,2862362,1000,True,0.1246703639626503
4564,2865075,1000,True,0.1246703639626503
4565,2863520,1000,True,0.1246703639626503
4566,2865653,1000,True,0.1246703639626503
4567,2865456,1000,True,0.1246703639626503
4568,2864450,1000,True,0.1246703639626503
4569,2867446,1000,True,0.1246703639626503
4570,2867885,1000,True,0.1246703639626503
4571,3163943,1000,True,0.1246703639626503
4572,2864570,1000,True,0.1246703639626503
4573,2864057,1000,True,0.1246703639626503
4574,2862520,1000,True,0.1246703639626503
4575,2866195,1000,True,0.1246703639626503
4576,2866293,1000,True,0.1246703639626503
4577,2864984,1000,True,0.1246703639626503
4578,2863526,1000,True,0.1246703639626503
4579,2867578,1000,True,0.1246703639626503
4580,2862132,1000,True,0.1246703639626503
4581,2867352,1000,True,0.1246703639626503
4582,2864805,1000,True,0.1246703639626503
4583,2866779,1000,True,0.1246703639626503
4584,2865152,1000,True,0.1246703639626503
4585,3154854,1000,True,0.1246703639626503
4586,2865511,1000,True,0.1246703639626503
4587,2863557,1000,True,0.1246703639626503
4588,3081405,1000,True,0.1246703639626503
4589,3134256,1000,True,0.1246703639626503
4590,2865431,1000,True,0.1246703639626503
4591,2865635,1000,True,0.1246703639626503
4592,2863147,1000,True,0.1246703639626503
4593,2866421,1000,True,0.1246703639626503
4594,2865132,1000,True,0.1246703639626503
4595,2866263,1000,True,0.1246703639626503
4596,2862030,1000,True,0.1246703639626503
4597,2863282,1000,True,0.1246703639626503
4598,2862442,1000,True,0.1246703639626503
4599,2872482,1000,True,0.1246703639626503
4600,3160700,1000,True,0.1246703639626503
4601,2867017,1000,True,0.1246703639626503
4602,2864691,1000,True,0.1246703639626503
4603,2868317,1000,True,0.1246703639626503
4604,2865428,1000,True,0.1246703639626503
4605,2867638,1000,True,0.1246703639626503
4606,2865993,1000,True,0.1246703639626503
4607,2866317,1000,True,0.1246703639626503
4608,2863839,1000,True,0.1246703639626503
4609,2863923,1000,True,0.1246703639626503
4610,2863691,1000,True,0.1246703639626503
4611,2864715,1000,True,0.1246703639626503
4612,2864914,1000,True,0.1246703639626503
4613,2868925,1000,True,0.1246703639626503
4614,3153216,1000,True,0.1246703639626503
4615,2866409,1000,True,0.1246703639626503
4616,2866387,1000,True,0.1246703639626503
4617,2864294,1000,True,0.1246703639626503
4618,2862765,1000,True,0.1246703639626503
4619,2865023,1000,True,0.1246703639626503
4620,2862264,1000,True,0.1246703639626503
4621,2863604,1000,True,0.1246703639626503
4622,2864029,1000,True,0.1246703639626503
4623,2868500,1000,True,0.1246703639626503
4624,2864924,1000,True,0.1246703639626503
4625,2866740,1000,True,0.1246703639626503
4626,2866106,1000,True,0.1246703639626503
4627,2866871,1000,True,0.1246703639626503
4628,3155197,1000,True,0.1246703639626503
4629,2866583,1000,True,0.1246703639626503
4630,2864466,1000,True,0.1246703639626503
4631,2867893,1000,True,0.1246703639626503
4632,2863254,1000,True,0.1246703639626503
4633,2863861,1000,True,0.1246703639626503
4634,2864784,1000,True,0.1246703639626503
4635,2866452,1000,True,0.1246703639626503
4636,2866247,1000,True,0.1246703639626503
4637,2863735,1000,True,0.1246703639626503
4638,2864045,1000,True,0.1246703639626503
4639,2864404,1000,True,0.1246703639626503
4640,2865151,1000,True,0.1246703639626503
4641,2866844,1000,True,0.1246703639626503
4642,3156327,1000,True,0.1246703639626503
4643,2867770,1000,True,0.1246703639626503
4644,2864180,1000,True,0.1246703639626503
4645,2864116,1000,True,0.1246703639626503
4646,2862535,1000,True,0.1246703639626503
4647,2864291,1000,True,0.1246703639626503
4648,2866705,1000,True,0.1246703639626503
4649,2866140,1000,True,0.1246703639626503
4650,2864582,1000,True,0.1246703639626503
4651,2863248,1000,True,0.1246703639626503
4652,2863202,1000,True,0.1246703639626503
4653,2865267,1000,True,0.1246703639626503
4654,2865136,1000,True,0.1246703639626503
4655,2869966,1000,True,0.1246703639626503
4656,2864560,1000,True,0.1246703639626503
4657,3154946,1000,True,0.1246703639626503
4658,2865030,1000,True,0.1246703639626503
4659,2868516,1000,True,0.1246703639626503
4660,2867171,1000,True,0.1246703639626503
4661,2865113,1000,True,0.1246703639626503
4662,2865142,1000,True,0.1246703639626503
4663,2866224,1000,True,0.1246703639626503
4664,2866267,1000,True,0.1246703639626503
4665,2867358,1000,True,0.1246703639626503
4666,2865860,1000,True,0.1246703639626503
4667,2867075,1000,True,0.1246703639626503
4668,3157742,1000,True,0.1246703639626503
4669,2865739,1000,True,0.1246703639626503
4670,2865987,1000,True,0.1246703639626503
4671,2868677,1000,True,0.1246703639626503
4672,2865284,1000,True,0.1246703639626503
4673,2867029,1000,True,0.1246703639626503
4674,2869948,1000,True,0.1246703639626503
4675,2869086,1000,True,0.1246703639626503
4676,2865671,1000,True,0.1246703639626503
4677,2870679,1000,True,0.1246703639626503
4678,2867354,1000,True,0.1246703639626503
4679,2866837,1000,True,0.1246703639626503
4680,2869604,1000,True,0.1246703639626503
4681,2865940,1000,True,0.1246703639626503
4682,3181311,1000,True,0.1246703639626503
4683,2873403,1000,True,0.1246703639626503
4684,2867527,1000,True,0.1246703639626503
4685,2865835,1000,True,0.1246703639626503
4686,2866007,1000,True,0.1246703639626503
4687,2865184,1000,True,0.1246703639626503
4688,2866596,1000,True,0.1246703639626503
4689,2866229,1000,True,0.1246703639626503
4690,2866378,1000,True,0.1246703639626503
4691,2866331,1000,True,0.1246703639626503
4692,2866038,1000,True,0.1246703639626503
4693,2865073,1000,True,0.1246703639626503
4694,2864634,1000,True,0.1246703639626503
4695,2868076,1000,True,0.1246703639626503
4696,3161155,1000,True,0.1246703639626503
4697,2870658,1000,True,0.1246703639626503
4698,2864762,1000,True,0.1246703639626503
4699,2867340,1000,True,0.1246703639626503
4700,2866556,1000,True,0.1246703639626503
4701,2864095,1000,True,0.1246703639626503
4702,2867087,1000,True,0.1246703639626503
4703,2866713,1000,True,0.1246703639626503
4704,2864816,1000,True,0.1246703639626503
4705,2862696,1000,True,0.1246703639626503
4706,2866867,1000,True,0.1246703639626503
4707,2868040,1000,True,0.1246703639626503
4708,2864421,1000,True,0.1246703639626503
4709,2865738,1000,True,0.1246703639626503
4710,2864276,1000,True,0.1246703639626503
4711,3153010,1000,True,0.1246703639626503
4712,2867286,1000,True,0.1246703639626503
4713,2865977,1000,True,0.1246703639626503
4714,2863894,1000,True,0.1246703639626503
4715,2865875,1000,True,0.1246703639626503
4716,2863557,1000,True,0.1246703639626503
4717,2863674,1000,True,0.1246703639626503
4718,2868005,1000,True,0.1246703639626503
4719,2869893,1000,True,0.1246703639626503
4720,2868211,1000,True,0.1246703639626503
4721,2866576,1000,True,0.1246703639626503
4722,2865517,1000,True,0.1246703639626503
4723,2863757,1000,True,0.1246703639626503
4724,2862117,1000,True,0.1246703639626503
4725,3149471,1000,True,0.1246703639626503
4726,2864563,1000,True,0.1246703639626503
4727,2867026,1000,True,0.1246703639626503
4728,2864246,1000,True,0.1246703639626503
4729,2863799,1000,True,0.1246703639626503
4730,2865055,1000,True,0.1246703639626503
4731,2867593,1000,True,0.1246703639626503
4732,2865961,1000,True,0.1246703639626503
4733,2863969,1000,True,0.1246703639626503
4734,2863281,1000,True,0.1246703639626503
4735,2868298,1000,True,0.1246703639626503
4736,2862633,1000,True,0.1246703639626503
4737,2863142,1000,True,0.1246703639626503
4738,2863814,1000,True,0.1246703639626503
4739,3156925,1000,True,0.1246703639626503
4740,2865778,1000,True,0.1246703639626503
4741,2865775,1000,True,0.1246703639626503
4742,2865020,1000,True,0.1246703639626503
4743,2865913,1000,True,0.1246703639626503
4744,2864375,1000,True,0.1246703639626503
4745,2866663,1000,True,0.1246703639626503
4746,2864104,1000,True,0.1246703639626503
4747,2865908,1000,True,0.1246703639626503
4748,2865184,1000,True,0.1246703639626503
4749,2865551,1000,True,0.1246703639626503
4750,2862936,1000,True,0.1246703639626503
4751,2866388,1000,True,0.1246703639626503
4752,2861866,1000,True,0.1246703639626503
4753,2865203,1000,True,0.1246703639626503
4754,3156350,1000,True,0.1246703639626503
4755,2870293,1000,True,0.1246703639626503
4756,2864298,1000,True,0.1246703639626503
4757,2864433,1000,True,0.1246703639626503
4758,2865934,1000,True,0.1246703639626503
4759,2865316,1000,True,0.1246703639626503
4760,2865080,1000,True,0.1246703639626503
4761,2864027,1000,True,0.1246703639626503
4762,2864317,1000,True,0.1246703639626503
4763,2865107,1000,True,0.1246703639626503
4764,3161554,1000,True,0.1246703639626503
4765,2868113,1000,True,0.1246703639626503
4766,2867051,1000,True,0.1246703639626503
4767,2863748,1000,True,0.1246703639626503
4768,2864497,1000,True,0.1246703639626503
4769,2868346,1000,True,0.1246703639626503
4770,2865615,1000,True,0.1246703639626503
4771,2865104,1000,True,0.1246703639626503
4772,2862997,1000,True,0.1246703639626503
4773,2862569,1000,True,0.1246703639626503
4774,2863974,1000,True,0.1246703639626503
4775,2865398,1000,True,0.1246703639626503
4776,2865589,1000,True,0.1246703639626503
4777,2869209,1000,True,0.1246703639626503
4778,2864678,1000,True,0.1246703639626503
4779,3151043,1000,True,0.1246703639626503
4780,2864391,1000,True,0.1246703639626503
4781,2864190,1000,True,0.1246703639626503
4782,2864033,1000,True,0.1246703639626503
4783,2866759,1000,True,0.1246703639626503
4784,2865648,1000,True,0.1246703639626503
4785,2863057,1000,True,0.1246703639626503
4786,2865318,1000,True,0.1246703639626503
4787,2865866,1000,True,0.1246703639626503
4788,2867735,1000,True,0.1246703639626503
4789,2865442,1000,True,0.1246703639626503
4790,2867131,1000,True,0.1246703639626503
4791,2868133,1000,True,0.1246703639626503
4792,2866531,1000,True,0.1246703639626503
4793,3161665,1000,True,0.1246703639626503
4794,2869074,1000,True,0.1246703639626503
4795,2865480,1000,True,0.1246703639626503
4796,2864101,1000,True,0.1246703639626503
4797,2866381,1000,True,0.1246703639626503
4798,2866271,1000,True,0.1246703639626503
4799,2864906,1000,True,0.1246703639626503
4800,2864752,1000,True,0.1246703639626503
4801,2863980,1000,True,0.1246703639626503
4802,2864433,1000,True,0.1246703639626503
4803,2866992,1000,True,0.1246703639626503
4804,2864595,1000,True,0.1246703639626503
4805,2863842,1000,True,0.1246703639626503
4806,2865304,1000,True,0.1246703639626503
4807,3158975,1000,True,0.1246703639626503
4808,2870157,1000,True,0.1246703639626503
4809,2865419,1000,True,0.1246703639626503
4810,2865551,1000,True,0.1246703639626503
4811,2868068,1000,True,0.1246703639626503
4812,2864065,1000,True,0.1246703639626503
4813,2866660,1000,True,0.1246703639626503
4814,2863336,1000,True,0.1246703639626503
4815,2866576,1000,True,0.1246703639626503
4816,2867793,1000,True,0.1246703639626503
4817,2863759,1000,True,0.1246703639626503
4818,2865250,1000,True,0.1246703639626503
4819,2866977,1000,True,0.1246703639626503
4820,2863886,1000,True,0.1246703639626503
4821,2867760,1000,True,0.1246703639626503
4822,3152072,1000,True,0.1246703639626503
4823,2866439,1000,True,0.1246703639626503
4824,2864668,1000,True,0.1246703639626503
4825,2864980,1000,True,0.1246703639626503
4826,2864935,1000,True,0.1246703639626503
4827,2867509,1000,True,0.1246703639626503
4828,2868465,1000,True,0.1246703639626503
4829,2862155,1000,True,0.1246703639626503
4830,2865216,1000,True,0.1246703639626503
4831,2865083,1000,True,0.1246703639626503
4832,2863878,1000,True,0.1246703639626503
4833,2865341,1000,True,0.1246703639626503
4834,2863650,1000,True,0.1246703639626503
4835,2868224,1000,True,0.1246703639626503
4836,3156640,1000,True,0.1246703639626503
4837,2865792,1000,True,0.1246703639626503
4838,2864179,1000,True,0.1246703639626503
4839,2868243,1000,True,0.1246703639626503
4840,2865459,1000,True,0.1246703639626503
4841,2864353,1000,True,0.1246703639626503
4842,2863522,1000,True,0.1246703639626503
4843,2866359,1000,True,0.1246703639626503
4844,2865301,1000,True,0.1246703639626503
4845,2867907,1000,True,0.1246703639626503
4846,2864707,1000,True,0.1246703639626503
4847,2868922,1000,True,0.1246703639626503
4848,2865090,1000,True,0.1246703639626503
4849,2864756,1000,True,0.1246703639626503
4850,3162705,1000,True,0.1246703639626503
4851,2865552,1000,True,0.1246703639626503
4852,2862751,1000,True,0.1246703639626503
4853,2866313,1000,True,0.1246703639626503
4854,2864445,1000,True,0.1246703639626503
4855,2865791,1000,True,0.1246703639626503
4856,2864906,1000,True,0.1246703639626503
4857,2862056,1000,True,0.1246703639626503
4858,2865285,1000,True,0.1246703639626503
4859,2864133,1000,True,0.1246703639626503
4860,2865449,1000,True,0.1246703639626503
4861,3156308,1000,True,0.1246703639626503
4862,2867477,1000,True,0.1246703639626503
4863,2867322,1000,True,0.1246703639626503
4864,2868724,1000,True,0.1246703639626503
4865,2863463,1000,True,0.1246703639626503
4866,2863221,1000,True,0.1246703639626503
4867,2868680,1000,True,0.1246703639626503
4868,2864762,1000,True,0.1246703639626503
4869,2865804,1000,True,0.1246703639626503
4870,2864957,1000,True,0.1246703639626503
4871,2866810,1000,True,0.1246703639626503
4872,2868825,1000,True,0.1246703639626503
4873,2865949,1000,True,0.1246703639626503
4874,2864211,1000,True,0.1246703639626503
4875,2867961,1000,True,0.1246703639626503
4876,3144532,1000,True,0.1246703639626503
4877,2863946,1000,True,0.1246703639626503
4878,2863915,1000,True,0.1246703639626503
4879,2868946,1000,True,0.1246703639626503
4880,2865753,1000,True,0.1246703639626503
4881,2865302,1000,True,0.1246703639626503
4882,2863732,1000,True,0.1246703639626503
4883,2864747,1000,True,0.1246703639626503
4884,2865233,1000,True,0.1246703639626503
4885,2866327,1000,True,0.1246703639626503
4886,2866557,1000,True,0.1246703639626503
4887,2867794,1000,True,0.1246703639626503
4888,2865262,1000,True,0.1246703639626503
4889,2864528,1000,True,0.1246703639626503
4890,3150774,1000,True,0.1246703639626503
4891,2864159,1000,True,0.1246703639626503
4892,2864762,1000,True,0.1246703639626503
4893,2861907,1000,True,0.1246703639626503
4894,2864464,1000,True,0.1246703639626503
4895,2866597,1000,True,0.1246703639626503
4896,2869546,1000,True,0.1246703639626503
4897,2871696,1000,True,0.1246703639626503
4898,2867296,1000,True,0.1246703639626503
4899,2868321,1000,True,0.1246703639626503
4900,2864529,1000,True,0.1246703639626503
4901,2867192,1000,True,0.1246703639626503
4902,2865150,1000,True,0.1246703639626503
4903,2865715,1000,True,0.1246703639626503
4904,3163554,1000,True,0.1246703639626503
4905,2866828,1000,True,0.1246703639626503
4906,2865926,1000,True,0.1246703639626503
4907,2867713,1000,True,0.1246703639626503
4908,2862286,1000,True,0.1246703639626503
4909,2864978,1000,True,0.1246703639626503
4910,2863617,1000,True,0.1246703639626503
4911,2868172,1000,True,0.1246703639626503
4912,2873322,1000,True,0.1246703639626503
4913,2866005,1000,True,0.1246703639626503
4914,2868180,1000,True,0.1246703639626503
4915,2870293,1000,True,0.1246703639626503
4916,2867994,1000,True,0.1246703639626503
4917,2867346,1000,True,0.1246703639626503
4918,3159725,1000,True,0.1246703639626503
4919,2868232,1000,True,0.1246703639626503
4920,2866367,1000,True,0.1246703639626503
4921,2865914,1000,True,0.1246703639626503
4922,2869185,1000,True,0.1246703639626503
4923,2868425,1000,True,0.1246703639626503
4924,2867104,1000,True,0.1246703639626503
4925,2864862,1000,True,0.1246703639626503
4926,2864929,1000,True,0.1246703639626503
4927,2869442,1000,True,0.1246703639626503
4928,2865169,1000,True,0.1246703639626503
4929,2864323,1000,True,0.1246703639626503
4930,2865750,1000,True,0.1246703639626503
4931,2865867,1000,True,0.1246703639626503
4932,2866817,1000,True,0.1246703639626503
4933,3713489,1000,True,0.1246703639626503
4934,2866455,1000,True,0.1246703639626503
4935,2866950,1000,True,0.1246703639626503
4936,2864213,1000,True,0.1246703639626503
4937,2862695,1000,True,0.1246703639626503
4938,2866103,1000,True,0.1246703639626503
4939,2865828,1000,True,0.1246703639626503
4940,2863278,1000,True,0.1246703639626503
4941,2863349,1000,True,0.1246703639626503
4942,2862220,1000,True,0.1246703639626503
4943,2867388,1000,True,0.1246703639626503
4944,2866142,1000,True,0.1246703639626503
4945,2865200,1000,True,0.1246703639626503
4946,2866232,1000,True,0.1246703639626503
4947,3152074,1000,True,0.1246703639626503
4948,2864073,1000,True,0.1246703639626503
4949,2864071,1000,True,0.1246703639626503
4950,2867481,1000,True,0.1246703639626503
4951,2867626,1000,True,0.1246703639626503
4952,2861599,1000,True,0.1246703639626503
4953,2862918,1000,True,0.1246703639626503
4954,2865429,1000,True,0.1246703639626503
4955,2866002,1000,True,0.1246703639626503
4956,2865420,1000,True,0.1246703639626503
4957,2864073,1000,True,0.1246703639626503
4958,3156435,1000,True,0.1246703639626503
4959,2865153,1000,True,0.1246703639626503
4960,2867125,1000,True,0.1246703639626503
4961,2864012,1000,True,0.1246703639626503
4962,2864315,1000,True,0.1246703639626503
4963,2866591,1000,True,0.1246703639626503
4964,2863550,1000,True,0.1246703639626503
4965,2865835,1000,True,0.1246703639626503
4966,2864871,1000,True,0.1246703639626503
4967,2867563,1000,True,0.1246703639626503
4968,2863777,1000,True,0.1246703639626503
4969,2863663,1000,True,0.1246703639626503
4970,2862906,1000,True,0.1246703639626503
4971,2865133,1000,True,0.1246703639626503
4972,3155973,1000,True,0.1246703639626503
4973,2865812,1000,True,0.1246703639626503
4974,2865420,1000,True,0.1246703639626503
4975,2865675,1000,True,0.1246703639626503
4976,2866037,1000,True,0.1246703639626503
4977,2864488,1000,True,0.1246703639626503
4978,2865678,1000,True,0.1246703639626503
4979,2868045,1000,True,0.1246703639626503
4980,2862667,1000,True,0.1246703639626503
4981,2863519,1000,True,0.1246703639626503
4982,2865493,1000,True,0.1246703639626503
4983,2867445,1000,True,0.1246703639626503
4984,2868023,1000,True,0.1246703639626503
4985,2863477,1000,True,0.1246703639626503
4986,3158373,1000,True,0.1246703639626503
4987,2868596,1000,True,0.1246703639626503
4988,2864504,1000,True,0.1246703639626503
4989,2863158,1000,True,0.1246703639626503
4990,2864956,1000,True,0.1246703639626503
4991,2869039,1000,True,0.1246703639626503
4992,2864258,1000,True,0.1246703639626503
4993,2864521,1000,True,0.1246703639626503
4994,2865212,1000,True,0.1246703639626503
4995,2869878,1000,True,0.1246703639626503
4996,2863119,1000,True,0.1246703639626503
4997,2864753,1000,True,0.1246703639626503
4998,2865729,1000,True,0.1246703639626503
4999,2866743,1000,True,0.1246703639626503
5000,2863564,1000,True,0.1246703639626503
5001,3150499,1000,True,0.1246703639626503
5002,2868442,1000,True,0.1246703639626503
5003,2867770,1000,True,0.1246703639626503
5004,2866444,1000,True,0.1246703639626503
5005,2863826,1000,True,0.1246703639626503
5006,2863092,1000,True,0.1246703639626503
5007,2868686,1000,True,0.1246703639626503
5008,2866840,1000,True,0.1246703639626503
5009,2871277,1000,True,0.1246703639626503
5010,2866440,1000,True,0.1246703639626503
5011,2865615,1000,True,0.1246703639626503
5012,2876334,1000,True,0.1246703639626503
5013,2866610,1000,True,0.1246703639626503
5014,2869460,1000,True,0.1246703639626503
5015,3159300,1000,True,0.1246703639626503
5016,2866810,1000,True,0.1246703639626503
5017,2865294,1000,True,0.1246703639626503
5018,2863509,1000,True,0.1246703639626503
5019,2867409,1000,True,0.1246703639626503
5020,2867472,1000,True,0.1246703639626503
5021,2865130,1000,True,0.1246703639626503
5022,2864071,1000,True,0.1246703639626503
5023,2863978,1000,True,0.1246703639626503
5024,2862217,1000,True,0.1246703639626503
5025,2868044,1000,True,0.1246703639626503
5026,2866337,1000,True,0.1246703639626503
5027,2865163,1000,True,0.1246703639626503
5028,2868424,1000,True,0.1246703639626503
5029,3161040,1000,True,0.1246703639626503
5030,2867198,1000,True,0.1246703639626503
5031,2867571,1000,True,0.1246703639626503
5032,2862354,1000,True,0.1246703639626503
5033,2866075,1000,True,0.1246703639626503
5034,2866882,1000,True,0.1246703639626503
5035,2868736,1000,True,0.1246703639626503
5036,2864215,1000,True,0.1246703639626503
5037,2865718,1000,True,0.1246703639626503
5038,2868102,1000,True,0.1246703639626503
5039,2866742,1000,True,0.1246703639626503
5040,3153326,1000,True,0.1246703639626503
5041,2864756,1000,True,0.1246703639626503
5042,2868462,1000,True,0.1246703639626503
5043,2998572,1000,True,0.1246703639626503
5044,2870033,1000,True,0.1246703639626503
5045,2864406,1000,True,0.1246703639626503
5046,2867594,1000,True,0.1246703639626503
5047,2868317,1000,True,0.1246703639626503
5048,2865047,1000,True,0.1246703639626503
5049,2865419,1000,True,0.1246703639626503
5050,2865690,1000,True,0.1246703639626503
5051,2868715,1000,True,0.1246703639626503
5052,2865295,1000,True,0.1246703639626503
5053,2864313,1000,True,0.1246703639626503
5054,3157152,1000,True,0.1246703639626503
5055,2868998,1000,True,0.1246703639626503
5056,2868390,1000,True,0.1246703639626503
5057,2863226,1000,True,0.1246703639626503
5058,2865802,1000,True,0.1246703639626503
5059,2868205,1000,True,0.1246703639626503
5060,2866585,1000,True,0.1246703639626503
5061,2864718,1000,True,0.1246703639626503
5062,2866994,1000,True,0.1246703639626503
5063,2868092,1000,True,0.1246703639626503
5064,2866471,1000,True,0.1246703639626503
5065,2867119,1000,True,0.1246703639626503
5066,2862847,1000,True,0.1246703639626503
5067,2869433,1000,True,0.1246703639626503
5068,2865263,1000,True,0.1246703639626503
5069,3155662,1000,True,0.1246703639626503
5070,2865274,1000,True,0.1246703639626503
5071,2866244,1000,True,0.1246703639626503
5072,2867285,1000,True,0.1246703639626503
5073,2864140,1000,True,0.1246703639626503
5074,2868262,1000,True,0.1246703639626503
5075,2865814,1000,True,0.1246703639626503
5076,2864116,1000,True,0.1246703639626503
5077,2869273,1000,True,0.1246703639626503
5078,2865402,1000,True,0.1246703639626503
5079,2866500,1000,True,0.1246703639626503
5080,2863519,1000,True,0.1246703639626503
5081,2870018,1000,True,0.1246703639626503
5082,2864458,1000,True,0.1246703639626503
5083,3159039,1000,True,0.1246703639626503
5084,2864774,1000,True,0.1246703639626503
5085,2866045,1000,True,0.1246703639626503
5086,2866465,1000,True,0.1246703639626503
5087,2865885,1000,True,0.1246703639626503
5088,2866868,1000,True,0.1246703639626503
5089,2866201,1000,True,0.1246703639626503
5090,2865257,1000,True,0.1246703639626503
5091,2865831,1000,True,0.1246703639626503
5092,2866787,1000,True,0.1246703639626503
5093,2865733,1000,True,0.1246703639626503
5094,2869329,1000,True,0.1246703639626503
5095,2868328,1000,True,0.1246703639626503
5096,2869994,1000,True,0.1246703639626503
5097,3161858,1000,True,0.1246703639626503
5098,2871625,1000,True,0.1246703639626503
5099,2866280,1000,True,0.1246703639626503
5100,2866464,1000,True,0.1246703639626503
5101,2863669,1000,True,0.1246703639626503
5102,2864191,1000,True,0.1246703639626503
5103,2867080,1000,True,0.1246703639626503
5104,2866146,1000,True,0.1246703639626503
5105,2864430,1000,True,0.1246703639626503
5106,2868045,1000,True,0.1246703639626503
5107,2871478,1000,True,0.1246703639626503
5108,2865621,1000,True,0.1246703639626503
5109,2867534,1000,True,0.1246703639626503
5110,2867751,1000,True,0.1246703639626503
5111,3151197,1000,True,0.1246703639626503
5112,2877057,1000,True,0.1246703639626503
5113,2879861,1000,True,0.1246703639626503
5114,2881331,1000,True,0.1246703639626503
5115,2884708,1000,True,0.1246703639626503
5116,2880348,1000,True,0.1246703639626503
5117,2882431,1000,True,0.1246703639626503
5118,2883286,1000,True,0.1246703639626503
5119,2882935,1000,True,0.1246703639626503
5120,2875444,1000,True,0.1246703639626503
5121,2877519,1000,True,0.1246703639626503
5122,2877497,1000,True,0.1246703639626503
5123,2882198,1000,True,0.1246703639626503
5124,2878140,1000,True,0.1246703639626503
5125,2878989,1000,True,0.1246703639626503
5126,3169884,1000,True,0.1246703639626503
5127,2879393,1000,True,0.1246703639626503
5128,2878822,1000,True,0.1246703639626503
5129,2877779,1000,True,0.1246703639626503
5130,2876686,1000,True,0.1246703639626503
5131,2881929,1000,True,0.1246703639626503
5132,2877493,1000,True,0.1246703639626503
5133,2876276,1000,True,0.1246703639626503
5134,2879004,1000,True,0.1246703639626503
5135,2883601,1000,True,0.1246703639626503
5136,2890017,1000,True,0.1246703639626503
5137,3170118,1000,True,0.1246703639626503
5138,2886819,1000,True,0.1246703639626503
5139,2881939,1000,True,0.1246703639626503
5140,2881093,1000,True,0.1246703639626503
5141,2880101,1000,True,0.1246703639626503
5142,2877842,1000,True,0.1246703639626503
5143,2882985,1000,True,0.1246703639626503
5144,2880267,1000,True,0.1246703639626503
5145,2878519,1000,True,0.1246703639626503
5146,2886078,1000,True,0.1246703639626503
5147,2880309,1000,True,0.1246703639626503
5148,2879034,1000,True,0.1246703639626503
5149,2876143,1000,True,0.1246703639626503
5150,2878954,1000,True,0.1246703639626503
5151,3170260,1000,True,0.1246703639626503
5152,2877596,1000,True,0.1246703639626503
5153,2878035,1000,True,0.1246703639626503
5154,2882955,1000,True,0.1246703639626503
5155,2879555,1000,True,0.1246703639626503
5156,2880692,1000,True,0.1246703639626503
5157,2880763,1000,True,0.1246703639626503
5158,2876197,1000,True,0.1246703639626503
5159,2890840,1000,True,0.1246703639626503
5160,2880925,1000,True,0.1246703639626503
5161,2882208,1000,True,0.1246703639626503
5162,2879117,1000,True,0.1246703639626503
5163,2878717,1000,True,0.1246703639626503
5164,2879155,1000,True,0.1246703639626503
5165,3171879,1000,True,0.1246703639626503
5166,2877871,1000,True,0.1246703639626503
5167,2879493,1000,True,0.1246703639626503
5168,2884512,1000,True,0.1246703639626503
5169,2876623,1000,True,0.1246703639626503
5170,2881801,1000,True,0.1246703639626503
5171,2881564,1000,True,0.1246703639626503
5172,2881701,1000,True,0.1246703639626503
5173,2878621,1000,True,0.1246703639626503
5174,2879139,1000,True,0.1246703639626503
5175,2877096,1000,True,0.1246703639626503
5176,2886179,1000,True,0.1246703639626503
5177,2879430,1000,True,0.1246703639626503
5178,2881976,1000,True,0.1246703639626503
5179,3177441,1000,True,0.1246703639626503
5180,2883874,1000,True,0.1246703639626503
5181,2883168,1000,True,0.1246703639626503
5182,2878919,1000,True,0.1246703639626503
5183,2881363,1000,True,0.1246703639626503
5184,2876347,1000,True,0.1246703639626503
5185,2893427,1000,True,0.1246703639626503
5186,2881779,1000,True,0.1246703639626503
5187,2880179,1000,True,0.1246703639626503
5188,2879173,1000,True,0.1246703639626503
5189,2882122,1000,True,0.1246703639626503
5190,2880529,1000,True,0.1246703639626503
5191,2881530,1000,True,0.1246703639626503
5192,2878529,1000,True,0.1246703639626503
5193,3176086,1000,True,0.1246703639626503
5194,2882979,1000,True,0.1246703639626503
5195,2881030,1000,True,0.1246703639626503
5196,2882390,1000,True,0.1246703639626503
5197,2880922,1000,True,0.1246703639626503
5198,2880283,1000,True,0.1246703639626503
5199,2880613,1000,True,0.1246703639626503
5200,2876431,1000,True,0.1246703639626503
5201,2880418,1000,True,0.1246703639626503
5202,2875483,1000,True,0.1246703639626503
5203,2880424,1000,True,0.1246703639626503
5204,2878869,1000,True,0.1246703639626503
5205,2879874,1000,True,0.1246703639626503
5206,2876153,1000,True,0.1246703639626503
5207,2883975,1000,True,0.1246703639626503
5208,3167271,1000,True,0.1246703639626503
5209,2875622,1000,True,0.1246703639626503
5210,2879790,1000,True,0.1246703639626503
5211,2878824,1000,True,0.1246703639626503
5212,2879055,1000,True,0.1246703639626503
5213,2878733,1000,True,0.1246703639626503
5214,2875823,1000,True,0.1246703639626503
5215,2879873,1000,True,0.1246703639626503
5216,2879672,1000,True,0.1246703639626503
5217,2877126,1000,True,0.1246703639626503
5218,2879761,1000,True,0.1246703639626503
5219,2883975,1000,True,0.1246703639626503
5220,2880402,1000,True,0.1246703639626503
5221,2877771,1000,True,0.1246703639626503
5222,3178881,1000,True,0.1246703639626503
5223,2878566,1000,True,0.1246703639626503
5224,2877980,1000,True,0.1246703639626503
5225,2876599,1000,True,0.1246703639626503
5226,2880437,1000,True,0.1246703639626503
5227,2884023,1000,True,0.1246703639626503
5228,2879814,1000,True,0.1246703639626503
5229,2876424,1000,True,0.1246703639626503
5230,2876566,1000,True,0.1246703639626503
5231,2878763,1000,True,0.1246703639626503
5232,2879085,1000,True,0.1246703639626503
5233,2878590,1000,True,0.1246703639626503
5234,2878705,1000,True,0.1246703639626503
5235,2880719,1000,True,0.1246703639626503
5236,3174864,1000,True,0.1246703639626503
5237,2880994,1000,True,0.1246703639626503
5238,2878786,1000,True,0.1246703639626503
5239,2880842,1000,True,0.1246703639626503
5240,2877822,1000,True,0.1246703639626503
5241,2877615,1000,True,0.1246703639626503
5242,2876523,1000,True,0.1246703639626503
5243,2880916,1000,True,0.1246703639626503
5244,2876085,1000,True,0.1246703639626503
5245,2879266,1000,True,0.1246703639626503
5246,2878713,1000,True,0.1246703639626503
5247,3184993,1000,True,0.1246703639626503
5248,2885937,1000,True,0.1246703639626503
5249,2878154,1000,True,0.1246703639626503
5250,2877749,1000,True,0.1246703639626503
5251,2879456,1000,True,0.1246703639626503
5252,2875482,1000,True,0.1246703639626503
5253,2877392,1000,True,0.1246703639626503
5254,2876110,1000,True,0.1246703639626503
5255,2877326,1000,True,0.1246703639626503
5256,2878263,1000,True,0.1246703639626503
5257,2878130,1000,True,0.1246703639626503
5258,2877655,1000,True,0.1246703639626503
5259,2880271,1000,True,0.1246703639626503
5260,2878430,1000,True,0.1246703639626503
5261,3175501,1000,True,0.1246703639626503
5262,2878895,1000,True,0.1246703639626503
5263,2880888,1000,True,0.1246703639626503
5264,2875872,1000,True,0.1246703639626503
5265,2879050,1000,True,0.1246703639626503
5266,2877401,1000,True,0.1246703639626503
5267,2880486,1000,True,0.1246703639626503
5268,2877704,1000,True,0.1246703639626503
5269,2877701,1000,True,0.1246703639626503
5270,2875626,1000,True,0.1246703639626503
5271,2881272,1000,True,0.1246703639626503
5272,2880384,1000,True,0.1246703639626503
5273,2882952,1000,True,0.1246703639626503
5274,2877352,1000,True,0.1246703639626503
5275,3172118,1000,True,0.1246703639626503
5276,3013234,1000,True,0.1246703639626503
5277,3415675,1000,True,0.1246703639626503
5278,2881102,1000,True,0.1246703639626503
5279,2881669,1000,True,0.1246703639626503
5280,2879606,1000,True,0.1246703639626503
5281,2876259,1000,True,0.1246703639626503
5282,2882872,1000,True,0.1246703639626503
5283,2887177,1000,True,0.1246703639626503
5284,2877075,1000,True,0.1246703639626503
5285,2878314,1000,True,0.1246703639626503
5286,2879216,1000,True,0.1246703639626503
5287,2880980,1000,True,0.1246703639626503
5288,2880116,1000,True,0.1246703639626503
5289,3174886,1000,True,0.1246703639626503
5290,2878334,1000,True,0.1246703639626503
5291,2880251,1000,True,0.1246703639626503
5292,2876416,1000,True,0.1246703639626503
5293,2878064,1000,True,0.1246703639626503
5294,2878220,1000,True,0.1246703639626503
5295,2878482,1000,True,0.1246703639626503
5296,2876858,1000,True,0.1246703639626503
5297,2880899,1000,True,0.1246703639626503
5298,2882188,1000,True,0.1246703639626503
5299,2878428,1000,True,0.1246703639626503
5300,2878016,1000,True,0.1246703639626503
5301,2879451,1000,True,0.1246703639626503
5302,2877993,1000,True,0.1246703639626503
5303,2882530,1000,True,0.1246703639626503
5304,3169691,1000,True,0.1246703639626503
5305,2880368,1000,True,0.1246703639626503
5306,2880268,1000,True,0.1246703639626503
5307,2878022,1000,True,0.1246703639626503
5308,2880669,1000,True,0.1246703639626503
5309,2874548,1000,True,0.1246703639626503
5310,2877029,1000,True,0.1246703639626503
5311,2879762,1000,True,0.1246703639626503
5312,2878985,1000,True,0.1246703639626503
5313,2877711,1000,True,0.1246703639626503
5314,2881270,1000,True,0.1246703639626503
5315,2880750,1000,True,0.1246703639626503
5316,2879173,1000,True,0.1246703639626503
5317,2879030,1000,True,0.1246703639626503
5318,3170187,1000,True,0.1246703639626503
5319,2879302,1000,True,0.1246703639626503
5320,2876131,1000,True,0.1246703639626503
5321,2876977,1000,True,0.1246703639626503
5322,2880422,1000,True,0.1246703639626503
5323,2882072,1000,True,0.1246703639626503
5324,2879993,1000,True,0.1246703639626503
5325,2882573,1000,True,0.1246703639626503
5326,2876679,1000,True,0.1246703639626503
5327,2878303,1000,True,0.1246703639626503
5328,2878753,1000,True,0.1246703639626503
5329,3163409,1000,True,0.1246703639626503
5330,2881156,1000,True,0.1246703639626503
5331,2879607,1000,True,0.1246703639626503
5332,2878182,1000,True,0.1246703639626503
5333,2878678,1000,True,0.1246703639626503
5334,2879400,1000,True,0.1246703639626503
5335,2879086,1000,True,0.1246703639626503
5336,2879126,1000,True,0.1246703639626503
5337,2877266,1000,True,0.1246703639626503
5338,2878948,1000,True,0.1246703639626503
5339,2881133,1000,True,0.1246703639626503
5340,2876015,1000,True,0.1246703639626503
5341,2877939,1000,True,0.1246703639626503
5342,2876932,1000,True,0.1246703639626503
5343,3169863,1000,True,0.1246703639626503
5344,2877069,1000,True,0.1246703639626503
5345,2876577,1000,True,0.1246703639626503
5346,2881919,1000,True,0.1246703639626503
5347,3030871,1000,True,0.1246703639626503
5348,3041784,1000,True,0.1246703639626503
5349,3016653,1000,True,0.1246703639626503
5350,2979122,1000,True,0.1246703639626503
5351,2913147,1000,True,0.1246703639626503
5352,2893314,1000,True,0.1246703639626503
5353,2887349,1000,True,0.1246703639626503
5354,2881925,1000,True,0.1246703639626503
5355,2885724,1000,True,0.1246703639626503
5356,2879874,1000,True,0.1246703639626503
5357,3170516,1000,True,0.1246703639626503
5358,2882584,1000,True,0.1246703639626503
5359,2879401,1000,True,0.1246703639626503
5360,2880023,1000,True,0.1246703639626503
5361,2880979,1000,True,0.1246703639626503
5362,2882018,1000,True,0.1246703639626503
5363,2878295,1000,True,0.1246703639626503
5364,2884631,1000,True,0.1246703639626503
5365,2884400,1000,True,0.1246703639626503
5366,2886072,1000,True,0.1246703639626503
5367,2884636,1000,True,0.1246703639626503
5368,2878947,1000,True,0.1246703639626503
5369,2889868,1000,True,0.1246703639626503
5370,2883457,1000,True,0.1246703639626503
5371,3180162,1000,True,0.1246703639626503
5372,2888260,1000,True,0.1246703639626503
5373,2879181,1000,True,0.1246703639626503
5374,2880698,1000,True,0.1246703639626503
5375,2879876,1000,True,0.1246703639626503
5376,2879817,1000,True,0.1246703639626503
5377,2880603,1000,True,0.1246703639626503
5378,2883528,1000,True,0.1246703639626503
5379,2880949,1000,True,0.1246703639626503
5380,2878917,1000,True,0.1246703639626503
5381,2879164,1000,True,0.1246703639626503
5382,2880514,1000,True,0.1246703639626503
5383,2881467,1000,True,0.1246703639626503
5384,2877899,1000,True,0.1246703639626503
5385,3170845,1000,True,0.1246703639626503
5386,2883092,1000,True,0.1246703639626503
5387,2882067,1000,True,0.1246703639626503
5388,2880451,1000,True,0.1246703639626503
5389,2876537,1000,True,0.1246703639626503
5390,2881225,1000,True,0.1246703639626503
5391,2879986,1000,True,0.1246703639626503
5392,2876904,1000,True,0.1246703639626503
5393,2879302,1000,True,0.1246703639626503
5394,2875966,1000,True,0.1246703639626503
5395,2882240,1000,True,0.1246703639626503
5396,2880464,1000,True,0.1246703639626503
5397,2881484,1000,True,0.1246703639626503
5398,2878228,1000,True,0.1246703639626503
5399,2881125,1000,True,0.1246703639626503
5400,3169527,1000,True,0.1246703639626503
5401,2877387,1000,True,0.1246703639626503
5402,2881509,1000,True,0.1246703639626503
5403,2882932,1000,True,0.1246703639626503
5404,2876209,1000,True,0.1246703639626503
5405,2880557,1000,True,0.1246703639626503
5406,2882372,1000,True,0.1246703639626503
5407,2880222,1000,True,0.1246703639626503
5408,2877242,1000,True,0.1246703639626503
5409,2877770,1000,True,0.1246703639626503
5410,2879048,1000,True,0.1246703639626503
5411,2878446,1000,True,0.1246703639626503
5412,2880126,1000,True,0.1246703639626503
5413,2878893,1000,True,0.1246703639626503
5414,3170673,1000,True,0.1246703639626503
5415,2878130,1000,True,0.1246703639626503
5416,2877438,1000,True,0.1246703639626503
5417,2879127,1000,True,0.1246703639626503
5418,2882197,1000,True,0.1246703639626503
5419,2881295,1000,True,0.1246703639626503
5420,2880649,1000,True,0.1246703639626503
5421,2879499,1000,True,0.1246703639626503
5422,2881139,1000,True,0.1246703639626503
5423,2881410,1000,True,0.1246703639626503
5424,2878476,1000,True,0.1246703639626503
5425,2878381,1000,True,0.1246703639626503
5426,2876540,1000,True,0.1246703639626503
5427,2877482,1000,True,0.1246703639626503
5428,3171023,1000,True,0.1246703639626503
5429,2882062,1000,True,0.1246703639626503
5430,2882004,1000,True,0.1246703639626503
5431,2878321,1000,True,0.1246703639626503
5432,2878694,1000,True,0.1246703639626503
5433,2879985,1000,True,0.1246703639626503
5434,2876519,1000,True,0.1246703639626503
5435,2879953,1000,True,0.1246703639626503
5436,2884122,1000,True,0.1246703639626503
5437,2877745,1000,True,0.1246703639626503
5438,2877967,1000,True,0.1246703639626503
5439,2879984,1000,True,0.1246703639626503
5440,2875368,1000,True,0.1246703639626503
5441,2879589,1000,True,0.1246703639626503
5442,3170290,1000,True,0.1246703639626503
5443,2882638,1000,True,0.1246703639626503
5444,2880698,1000,True,0.1246703639626503
5445,2877043,1000,True,0.1246703639626503
5446,2878735,1000,True,0.1246703639626503
5447,2876821,1000,True,0.1246703639626503
5448,2880995,1000,True,0.1246703639626503
5449,2879730,1000,True,0.1246703639626503
5450,2876773,1000,True,0.1246703639626503
5451,2878236,1000,True,0.1246703639626503
5452,2877345,1000,True,0.1246703639626503
5453,3176409,1000,True,0.1246703639626503
5454,2879664,1000,True,0.1246703639626503
5455,2880608,1000,True,0.1246703639626503
5456,2881528,1000,True,0.1246703639626503
5457,2881075,1000,True,0.1246703639626503
5458,2877996,1000,True,0.1246703639626503
5459,2878017,1000,True,0.1246703639626503
5460,2882081,1000,True,0.1246703639626503
5461,2876059,1000,True,0.1246703639626503
5462,2878102,1000,True,0.1246703639626503
5463,2883287,1000,True,0.1246703639626503
5464,2879305,1000,True,0.1246703639626503
5465,2880577,1000,True,0.1246703639626503
5466,2877931,1000,True,0.1246703639626503
5467,3172339,1000,True,0.1246703639626503
5468,2883626,1000,True,0.1246703639626503
5469,2876781,1000,True,0.1246703639626503
5470,2877093,1000,True,0.1246703639626503
5471,2879223,1000,True,0.1246703639626503
5472,2879344,1000,True,0.1246703639626503
5473,2878577,1000,True,0.1246703639626503
5474,2875805,1000,True,0.1246703639626503
5475,2878010,1000,True,0.1246703639626503
5476,2879505,1000,True,0.1246703639626503
5477,2879016,1000,True,0.1246703639626503
5478,2878946,1000,True,0.1246703639626503
5479,2878597,1000,True,0.1246703639626503
5480,2878346,1000,True,0.1246703639626503
5481,2879688,1000,True,0.1246703639626503
5482,3168091,1000,True,0.1246703639626503
5483,2880133,1000,True,0.1246703639626503
5484,2882381,1000,True,0.1246703639626503
5485,2880453,1000,True,0.1246703639626503
5486,2878425,1000,True,0.1246703639626503
5487,2879517,1000,True,0.1246703639626503
5488,2883560,1000,True,0.1246703639626503
5489,2879806,1000,True,0.1246703639626503
5490,2876727,1000,True,0.1246703639626503
5491,2880917,1000,True,0.1246703639626503
5492,2883162,1000,True,0.1246703639626503
5493,2882287,1000,True,0.1246703639626503
5494,2879976,1000,True,0.1246703639626503
5495,2881003,1000,True,0.1246703639626503
5496,3164154,1000,True,0.1246703639626503
5497,2878112,1000,True,0.1246703639626503
5498,2881810,1000,True,0.1246703639626503
5499,2881041,1000,True,0.1246703639626503
5500,2880726,1000,True,0.1246703639626503
5501,2878515,1000,True,0.1246703639626503
5502,2882196,1000,True,0.1246703639626503
5503,2880026,1000,True,0.1246703639626503
5504,2878658,1000,True,0.1246703639626503
5505,2881037,1000,True,0.1246703639626503
5506,2879658,1000,True,0.1246703639626503
5507,2879335,1000,True,0.1246703639626503
5508,2877025,1000,True,0.1246703639626503
5509,2878446,1000,True,0.1246703639626503
5510,3175775,1000,True,0.1246703639626503
5511,2881525,1000,True,0.1246703639626503
5512,2879001,1000,True,0.1246703639626503
5513,2879375,1000,True,0.1246703639626503
5514,2882103,1000,True,0.1246703639626503
5515,2880718,1000,True,0.1246703639626503
5516,2876525,1000,True,0.1246703639626503
5517,2878528,1000,True,0.1246703639626503
5518,2879642,1000,True,0.1246703639626503
5519,2881113,1000,True,0.1246703639626503
5520,2877994,1000,True,0.1246703639626503
5521,2876658,1000,True,0.1246703639626503
5522,2876971,1000,True,0.1246703639626503
5523,2879767,1000,True,0.1246703639626503
5524,3177698,1000,True,0.1246703639626503
5525,2881853,1000,True,0.1246703639626503
5526,2880533,1000,True,0.1246703639626503
5527,2879921,1000,True,0.1246703639626503
5528,2879650,1000,True,0.1246703639626503
5529,2880719,1000,True,0.1246703639626503
5530,2879011,1000,True,0.1246703639626503
5531,2881539,1000,True,0.1246703639626503
5532,2881773,1000,True,0.1246703639626503
5533,2876844,1000,True,0.1246703639626503
5534,2881333,1000,True,0.1246703639626503
5535,2880664,1000,True,0.1246703639626503
5536,2878493,1000,True,0.1246703639626503
5537,2877285,1000,True,0.1246703639626503
5538,2879123,1000,True,0.1246703639626503
5539,3169199,1000,True,0.1246703639626503
5540,2879294,1000,True,0.1246703639626503
5541,2876062,1000,True,0.1246703639626503
5542,2880141,1000,True,0.1246703639626503
5543,2877851,1000,True,0.1246703639626503
5544,2878118,1000,True,0.1246703639626503
5545,2880293,1000,True,0.1246703639626503
5546,2879017,1000,True,0.1246703639626503
5547,2876762,1000,True,0.1246703639626503
5548,2877828,1000,True,0.1246703639626503
5549,3168328,1000,True,0.1246703639626503
5550,2886863,1000,True,0.1246703639626503
5551,2881081,1000,True,0.1246703639626503
5552,2877961,1000,True,0.1246703639626503
5553,2878934,1000,True,0.1246703639626503
5554,2881244,1000,True,0.1246703639626503
5555,2883010,1000,True,0.1246703639626503
5556,2879514,1000,True,0.1246703639626503
5557,2877165,1000,True,0.1246703639626503
5558,2879980,1000,True,0.1246703639626503
5559,2881231,1000,True,0.1246703639626503
5560,2878488,1000,True,0.1246703639626503
5561,2878896,1000,True,0.1246703639626503
5562,2878305,1000,True,0.1246703639626503
5563,2882687,1000,True,0.1246703639626503
5564,3172015,1000,True,0.1246703639626503
5565,2879666,1000,True,0.1246703639626503
5566,2875826,1000,True,0.1246703639626503
5567,2879764,1000,True,0.1246703639626503
5568,2877320,1000,True,0.1246703639626503
5569,2877763,1000,True,0.1246703639626503
5570,2877066,1000,True,0.1246703639626503
5571,2879964,1000,True,0.1246703639626503
5572,2883404,1000,True,0.1246703639626503
5573,2877557,1000,True,0.1246703639626503
5574,2877929,1000,True,0.1246703639626503
5575,2879865,1000,True,0.1246703639626503
5576,2880102,1000,True,0.1246703639626503
5577,2878614,1000,True,0.1246703639626503
5578,3169794,1000,True,0.1246703639626503
5579,2880576,1000,True,0.1246703639626503
5580,2880636,1000,True,0.1246703639626503
5581,2878086,1000,True,0.1246703639626503
5582,2879114,1000,True,0.1246703639626503
5583,2881535,1000,True,0.1246703639626503
5584,2882343,1000,True,0.1246703639626503
5585,2877710,1000,True,0.1246703639626503
5586,2879200,1000,True,0.1246703639626503
5587,2881594,1000,True,0.1246703639626503
5588,2877380,1000,True,0.1246703639626503
5589,2879325,1000,True,0.1246703639626503
5590,2879063,1000,True,0.1246703639626503
5591,2878356,1000,True,0.1246703639626503
5592,3176871,1000,True,0.1246703639626503
5593,2888206,1000,True,0.1246703639626503
5594,2882250,1000,True,0.1246703639626503
5595,2881649,1000,True,0.1246703639626503
5596,2882052,1000,True,0.1246703639626503
5597,2878935,1000,True,0.1246703639626503
5598,2878792,1000,True,0.1246703639626503
5599,2881945,1000,True,0.1246703639626503
5600,2879200,1000,True,0.1246703639626503
5601,2879194,1000,True,0.1246703639626503
5602,2879544,1000,True,0.1246703639626503
5603,2877936,1000,True,0.1246703639626503
5604,2878061,1000,True,0.1246703639626503
5605,2878880,1000,True,0.1246703639626503
5606,3172386,1000,True,0.1246703639626503
5607,2885386,1000,True,0.1246703639626503
5608,2878929,1000,True,0.1246703639626503
5609,2878681,1000,True,0.1246703639626503
5610,2878029,1000,True,0.1246703639626503
5611,2878952,1000,True,0.1246703639626503
5612,2876220,1000,True,0.1246703639626503
5613,2877462,1000,True,0.1246703639626503
5614,2876875,1000,True,0.1246703639626503
5615,2878757,1000,True,0.1246703639626503
5616,2879269,1000,True,0.1246703639626503
5617,2878494,1000,True,0.1246703639626503
5618,2876907,1000,True,0.1246703639626503
5619,3242633,1000,True,0.1246703639626503
5620,3178408,1000,True,0.1246703639626503
5621,2882729,1000,True,0.1246703639626503
5622,2876994,1000,True,0.1246703639626503
5623,2877251,1000,True,0.1246703639626503
5624,2880608,1000,True,0.1246703639626503
5625,2879867,1000,True,0.1246703639626503
5626,2878250,1000,True,0.1246703639626503
5627,2880540,1000,True,0.1246703639626503
5628,2881118,1000,True,0.1246703639626503
5629,2875019,1000,True,0.1246703639626503
5630,2880131,1000,True,0.1246703639626503
5631,2878730,1000,True,0.1246703639626503
5632,2877184,1000,True,0.1246703639626503
5633,2881238,1000,True,0.1246703639626503
5634,2883571,1000,True,0.1246703639626503
5635,3173045,1000,True,0.1246703639626503
5636,2880392,1000,True,0.1246703639626503
5637,2876822,1000,True,0.1246703639626503
5638,2879002,1000,True,0.1246703639626503
5639,2879778,1000,True,0.1246703639626503
5640,2878605,1000,True,0.1246703639626503
5641,2880960,1000,True,0.1246703639626503
5642,2881796,1000,True,0.1246703639626503
5643,2883620,1000,True,0.1246703639626503
5644,2881403,1000,True,0.1246703639626503
5645,3176992,1000,True,0.1246703639626503
5646,2883546,1000,True,0.1246703639626503
5647,2877704,1000,True,0.1246703639626503
5648,2877862,1000,True,0.1246703639626503
5649,2877755,1000,True,0.1246703639626503
5650,2877652,1000,True,0.1246703639626503
5651,2881925,1000,True,0.1246703639626503
5652,2880046,1000,True,0.1246703639626503
5653,2879080,1000,True,0.1246703639626503
5654,2879671,1000,True,0.1246703639626503
5655,2882362,1000,True,0.1246703639626503
5656,2876745,1000,True,0.1246703639626503
5657,2878534,1000,True,0.1246703639626503
5658,2881080,1000,True,0.1246703639626503
5659,2879299,1000,True,0.1246703639626503
5660,3166065,1000,True,0.1246703639626503
5661,2877861,1000,True,0.1246703639626503
5662,2877488,1000,True,0.1246703639626503
5663,2880320,1000,True,0.1246703639626503
5664,2877425,1000,True,0.1246703639626503
5665,2879787,1000,True,0.1246703639626503
5666,2877835,1000,True,0.1246703639626503
5667,2878619,1000,True,0.1246703639626503
5668,2880884,1000,True,0.1246703639626503
5669,2881559,1000,True,0.1246703639626503
5670,2880463,1000,True,0.1246703639626503
5671,2878935,1000,True,0.1246703639626503
5672,2878207,1000,True,0.1246703639626503
5673,2880013,1000,True,0.1246703639626503
5674,3171159,1000,True,0.1246703639626503
5675,2879706,1000,True,0.1246703639626503
5676,2877496,1000,True,0.1246703639626503
5677,2878773,1000,True,0.1246703639626503
5678,2878517,1000,True,0.1246703639626503
5679,2881215,1000,True,0.1246703639626503
5680,2878448,1000,True,0.1246703639626503
5681,2878049,1000,True,0.1246703639626503
5682,2879805,1000,True,0.1246703639626503
5683,2880755,1000,True,0.1246703639626503
5684,2876022,1000,True,0.1246703639626503
5685,2879386,1000,True,0.1246703639626503
5686,2877644,1000,True,0.1246703639626503
5687,2881161,1000,True,0.1246703639626503
5688,3179039,1000,True,0.1246703639626503
5689,2880563,1000,True,0.1246703639626503
5690,2880306,1000,True,0.1246703639626503
5691,2881664,1000,True,0.1246703639626503
5692,2882946,1000,True,0.1246703639626503
5693,2876092,1000,True,0.1246703639626503
5694,2881549,1000,True,0.1246703639626503
5695,2881955,1000,True,0.1246703639626503
5696,2877961,1000,True,0.1246703639626503
5697,2878958,1000,True,0.1246703639626503
5698,2880914,1000,True,0.1246703639626503
5699,2881211,1000,True,0.1246703639626503
5700,2878601,1000,True,0.1246703639626503
5701,2878912,1000,True,0.1246703639626503
5702,3172492,1000,True,0.1246703639626503
5703,2883858,1000,True,0.1246703639626503
5704,2880962,1000,True,0.1246703639626503
5705,2877433,1000,True,0.1246703639626503
5706,2880756,1000,True,0.1246703639626503
5707,2880001,1000,True,0.1246703639626503
5708,2879812,1000,True,0.1246703639626503
5709,2878584,1000,True,0.1246703639626503
5710,2878418,1000,True,0.1246703639626503
5711,2880489,1000,True,0.1246703639626503
5712,2876870,1000,True,0.1246703639626503
5713,2879750,1000,True,0.1246703639626503
5714,2880351,1000,True,0.1246703639626503
5715,2877534,1000,True,0.1246703639626503
5716,2881463,1000,True,0.1246703639626503
5717,3163518,1000,True,0.1246703639626503
5718,2880106,1000,True,0.1246703639626503
5719,2879297,1000,True,0.1246703639626503
5720,2875950,1000,True,0.1246703639626503
5721,2876378,1000,True,0.1246703639626503
5722,2878887,1000,True,0.1246703639626503
5723,2880059,1000,True,0.1246703639626503
5724,2877518,1000,True,0.1246703639626503
5725,2880151,1000,True,0.1246703639626503
5726,2880008,1000,True,0.1246703639626503
5727,2877930,1000,True,0.1246703639626503
5728,2880382,1000,True,0.1246703639626503
5729,2876906,1000,True,0.1246703639626503
5730,2877921,1000,True,0.1246703639626503
5731,3169471,1000,True,0.1246703639626503
5732,2876447,1000,True,0.1246703639626503
5733,2879692,1000,True,0.1246703639626503
5734,2876218,1000,True,0.1246703639626503
5735,2881057,1000,True,0.1246703639626503
5736,2877854,1000,True,0.1246703639626503
5737,2877012,1000,True,0.1246703639626503
5738,2881656,1000,True,0.1246703639626503
5739,2881881,1000,True,0.1246703639626503
5740,2884315,1000,True,0.1246703639626503
5741,2879244,1000,True,0.1246703639626503
5742,3169940,1000,True,0.1246703639626503
5743,2879305,1000,True,0.1246703639626503
5744,2876914,1000,True,0.1246703639626503
5745,2877835,1000,True,0.1246703639626503
5746,2878702,1000,True,0.1246703639626503
5747,2878358,1000,True,0.1246703639626503
5748,2880382,1000,True,0.1246703639626503
5749,2878468,1000,True,0.1246703639626503
5750,2876802,1000,True,0.1246703639626503
5751,2878818,1000,True,0.1246703639626503
5752,2882352,1000,True,0.1246703639626503
5753,2878051,1000,True,0.1246703639626503
5754,2878999,1000,True,0.1246703639626503
5755,2881867,1000,True,0.1246703639626503
5756,3173497,1000,True,0.1246703639626503
5757,2879454,1000,True,0.1246703639626503
5758,2876107,1000,True,0.1246703639626503
5759,2879600,1000,True,0.1246703639626503
5760,2876914,1000,True,0.1246703639626503
5761,2878882,1000,True,0.1246703639626503
5762,2877228,1000,True,0.1246703639626503
5763,2880643,1000,True,0.1246703639626503
5764,2880801,1000,True,0.1246703639626503
5765,2875460,1000,True,0.1246703639626503
5766,2879445,1000,True,0.1246703639626503
5767,2879266,1000,True,0.1246703639626503
5768,2879960,1000,True,0.1246703639626503
5769,2879027,1000,True,0.1246703639626503
5770,3169459,1000,True,0.1246703639626503
5771,2882192,1000,True,0.1246703639626503
5772,2879030,1000,True,0.1246703639626503
5773,2876096,1000,True,0.1246703639626503
5774,2881509,1000,True,0.1246703639626503
5775,2882725,1000,True,0.1246703639626503
5776,2879517,1000,True,0.1246703639626503
5777,2880842,1000,True,0.1246703639626503
5778,2877327,1000,True,0.1246703639626503
5779,2880334,1000,True,0.1246703639626503
5780,2881719,1000,True,0.1246703639626503
5781,2878879,1000,True,0.1246703639626503
5782,2877331,1000,True,0.1246703639626503
5783,2879713,1000,True,0.1246703639626503
5784,2878876,1000,True,0.1246703639626503
5785,3171216,1000,True,0.1246703639626503
5786,2878415,1000,True,0.1246703639626503
5787,2879911,1000,True,0.1246703639626503
5788,2880687,1000,True,0.1246703639626503
5789,2877630,1000,True,0.1246703639626503
5790,2880168,1000,True,0.1246703639626503
5791,2879357,1000,True,0.1246703639626503
5792,2877669,1000,True,0.1246703639626503
5793,2879599,1000,True,0.1246703639626503
5794,2880470,1000,True,0.1246703639626503
5795,2878482,1000,True,0.1246703639626503
5796,2881989,1000,True,0.1246703639626503
5797,2878902,1000,True,0.1246703639626503
5798,2877194,1000,True,0.1246703639626503
5799,3172347,1000,True,0.1246703639626503
5800,2879490,1000,True,0.1246703639626503
5801,2878492,1000,True,0.1246703639626503
5802,2876909,1000,True,0.1246703639626503
5803,2877782,1000,True,0.1246703639626503
5804,2879106,1000,True,0.1246703639626503
5805,2878713,1000,True,0.1246703639626503
5806,2878117,1000,True,0.1246703639626503
5807,2878348,1000,True,0.1246703639626503
5808,2880484,1000,True,0.1246703639626503
5809,2882069,1000,True,0.1246703639626503
5810,2879568,1000,True,0.1246703639626503
5811,2880114,1000,True,0.1246703639626503
5812,2882061,1000,True,0.1246703639626503
5813,3175704,1000,True,0.1246703639626503
5814,2881677,1000,True,0.1246703639626503
5815,2877430,1000,True,0.1246703639626503
5816,2879127,1000,True,0.1246703639626503
5817,2877874,1000,True,0.1246703639626503
5818,2877363,1000,True,0.1246703639626503
5819,2876305,1000,True,0.1246703639626503
5820,2879337,1000,True,0.1246703639626503
5821,2878056,1000,True,0.1246703639626503
5822,2879975,1000,True,0.1246703639626503
5823,2877086,1000,True,0.1246703639626503
5824,3164410,1000,True,0.1246703639626503
5825,2879852,1000,True,0.1246703639626503
5826,2876002,1000,True,0.1246703639626503
5827,2879511,1000,True,0.1246703639626503
5828,2876954,1000,True,0.1246703639626503
5829,2876569,1000,True,0.1246703639626503
5830,2879735,1000,True,0.1246703639626503
5831,2880814,1000,True,0.1246703639626503
5832,2881139,1000,True,0.1246703639626503
5833,2876866,1000,True,0.1246703639626503
5834,2891308,1000,True,0.1246703639626503
5835,2878670,1000,True,0.1246703639626503
5836,2876065,1000,True,0.1246703639626503
5837,2878434,1000,True,0.1246703639626503
5838,3174102,1000,True,0.1246703639626503
5839,2881513,1000,True,0.1246703639626503
5840,2878488,1000,True,0.1246703639626503
5841,2880296,1000,True,0.1246703639626503
5842,2878325,1000,True,0.1246703639626503
5843,2878911,1000,True,0.1246703639626503
5844,2878153,1000,True,0.1246703639626503
5845,2878045,1000,True,0.1246703639626503
5846,2881879,1000,True,0.1246703639626503
5847,2876671,1000,True,0.1246703639626503
5848,2877853,1000,True,0.1246703639626503
5849,2879046,1000,True,0.1246703639626503
5850,2878849,1000,True,0.1246703639626503
5851,2881705,1000,True,0.1246703639626503
5852,3173843,1000,True,0.1246703639626503
5853,2882457,1000,True,0.1246703639626503
5854,2877009,1000,True,0.1246703639626503
5855,2879231,1000,True,0.1246703639626503
5856,2877249,1000,True,0.1246703639626503
5857,2878741,1000,True,0.1246703639626503
5858,2883163,1000,True,0.1246703639626503
5859,2879992,1000,True,0.1246703639626503
5860,2878255,1000,True,0.1246703639626503
5861,2878518,1000,True,0.1246703639626503
5862,2879205,1000,True,0.1246703639626503
5863,2880586,1000,True,0.1246703639626503
5864,2877860,1000,True,0.1246703639626503
5865,2879305,1000,True,0.1246703639626503
5866,2878924,1000,True,0.1246703639626503
5867,3167698,1000,True,0.1246703639626503
5868,2877087,1000,True,0.1246703639626503
5869,2878096,1000,True,0.1246703639626503
5870,2879482,1000,True,0.1246703639626503
5871,2878993,1000,True,0.1246703639626503
5872,2877320,1000,True,0.1246703639626503
5873,2878645,1000,True,0.1246703639626503
5874,2878668,1000,True,0.1246703639626503
5875,2879740,1000,True,0.1246703639626503
5876,2875864,1000,True,0.1246703639626503
5877,2878575,1000,True,0.1246703639626503
5878,2877369,1000,True,0.1246703639626503
5879,2882911,1000,True,0.1246703639626503
5880,2880824,1000,True,0.1246703639626503
5881,3164445,1000,True,0.1246703639626503
5882,2881257,1000,True,0.1246703639626503
5883,2881833,1000,True,0.1246703639626503
5884,2877290,1000,True,0.1246703639626503
5885,2878439,1000,True,0.1246703639626503
5886,2881399,1000,True,0.1246703639626503
5887,2879032,1000,True,0.1246703639626503
5888,2879817,1000,True,0.1246703639626503
5889,2877017,1000,True,0.1246703639626503
5890,2878250,1000,True,0.1246703639626503
5891,2879123,1000,True,0.1246703639626503
5892,2878852,1000,True,0.1246703639626503
5893,2878850,1000,True,0.1246703639626503
5894,2877727,1000,True,0.1246703639626503
5895,3175437,1000,True,0.1246703639626503
5896,2879290,1000,True,0.1246703639626503
5897,2879900,1000,True,0.1246703639626503
5898,2877843,1000,True,0.1246703639626503
5899,2879836,1000,True,0.1246703639626503
5900,2876791,1000,True,0.1246703639626503
5901,2877500,1000,True,0.1246703639626503
5902,2882653,1000,True,0.1246703639626503
5903,2878289,1000,True,0.1246703639626503
5904,2878004,1000,True,0.1246703639626503
5905,2879288,1000,True,0.1246703639626503
5906,2879015,1000,True,0.1246703639626503
5907,2877579,1000,True,0.1246703639626503
5908,2878561,1000,True,0.1246703639626503
5909,3175382,1000,True,0.1246703639626503
5910,2881404,1000,True,0.1246703639626503
5911,2879167,1000,True,0.1246703639626503
5912,2878096,1000,True,0.1246703639626503
5913,2878735,1000,True,0.1246703639626503
5914,2877099,1000,True,0.1246703639626503
5915,2876416,1000,True,0.1246703639626503
5916,2882909,1000,True,0.1246703639626503
5917,2878876,1000,True,0.1246703639626503
5918,2877532,1000,True,0.1246703639626503
5919,2877550,1000,True,0.1246703639626503
5920,3173291,1000,True,0.1246703639626503
5921,2881196,1000,True,0.1246703639626503
5922,2875810,1000,True,0.1246703639626503
5923,2879006,1000,True,0.1246703639626503
5924,2876519,1000,True,0.1246703639626503
5925,2877346,1000,True,0.1246703639626503
5926,2879317,1000,True,0.1246703639626503
5927,2880473,1000,True,0.1246703639626503
5928,2880813,1000,True,0.1246703639626503
5929,2877903,1000,True,0.1246703639626503
5930,2878780,1000,True,0.1246703639626503
5931,2881297,1000,True,0.1246703639626503
5932,2879219,1000,True,0.1246703639626503
5933,2877401,1000,True,0.1246703639626503
5934,3172886,1000,True,0.1246703639626503
5935,2879997,1000,True,0.1246703639626503
5936,2880107,1000,True,0.1246703639626503
5937,2876048,1000,True,0.1246703639626503
5938,2880801,1000,True,0.1246703639626503
5939,2881121,1000,True,0.1246703639626503
5940,2881688,1000,True,0.1246703639626503
5941,2876974,1000,True,0.1246703639626503
5942,2879809,1000,True,0.1246703639626503
5943,2880108,1000,True,0.1246703639626503
5944,2878488,1000,True,0.1246703639626503
5945,2876592,1000,True,0.1246703639626503
5946,2878813,1000,True,0.1246703639626503
5947,2880192,1000,True,0.1246703639626503
5948,2877827,1000,True,0.1246703639626503
5949,3171307,1000,True,0.1246703639626503
5950,2878755,1000,True,0.1246703639626503
5951,2880789,1000,True,0.1246703639626503
5952,2879970,1000,True,0.1246703639626503
5953,2881530,1000,True,0.1246703639626503
5954,2881242,1000,True,0.1246703639626503
5955,2878705,1000,True,0.1246703639626503
5956,2879391,1000,True,0.1246703639626503
5957,2879127,1000,True,0.1246703639626503
5958,2878781,1000,True,0.1246703639626503
5959,2878979,1000,True,0.1246703639626503
5960,2876357,1000,True,0.1246703639626503
5961,2878580,1000,True,0.1246703639626503
5962,3236657,1000,True,0.1246703639626503
5963,3173424,1000,True,0.1246703639626503
5964,2879582,1000,True,0.1246703639626503
5965,2880608,1000,True,0.1246703639626503
5966,2879916,1000,True,0.1246703639626503
5967,2885981,1000,True,0.1246703639626503
5968,2877623,1000,True,0.1246703639626503
5969,2877122,1000,True,0.1246703639626503
5970,2881003,1000,True,0.1246703639626503
5971,2882344,1000,True,0.1246703639626503
5972,2880705,1000,True,0.1246703639626503
5973,2877304,1000,True,0.1246703639626503
5974,2879068,1000,True,0.1246703639626503
5975,2878534,1000,True,0.1246703639626503
5976,2877346,1000,True,0.1246703639626503
5977,3170786,1000,True,0.1246703639626503
5978,2879314,1000,True,0.1246703639626503
5979,2880123,1000,True,0.1246703639626503
5980,2875421,1000,True,0.1246703639626503
5981,2878661,1000,True,0.1246703639626503
5982,2878441,1000,True,0.1246703639626503
5983,2881089,1000,True,0.1246703639626503
5984,2877841,1000,True,0.1246703639626503
5985,2881796,1000,True,0.1246703639626503
5986,2877428,1000,True,0.1246703639626503
5987,2877288,1000,True,0.1246703639626503
5988,2877862,1000,True,0.1246703639626503
5989,2883064,1000,True,0.1246703639626503
5990,2875907,1000,True,0.1246703639626503
5991,3174016,1000,True,0.1246703639626503
5992,2881228,1000,True,0.1246703639626503
5993,2880172,1000,True,0.1246703639626503
5994,2877565,1000,True,0.1246703639626503
5995,2879472,1000,True,0.1246703639626503
5996,2880893,1000,True,0.1246703639626503
5997,2877482,1000,True,0.1246703639626503
5998,2878232,1000,True,0.1246703639626503
5999,2880715,1000,True,0.1246703639626503
6000,2878039,1000,True,0.1246703639626503
6001,2879820,1000,True,0.1246703639626503
6002,2878598,1000,True,0.1246703639626503
6003,2880470,1000,True,0.1246703639626503
6004,2878238,1000,True,0.1246703639626503
6005,3168566,1000,True,0.1246703639626503
6006,2880916,1000,True,0.1246703639626503
6007,2878689,1000,True,0.1246703639626503
6008,2877151,1000,True,0.1246703639626503
6009,2876877,1000,True,0.1246703639626503
6010,2880725,1000,True,0.1246703639626503
6011,2877881,1000,True,0.1246703639626503
6012,2876809,1000,True,0.1246703639626503
6013,2878788,1000,True,0.1246703639626503
6014,2878586,1000,True,0.1246703639626503
6015,2881093,1000,True,0.1246703639626503
6016,3170764,1000,True,0.1246703639626503
6017,2879437,1000,True,0.1246703639626503
6018,2879978,1000,True,0.1246703639626503
6019,2878835,1000,True,0.1246703639626503
6020,2878409,1000,True,0.1246703639626503
6021,2878798,1000,True,0.1246703639626503
6022,2879077,1000,True,0.1246703639626503
6023,2878035,1000,True,0.1246703639626503
6024,2876680,1000,True,0.1246703639626503
6025,2880736,1000,True,0.1246703639626503
6026,2878326,1000,True,0.1246703639626503
6027,2879414,1000,True,0.1246703639626503
6028,2879170,1000,True,0.1246703639626503
6029,2877855,1000,True,0.1246703639626503
6030,2876315,1000,True,0.1246703639626503
6031,3168727,1000,True,0.1246703639626503
6032,2878168,1000,True,0.1246703639626503
6033,2878591,1000,True,0.1246703639626503
6034,2876882,1000,True,0.1246703639626503
6035,2877047,1000,True,0.1246703639626503
6036,2877223,1000,True,0.1246703639626503
6037,2881441,1000,True,0.1246703639626503
6038,2876600,1000,True,0.1246703639626503
6039,2877673,1000,True,0.1246703639626503
6040,2878903,1000,True,0.1246703639626503
6041,2878933,1000,True,0.1246703639626503
6042,2880560,1000,True,0.1246703639626503
6043,2880159,1000,True,0.1246703639626503
6044,2876730,1000,True,0.1246703639626503
6045,3165398,1000,True,0.1246703639626503
6046,2874917,1000,True,0.1246703639626503
6047,2881228,1000,True,0.1246703639626503
6048,2876354,1000,True,0.1246703639626503
6049,2880109,1000,True,0.1246703639626503
6050,2881255,1000,True,0.1246703639626503
6051,2882707,1000,True,0.1246703639626503
6052,2877635,1000,True,0.1246703639626503
6053,2879002,1000,True,0.1246703639626503
6054,2878995,1000,True,0.1246703639626503
6055,2879289,1000,True,0.1246703639626503
6056,2878453,1000,True,0.1246703639626503
6057,2876325,1000,True,0.1246703639626503
6058,2880111,1000,True,0.1246703639626503
6059,3178911,1000,True,0.1246703639626503
6060,2879505,1000,True,0.1246703639626503
6061,2880792,1000,True,0.1246703639626503
6062,2876182,1000,True,0.1246703639626503
6063,2875251,1000,True,0.1246703639626503
6064,2878491,1000,True,0.1246703639626503
6065,2880999,1000,True,0.1246703639626503
6066,2875333,1000,True,0.1246703639626503
6067,2879881,1000,True,0.1246703639626503
6068,2877271,1000,True,0.1246703639626503
6069,2879174,1000,True,0.1246703639626503
6070,2881465,1000,True,0.1246703639626503
6071,2877464,1000,True,0.1246703639626503
6072,2878844,1000,True,0.1246703639626503
6073,3168068,1000,True,0.1246703639626503
6074,2883749,1000,True,0.1246703639626503
6075,2880708,1000,True,0.1246703639626503
6076,2878468,1000,True,0.1246703639626503
6077,2880447,1000,True,0.1246703639626503
6078,2876797,1000,True,0.1246703639626503
6079,2881308,1000,True,0.1246703639626503
6080,2878811,1000,True,0.1246703639626503
6081,2878408,1000,True,0.1246703639626503
6082,2875644,1000,True,0.1246703639626503
6083,2879628,1000,True,0.1246703639626503
6084,2877561,1000,True,0.1246703639626503
6085,2877258,1000,True,0.1246703639626503
6086,2877370,1000,True,0.1246703639626503
6087,2879238,1000,True,0.1246703639626503
6088,3173417,1000,True,0.1246703639626503
6089,2882520,1000,True,0.1246703639626503
6090,2881176,1000,True,0.1246703639626503
6091,2879937,1000,True,0.1246703639626503
6092,2879413,1000,True,0.1246703639626503
6093,2877778,1000,True,0.1246703639626503
6094,2878197,1000,True,0.1246703639626503
6095,2880720,1000,True,0.1246703639626503
6096,2877221,1000,True,0.1246703639626503
6097,2879618,1000,True,0.1246703639626503
6098,2877267,1000,True,0.1246703639626503
6099,2878389,1000,True,0.1246703639626503
6100,2876684,1000,True,0.1246703639626503
6101,2877323,1000,True,0.1246703639626503
6102,3164576,1000,True,0.1246703639626503
6103,2879802,1000,True,0.1246703639626503
6104,2876955,1000,True,0.1246703639626503
6105,2877957,1000,True,0.1246703639626503
6106,2879208,1000,True,0.1246703639626503
6107,2877079,1000,True,0.1246703639626503
6108,2880455,1000,True,0.1246703639626503
6109,2877961,1000,True,0.1246703639626503
6110,2879639,1000,True,0.1246703639626503
6111,2881515,1000,True,0.1246703639626503
6112,2877811,1000,True,0.1246703639626503
6113,2877815,1000,True,0.1246703639626503
6114,2879972,1000,True,0.1246703639626503
6115,2879684,1000,True,0.1246703639626503
6116,3177676,1000,True,0.1246703639626503
6117,2880858,1000,True,0.1246703639626503
6118,2880209,1000,True,0.1246703639626503
6119,2880259,1000,True,0.1246703639626503
6120,2875649,1000,True,0.1246703639626503
6121,2878408,1000,True,0.1246703639626503
6122,2877766,1000,True,0.1246703639626503
6123,2880108,1000,True,0.1246703639626503
6124,2877667,1000,True,0.1246703639626503
6125,2878815,1000,True,0.1246703639626503
6126,2882590,1000,True,0.1246703639626503
6127,3170821,1000,True,0.1246703639626503
6128,2878605,1000,True,0.1246703639626503
6129,2881771,1000,True,0.1246703639626503
6130,2877936,1000,True,0.1246703639626503
6131,2882822,1000,True,0.1246703639626503
6132,2877241,1000,True,0.1246703639626503
6133,2879413,1000,True,0.1246703639626503
6134,2879274,1000,True,0.1246703639626503
6135,2881833,1000,True,0.1246703639626503
6136,2875651,1000,True,0.1246703639626503
6137,2879834,1000,True,0.1246703639626503
6138,2879304,1000,True,0.1246703639626503
6139,2880121,1000,True,0.1246703639626503
6140,2880902,1000,True,0.1246703639626503
6141,3170631,1000,True,0.1246703639626503
6142,2880897,1000,True,0.1246703639626503
6143,2882877,1000,True,0.1246703639626503
6144,2879715,1000,True,0.1246703639626503
6145,2875870,1000,True,0.1246703639626503
6146,2879109,1000,True,0.1246703639626503
6147,2880117,1000,True,0.1246703639626503
6148,2877756,1000,True,0.1246703639626503
6149,2879734,1000,True,0.1246703639626503
6150,2877403,1000,True,0.1246703639626503
6151,2881341,1000,True,0.1246703639626503
6152,2880118,1000,True,0.1246703639626503
6153,2876266,1000,True,0.1246703639626503
6154,2879625,1000,True,0.1246703639626503
6155,3173264,1000,True,0.1246703639626503
6156,2882881,1000,True,0.1246703639626503
6157,2878886,1000,True,0.1246703639626503
6158,2876836,1000,True,0.1246703639626503
6159,2880301,1000,True,0.1246703639626503
6160,2878708,1000,True,0.1246703639626503
6161,2881082,1000,True,0.1246703639626503
6162,2881496,1000,True,0.1246703639626503
6163,2879263,1000,True,0.1246703639626503
6164,2884217,1000,True,0.1246703639626503
6165,2878529,1000,True,0.1246703639626503
6166,2880127,1000,True,0.1246703639626503
6167,2878951,1000,True,0.1246703639626503
6168,2880210,1000,True,0.1246703639626503
6169,3175290,1000,True,0.1246703639626503
6170,2880220,1000,True,0.1246703639626503
6171,2880489,1000,True,0.1246703639626503
6172,2877155,1000,True,0.1246703639626503
6173,2877394,1000,True,0.1246703639626503
6174,2876574,1000,True,0.1246703639626503
6175,2881150,1000,True,0.1246703639626503
6176,2877956,1000,True,0.1246703639626503
6177,2878430,1000,True,0.1246703639626503
6178,2876072,1000,True,0.1246703639626503
6179,2879453,1000,True,0.1246703639626503
6180,2878104,1000,True,0.1246703639626503
6181,2878827,1000,True,0.1246703639626503
6182,2875975,1000,True,0.1246703639626503
6183,2880245,1000,True,0.1246703639626503
6184,3166811,1000,True,0.1246703639626503
6185,2880048,1000,True,0.1246703639626503
6186,2879774,1000,True,0.1246703639626503
6187,2877532,1000,True,0.1246703639626503
6188,2878289,1000,True,0.1246703639626503
6189,2879148,1000,True,0.1246703639626503
6190,2879052,1000,True,0.1246703639626503
6191,2880354,1000,True,0.1246703639626503
6192,2877359,1000,True,0.1246703639626503
6193,2879214,1000,True,0.1246703639626503
6194,2875993,1000,True,0.1246703639626503
6195,2880032,1000,True,0.1246703639626503
6196,2876195,1000,True,0.1246703639626503
6197,2879336,1000,True,0.1246703639626503
6198,3170850,1000,True,0.1246703639626503
6199,2881231,1000,True,0.1246703639626503
6200,2878772,1000,True,0.1246703639626503
6201,2878015,1000,True,0.1246703639626503
6202,2878369,1000,True,0.1246703639626503
6203,2882361,1000,True,0.1246703639626503
6204,2879388,1000,True,0.1246703639626503
6205,2878454,1000,True,0.1246703639626503
6206,2876467,1000,True,0.1246703639626503
6207,2879497,1000,True,0.1246703639626503
6208,2876824,1000,True,0.1246703639626503
6209,2877221,1000,True,0.1246703639626503
6210,2879458,1000,True,0.1246703639626503
6211,2878543,1000,True,0.1246703639626503
6212,3171439,1000,True,0.1246703639626503
6213,2880469,1000,True,0.1246703639626503
6214,2879094,1000,True,0.1246703639626503
6215,2876698,1000,True,0.1246703639626503
6216,2879187,1000,True,0.1246703639626503
6217,2877417,1000,True,0.1246703639626503
6218,2877488,1000,True,0.1246703639626503
6219,2878396,1000,True,0.1246703639626503
6220,2877158,1000,True,0.1246703639626503
6221,2877398,1000,True,0.1246703639626503
6222,2879460,1000,True,0.1246703639626503
6223,3171725,1000,True,0.1246703639626503
6224,2878127,1000,True,0.1246703639626503
6225,2877679,1000,True,0.1246703639626503
6226,2879017,1000,True,0.1246703639626503
6227,2880864,1000,True,0.1246703639626503
6228,2876280,1000,True,0.1246703639626503
6229,2879434,1000,True,0.1246703639626503
6230,2878222,1000,True,0.1246703639626503
6231,2880185,1000,True,0.1246703639626503
6232,2882843,1000,True,0.1246703639626503
6233,2879000,1000,True,0.1246703639626503
6234,2880152,1000,True,0.1246703639626503
6235,2879337,1000,True,0.1246703639626503
6236,2879537,1000,True,0.1246703639626503
6237,3180756,1000,True,0.1246703639626503
6238,2879628,1000,True,0.1246703639626503
6239,2879105,1000,True,0.1246703639626503
6240,2877837,1000,True,0.1246703639626503
6241,2877629,1000,True,0.1246703639626503
6242,2876346,1000,True,0.1246703639626503
6243,2879804,1000,True,0.1246703639626503
6244,2878587,1000,True,0.1246703639626503
6245,2880156,1000,True,0.1246703639626503
6246,2880287,1000,True,0.1246703639626503
6247,2877809,1000,True,0.1246703639626503
6248,2880578,1000,True,0.1246703639626503
6249,2877483,1000,True,0.1246703639626503
6250,2878713,1000,True,0.1246703639626503
6251,2878504,1000,True,0.1246703639626503
6252,3165793,1000,True,0.1246703639626503
6253,2877499,1000,True,0.1246703639626503
6254,2876092,1000,True,0.1246703639626503
6255,2878845,1000,True,0.1246703639626503
6256,2877677,1000,True,0.1246703639626503
6257,2878971,1000,True,0.1246703639626503
6258,2882810,1000,True,0.1246703639626503
6259,2880655,1000,True,0.1246703639626503
6260,2875701,1000,True,0.1246703639626503
6261,2877761,1000,True,0.1246703639626503
6262,2877395,1000,True,0.1246703639626503
6263,2878123,1000,True,0.1246703639626503
6264,2876305,1000,True,0.1246703639626503
6265,2876875,1000,True,0.1246703639626503
6266,3165913,1000,True,0.1246703639626503
6267,2881100,1000,True,0.1246703639626503
6268,2878758,1000,True,0.1246703639626503
6269,2876494,1000,True,0.1246703639626503
6270,2880534,1000,True,0.1246703639626503
6271,2879496,1000,True,0.1246703639626503
6272,2876412,1000,True,0.1246703639626503
6273,2880183,1000,True,0.1246703639626503
6274,2878612,1000,True,0.1246703639626503
6275,2879506,1000,True,0.1246703639626503
6276,2881012,1000,True,0.1246703639626503
6277,2875542,1000,True,0.1246703639626503
6278,2876981,1000,True,0.1246703639626503
6279,2881380,1000,True,0.1246703639626503
6280,3175879,1000,True,0.1246703639626503
6281,2879507,1000,True,0.1246703639626503
6282,2878677,1000,True,0.1246703639626503
6283,2877335,1000,True,0.1246703639626503
6284,2877487,1000,True,0.1246703639626503
6285,2879005,1000,True,0.1246703639626503
6286,2883895,1000,True,0.1246703639626503
6287,2881823,1000,True,0.1246703639626503
6288,2880476,1000,True,0.1246703639626503
6289,2878844,1000,True,0.1246703639626503
6290,2877279,1000,True,0.1246703639626503
6291,2882153,1000,True,0.1246703639626503
6292,2880266,1000,True,0.1246703639626503
6293,2877228,1000,True,0.1246703639626503
6294,3175689,1000,True,0.1246703639626503
6295,2887164,1000,True,0.1246703639626503
6296,2883986,1000,True,0.1246703639626503
6297,2878114,1000,True,0.1246703639626503
6298,2879411,1000,True,0.1246703639626503
6299,2879785,1000,True,0.1246703639626503
6300,2878040,1000,True,0.1246703639626503
6301,2880266,1000,True,0.1246703639626503
6302,2879412,1000,True,0.1246703639626503
6303,2878048,1000,True,0.1246703639626503
6304,2880555,1000,True,0.1246703639626503
6305,3241758,1000,True,0.1246703639626503
6306,2880715,1000,True,0.1246703639626503
6307,2882518,1000,True,0.1246703639626503
6308,3171940,1000,True,0.1246703639626503
6309,2882340,1000,True,0.1246703639626503
6310,2878387,1000,True,0.1246703639626503
6311,2879604,1000,True,0.1246703639626503
6312,2878437,1000,True,0.1246703639626503
6313,2876556,1000,True,0.1246703639626503
6314,2881616,1000,True,0.1246703639626503
6315,2879463,1000,True,0.1246703639626503
6316,2878115,1000,True,0.1246703639626503
6317,2880605,1000,True,0.1246703639626503
6318,2879763,1000,True,0.1246703639626503
6319,3171205,1000,True,0.1246703639626503
6320,2882338,1000,True,0.1246703639626503
6321,2878058,1000,True,0.1246703639626503
6322,2880416,1000,True,0.1246703639626503
6323,2880843,1000,True,0.1246703639626503
6324,2875318,1000,True,0.1246703639626503
6325,2880088,1000,True,0.1246703639626503
6326,2878768,1000,True,0.1246703639626503
6327,2879229,1000,True,0.1246703639626503
6328,2880193,1000,True,0.1246703639626503
6329,2877382,1000,True,0.1246703639626503
6330,2879022,1000,True,0.1246703639626503
6331,2882528,1000,True,0.1246703639626503
6332,2877041,1000,True,0.1246703639626503
6333,3175753,1000,True,0.1246703639626503
6334,2882053,1000,True,0.1246703639626503
6335,2880157,1000,True,0.1246703639626503
6336,2878325,1000,True,0.1246703639626503
6337,2876763,1000,True,0.1246703639626503
6338,2880847,1000,True,0.1246703639626503
6339,2877459,1000,True,0.1246703639626503
6340,2877944,1000,True,0.1246703639626503
6341,2877467,1000,True,0.1246703639626503
6342,2877624,1000,True,0.1246703639626503
6343,2878512,1000,True,0.1246703639626503
6344,2877106,1000,True,0.1246703639626503
6345,2877579,1000,True,0.1246703639626503
6346,2877202,1000,True,0.1246703639626503
6347,2882264,1000,True,0.1246703639626503
6348,3168841,1000,True,0.1246703639626503
6349,2879164,1000,True,0.1246703639626503
6350,2881633,1000,True,0.1246703639626503
6351,2881598,1000,True,0.1246703639626503
6352,2877015,1000,True,0.1246703639626503
6353,2878152,1000,True,0.1246703639626503
6354,2879212,1000,True,0.1246703639626503
6355,2878484,1000,True,0.1246703639626503
6356,2879764,1000,True,0.1246703639626503
6357,2877908,1000,True,0.1246703639626503
6358,2879545,1000,True,0.1246703639626503
6359,2878225,1000,True,0.1246703639626503
6360,2877964,1000,True,0.1246703639626503
6361,2877469,1000,True,0.1246703639626503
6362,3168313,1000,True,0.1246703639626503
6363,2879338,1000,True,0.1246703639626503
6364,2876083,1000,True,0.1246703639626503
6365,2878101,1000,True,0.1246703639626503
6366,2876187,1000,True,0.1246703639626503
6367,2879410,1000,True,0.1246703639626503
6368,2881131,1000,True,0.1246703639626503
6369,2878484,1000,True,0.1246703639626503
6370,2878312,1000,True,0.1246703639626503
6371,2880716,1000,True,0.1246703639626503
6372,2876117,1000,True,0.1246703639626503
6373,2878315,1000,True,0.1246703639626503
6374,2877131,1000,True,0.1246703639626503
6375,2880717,1000,True,0.1246703639626503
6376,3169039,1000,True,0.1246703639626503
6377,2880084,1000,True,0.1246703639626503
6378,2879374,1000,True,0.1246703639626503
6379,2877781,1000,True,0.1246703639626503
6380,2879751,1000,True,0.1246703639626503
6381,2879934,1000,True,0.1246703639626503
6382,2877347,1000,True,0.1246703639626503
6383,2880634,1000,True,0.1246703639626503
6384,2878741,1000,True,0.1246703639626503
6385,2879258,1000,True,0.1246703639626503
6386,2880421,1000,True,0.1246703639626503
6387,2878931,1000,True,0.1246703639626503
6388,2878125,1000,True,0.1246703639626503
6389,2880963,1000,True,0.1246703639626503
6390,3178138,1000,True,0.1246703639626503
6391,2883471,1000,True,0.1246703639626503
6392,2880536,1000,True,0.1246703639626503
6393,2876527,1000,True,0.1246703639626503
6394,2876004,1000,True,0.1246703639626503
6395,2878532,1000,True,0.1246703639626503
6396,2878502,1000,True,0.1246703639626503
6397,2877404,1000,True,0.1246703639626503
6398,2876699,1000,True,0.1246703639626503
6399,2880627,1000,True,0.1246703639626503
6400,2877417,1000,True,0.1246703639626503
6401,3172576,1000,True,0.1246703639626503
6402,2883477,1000,True,0.1246703639626503
6403,2881643,1000,True,0.1246703639626503
6404,2880002,1000,True,0.1246703639626503
6405,2877130,1000,True,0.1246703639626503
6406,2880185,1000,True,0.1246703639626503
6407,2880179,1000,True,0.1246703639626503
6408,2875979,1000,True,0.1246703639626503
6409,2880242,1000,True,0.1246703639626503
6410,2877863,1000,True,0.1246703639626503
6411,2880700,1000,True,0.1246703639626503
6412,2879598,1000,True,0.1246703639626503
6413,2880973,1000,True,0.1246703639626503
6414,2878617,1000,True,0.1246703639626503
6415,3172885,1000,True,0.1246703639626503
6416,2883509,1000,True,0.1246703639626503
6417,2875013,1000,True,0.1246703639626503
6418,2878398,1000,True,0.1246703639626503
6419,2878804,1000,True,0.1246703639626503
6420,2880379,1000,True,0.1246703639626503
6421,2879603,1000,True,0.1246703639626503
6422,2878618,1000,True,0.1246703639626503
6423,2878515,1000,True,0.1246703639626503
6424,2877583,1000,True,0.1246703639626503
6425,2878273,1000,True,0.1246703639626503
6426,2876084,1000,True,0.1246703639626503
6427,2880425,1000,True,0.1246703639626503
6428,2877331,1000,True,0.1246703639626503
6429,2877972,1000,True,0.1246703639626503
6430,3165465,1000,True,0.1246703639626503
6431,2876299,1000,True,0.1246703639626503
6432,2880580,1000,True,0.1246703639626503
6433,2876418,1000,True,0.1246703639626503
6434,2880948,1000,True,0.1246703639626503
6435,2879909,1000,True,0.1246703639626503
6436,2877829,1000,True,0.1246703639626503
6437,2879820,1000,True,0.1246703639626503
6438,2877520,1000,True,0.1246703639626503
6439,2877768,1000,True,0.1246703639626503
6440,2877682,1000,True,0.1246703639626503
6441,2880582,1000,True,0.1246703639626503
6442,2881144,1000,True,0.1246703639626503
6443,2880238,1000,True,0.1246703639626503
6444,3171824,1000,True,0.1246703639626503
6445,2878064,1000,True,0.1246703639626503
6446,2877332,1000,True,0.1246703639626503
6447,2877011,1000,True,0.1246703639626503
6448,2878004,1000,True,0.1246703639626503
6449,2878242,1000,True,0.1246703639626503
6450,2877589,1000,True,0.1246703639626503
6451,2877875,1000,True,0.1246703639626503
6452,2876763,1000,True,0.1246703639626503
6453,2876811,1000,True,0.1246703639626503
6454,2877388,1000,True,0.1246703639626503
6455,2877874,1000,True,0.1246703639626503
6456,2878627,1000,True,0.1246703639626503
6457,2878641,1000,True,0.1246703639626503
6458,3174687,1000,True,0.1246703639626503
6459,2882226,1000,True,0.1246703639626503
6460,2876057,1000,True,0.1246703639626503
6461,2877418,1000,True,0.1246703639626503
6462,2876479,1000,True,0.1246703639626503
6463,2877270,1000,True,0.1246703639626503
6464,2878629,1000,True,0.1246703639626503
6465,2880204,1000,True,0.1246703639626503
6466,2875184,1000,True,0.1246703639626503
6467,2882185,1000,True,0.1246703639626503
6468,2876413,1000,True,0.1246703639626503
6469,2878112,1000,True,0.1246703639626503
6470,2878961,1000,True,0.1246703639626503
6471,2880800,1000,True,0.1246703639626503
6472,3173860,1000,True,0.1246703639626503
6473,2881643,1000,True,0.1246703639626503
6474,2876696,1000,True,0.1246703639626503
6475,2880835,1000,True,0.1246703639626503
6476,2879953,1000,True,0.1246703639626503
6477,2883916,1000,True,0.1246703639626503
6478,2878532,1000,True,0.1246703639626503
6479,2877517,1000,True,0.1246703639626503
6480,2878057,1000,True,0.1246703639626503
6481,2880068,1000,True,0.1246703639626503
6482,2878806,1000,True,0.1246703639626503
6483,2884477,1000,True,0.1246703639626503
6484,2880092,1000,True,0.1246703639626503
6485,2880094,1000,True,0.1246703639626503
6486,2880261,1000,True,0.1246703639626503
6487,3169191,1000,True,0.1246703639626503
6488,2876919,1000,True,0.1246703639626503
6489,2878191,1000,True,0.1246703639626503
6490,2877341,1000,True,0.1246703639626503
6491,2880283,1000,True,0.1246703639626503
6492,2877249,1000,True,0.1246703639626503
6493,2878079,1000,True,0.1246703639626503
6494,2879451,1000,True,0.1246703639626503
6495,2880201,1000,True,0.1246703639626503
6496,2877932,1000,True,0.1246703639626503
6497,3179869,1000,True,0.1246703639626503
6498,2882486,1000,True,0.1246703639626503
6499,2880103,1000,True,0.1246703639626503
6500,2876913,1000,True,0.1246703639626503
6501,2878935,1000,True,0.1246703639626503
6502,2876637,1000,True,0.1246703639626503
6503,2880807,1000,True,0.1246703639626503
6504,2879046,1000,True,0.1246703639626503
6505,2877476,1000,True,0.1246703639626503
6506,2877365,1000,True,0.1246703639626503
6507,2879203,1000,True,0.1246703639626503
6508,2878928,1000,True,0.1246703639626503
6509,2879594,1000,True,0.1246703639626503
6510,2877623,1000,True,0.1246703639626503
6511,2880745,1000,True,0.1246703639626503
6512,3172424,1000,True,0.1246703639626503
6513,2879169,1000,True,0.1246703639626503
6514,2877617,1000,True,0.1246703639626503
6515,2878898,1000,True,0.1246703639626503
6516,2878015,1000,True,0.1246703639626503
6517,2879021,1000,True,0.1246703639626503
6518,2875778,1000,True,0.1246703639626503
6519,2880970,1000,True,0.1246703639626503
6520,2879127,1000,True,0.1246703639626503
6521,2878246,1000,True,0.1246703639626503
6522,2876980,1000,True,0.1246703639626503
6523,2880531,1000,True,0.1246703639626503
6524,2877460,1000,True,0.1246703639626503
6525,2882763,1000,True,0.1246703639626503
6526,3168932,1000,True,0.1246703639626503
6527,2880934,1000,True,0.1246703639626503
6528,2877325,1000,True,0.1246703639626503
6529,2878211,1000,True,0.1246703639626503
6530,2876143,1000,True,0.1246703639626503
6531,2882318,1000,True,0.1246703639626503
6532,2879062,1000,True,0.1246703639626503
6533,2875919,1000,True,0.1246703639626503
6534,2879525,1000,True,0.1246703639626503
6535,2878871,1000,True,0.1246703639626503
6536,2876990,1000,True,0.1246703639626503
6537,2878331,1000,True,0.1246703639626503
6538,2877033,1000,True,0.1246703639626503
6539,2879352,1000,True,0.1246703639626503
6540,3175013,1000,True,0.1246703639626503
6541,2882159,1000,True,0.1246703639626503
6542,2877397,1000,True,0.1246703639626503
6543,2882067,1000,True,0.1246703639626503
6544,2879205,1000,True,0.1246703639626503
6545,2876445,1000,True,0.1246703639626503
6546,2880302,1000,True,0.1246703639626503
6547,2883967,1000,True,0.1246703639626503
6548,2880019,1000,True,0.1246703639626503
6549,2879353,1000,True,0.1246703639626503
6550,2877306,1000,True,0.1246703639626503
6551,2880370,1000,True,0.1246703639626503
6552,2878439,1000,True,0.1246703639626503
6553,2876202,1000,True,0.1246703639626503
6554,3174748,1000,True,0.1246703639626503
6555,2885081,1000,True,0.1246703639626503
6556,2877383,1000,True,0.1246703639626503
6557,2879692,1000,True,0.1246703639626503
6558,2879105,1000,True,0.1246703639626503
6559,2883489,1000,True,0.1246703639626503
6560,2876776,1000,True,0.1246703639626503
6561,2879435,1000,True,0.1246703639626503
6562,2878447,1000,True,0.1246703639626503
6563,2881829,1000,True,0.1246703639626503
6564,2878753,1000,True,0.1246703639626503
6565,2878191,1000,True,0.1246703639626503
6566,2877107,1000,True,0.1246703639626503
6567,2877757,1000,True,0.1246703639626503
6568,2878270,1000,True,0.1246703639626503
6569,3169168,1000,True,0.1246703639626503
6570,2877295,1000,True,0.1246703639626503
6571,2880493,1000,True,0.1246703639626503
6572,2878327,1000,True,0.1246703639626503
6573,2877957,1000,True,0.1246703639626503
6574,2877485,1000,True,0.1246703639626503
6575,2883165,1000,True,0.1246703639626503
6576,2877304,1000,True,0.1246703639626503
6577,2878438,1000,True,0.1246703639626503
6578,2878422,1000,True,0.1246703639626503
6579,2876091,1000,True,0.1246703639626503
6580,2880301,1000,True,0.1246703639626503
6581,2878145,1000,True,0.1246703639626503
6582,2899277,1000,True,0.1246703639626503
6583,3167357,1000,True,0.1246703639626503
6584,2879582,1000,True,0.1246703639626503
6585,2879826,1000,True,0.1246703639626503
6586,2877753,1000,True,0.1246703639626503
6587,2878924,1000,True,0.1246703639626503
6588,2879946,1000,True,0.1246703639626503
6589,2881168,1000,True,0.1246703639626503
6590,2877510,1000,True,0.1246703639626503
6591,2881287,1000,True,0.1246703639626503
6592,2880927,1000,True,0.1246703639626503
6593,2876490,1000,True,0.1246703639626503
6594,3166080,1000,True,0.1246703639626503
6595,2881981,1000,True,0.1246703639626503
6596,2876172,1000,True,0.1246703639626503
6597,2878987,1000,True,0.1246703639626503
6598,2875894,1000,True,0.1246703639626503
6599,2880131,1000,True,0.1246703639626503
6600,2879403,1000,True,0.1246703639626503
6601,2880846,1000,True,0.1246703639626503
6602,2879813,1000,True,0.1246703639626503
6603,2879718,1000,True,0.1246703639626503
6604,2878814,1000,True,0.1246703639626503
6605,2878539,1000,True,0.1246703639626503
6606,2878786,1000,True,0.1246703639626503
6607,2876141,1000,True,0.1246703639626503
6608,3173589,1000,True,0.1246703639626503
6609,2876594,1000,True,0.1246703639626503
6610,2877792,1000,True,0.1246703639626503
6611,2879437,1000,True,0.1246703639626503
6612,2876079,1000,True,0.1246703639626503
6613,2879638,1000,True,0.1246703639626503
6614,2879466,1000,True,0.1246703639626503
6615,2880460,1000,True,0.1246703639626503
6616,2876493,1000,True,0.1246703639626503
6617,2887448,1000,True,0.1246703639626503
6618,2878879,1000,True,0.1246703639626503
6619,2877869,1000,True,0.1246703639626503
6620,2879629,1000,True,0.1246703639626503
6621,2876180,1000,True,0.1246703639626503
6622,3176174,1000,True,0.1246703639626503
6623,2883643,1000,True,0.1246703639626503
6624,2879650,1000,True,0.1246703639626503
6625,2878544,1000,True,0.1246703639626503
6626,2877718,1000,True,0.1246703639626503
6627,2877973,1000,True,0.1246703639626503
6628,2877456,1000,True,0.1246703639626503
6629,2879708,1000,True,0.1246703639626503
6630,2877068,1000,True,0.1246703639626503
6631,2881521,1000,True,0.1246703639626503
6632,2877432,1000,True,0.1246703639626503
6633,2877144,1000,True,0.1246703639626503
6634,2879973,1000,True,0.1246703639626503
6635,2878374,1000,True,0.1246703639626503
6636,3172673,1000,True,0.1246703639626503
6637,2883990,1000,True,0.1246703639626503
6638,2878491,1000,True,0.1246703639626503
6639,2878048,1000,True,0.1246703639626503
6640,2877678,1000,True,0.1246703639626503
6641,2877570,1000,True,0.1246703639626503
6642,2878715,1000,True,0.1246703639626503
6643,2877912,1000,True,0.1246703639626503
6644,2879855,1000,True,0.1246703639626503
6645,2879976,1000,True,0.1246703639626503
6646,2878651,1000,True,0.1246703639626503
6647,2880340,1000,True,0.1246703639626503
6648,3235618,1000,True,0.1246703639626503
6649,2881735,1000,True,0.1246703639626503
6650,2880208,1000,True,0.1246703639626503
6651,3175875,1000,True,0.1246703639626503
6652,2876786,1000,True,0.1246703639626503
6653,2876978,1000,True,0.1246703639626503
6654,2882389,1000,True,0.1246703639626503
6655,2880460,1000,True,0.1246703639626503
6656,2878426,1000,True,0.1246703639626503
6657,2877759,1000,True,0.1246703639626503
6658,2878748,1000,True,0.1246703639626503
6659,2879658,1000,True,0.1246703639626503
6660,2876364,1000,True,0.1246703639626503
6661,2879733,1000,True,0.1246703639626503
6662,2881928,1000,True,0.1246703639626503
6663,2880006,1000,True,0.1246703639626503
6664,2877269,1000,True,0.1246703639626503
6665,3169326,1000,True,0.1246703639626503
6666,2879002,1000,True,0.1246703639626503
6667,2878787,1000,True,0.1246703639626503
6668,2877095,1000,True,0.1246703639626503
6669,2878988,1000,True,0.1246703639626503
6670,2879088,1000,True,0.1246703639626503
6671,2877489,1000,True,0.1246703639626503
6672,2878932,1000,True,0.1246703639626503
6673,2878161,1000,True,0.1246703639626503
6674,2877469,1000,True,0.1246703639626503
6675,2881080,1000,True,0.1246703639626503
6676,2879242,1000,True,0.1246703639626503
6677,2877052,1000,True,0.1246703639626503
6678,2877839,1000,True,0.1246703639626503
6679,3172300,1000,True,0.1246703639626503
6680,2882160,1000,True,0.1246703639626503
6681,2877061,1000,True,0.1246703639626503
6682,2876532,1000,True,0.1246703639626503
6683,2877416,1000,True,0.1246703639626503
6684,2879859,1000,True,0.1246703639626503
6685,2875866,1000,True,0.1246703639626503
6686,2881993,1000,True,0.1246703639626503
6687,2881052,1000,True,0.1246703639626503
6688,2885447,1000,True,0.1246703639626503
6689,2878737,1000,True,0.1246703639626503
6690,3168205,1000,True,0.1246703639626503
6691,2877699,1000,True,0.1246703639626503
6692,2877383,1000,True,0.1246703639626503
6693,2878270,1000,True,0.1246703639626503
6694,2878750,1000,True,0.1246703639626503
6695,2878767,1000,True,0.1246703639626503
6696,2877981,1000,True,0.1246703639626503
6697,2879467,1000,True,0.1246703639626503
6698,2884859,1000,True,0.1246703639626503
6699,2878322,1000,True,0.1246703639626503
6700,2878424,1000,True,0.1246703639626503
6701,2878530,1000,True,0.1246703639626503
6702,2878057,1000,True,0.1246703639626503
6703,2880077,1000,True,0.1246703639626503
6704,3172125,1000,True,0.1246703639626503
6705,2881178,1000,True,0.1246703639626503
6706,2878037,1000,True,0.1246703639626503
6707,2878735,1000,True,0.1246703639626503
6708,2877954,1000,True,0.1246703639626503
6709,2880461,1000,True,0.1246703639626503
6710,2879100,1000,True,0.1246703639626503
6711,2880826,1000,True,0.1246703639626503
6712,2878708,1000,True,0.1246703639626503
6713,2875930,1000,True,0.1246703639626503
6714,2881819,1000,True,0.1246703639626503
6715,2876517,1000,True,0.1246703639626503
6716,2876985,1000,True,0.1246703639626503
6717,2875623,1000,True,0.1246703639626503
6718,3178235,1000,True,0.1246703639626503
6719,2882906,1000,True,0.1246703639626503
6720,2878390,1000,True,0.1246703639626503
6721,2879054,1000,True,0.1246703639626503
6722,2879838,1000,True,0.1246703639626503
6723,2882388,1000,True,0.1246703639626503
6724,2877737,1000,True,0.1246703639626503
6725,2875528,1000,True,0.1246703639626503
6726,2880275,1000,True,0.1246703639626503
6727,2880099,1000,True,0.1246703639626503
6728,2875159,1000,True,0.1246703639626503
6729,2875725,1000,True,0.1246703639626503
6730,2881498,1000,True,0.1246703639626503
6731,2882630,1000,True,0.1246703639626503
6732,2880214,1000,True,0.1246703639626503
6733,3166935,1000,True,0.1246703639626503
6734,2875980,1000,True,0.1246703639626503
6735,2880012,1000,True,0.1246703639626503
6736,2876437,1000,True,0.1246703639626503
6737,2876289,1000,True,0.1246703639626503
6738,2880109,1000,True,0.1246703639626503
6739,2882719,1000,True,0.1246703639626503
6740,2878355,1000,True,0.1246703639626503
6741,2878036,1000,True,0.1246703639626503
6742,2880749,1000,True,0.1246703639626503
6743,2881135,1000,True,0.1246703639626503
6744,2881737,1000,True,0.1246703639626503
6745,2876786,1000,True,0.1246703639626503
6746,2877701,1000,True,0.1246703639626503
6747,3168152,1000,True,0.1246703639626503
6748,2879584,1000,True,0.1246703639626503
6749,2878605,1000,True,0.1246703639626503
6750,2879074,1000,True,0.1246703639626503
6751,2879101,1000,True,0.1246703639626503
6752,2878901,1000,True,0.1246703639626503
6753,2876424,1000,True,0.1246703639626503
6754,2879294,1000,True,0.1246703639626503
6755,2878054,1000,True,0.1246703639626503
6756,2879541,1000,True,0.1246703639626503
6757,2875796,1000,True,0.1246703639626503
6758,2880282,1000,True,0.1246703639626503
6759,2878492,1000,True,0.1246703639626503
6760,2876049,1000,True,0.1246703639626503
6761,3174693,1000,True,0.1246703639626503
6762,2878941,1000,True,0.1246703639626503
6763,2878790,1000,True,0.1246703639626503
6764,2880597,1000,True,0.1246703639626503
6765,2877247,1000,True,0.1246703639626503
6766,2877725,1000,True,0.1246703639626503
6767,2878933,1000,True,0.1246703639626503
6768,2879010,1000,True,0.1246703639626503
6769,2877821,1000,True,0.1246703639626503
6770,2877102,1000,True,0.1246703639626503
6771,2881874,1000,True,0.1246703639626503
6772,3170193,1000,True,0.1246703639626503
6773,2878890,1000,True,0.1246703639626503
6774,2876016,1000,True,0.1246703639626503
6775,2880488,1000,True,0.1246703639626503
6776,2876867,1000,True,0.1246703639626503
6777,2878180,1000,True,0.1246703639626503
6778,2878833,1000,True,0.1246703639626503
6779,2877710,1000,True,0.1246703639626503
6780,2880890,1000,True,0.1246703639626503
6781,2875770,1000,True,0.1246703639626503
6782,2877282,1000,True,0.1246703639626503
6783,2879232,1000,True,0.1246703639626503
6784,2877727,1000,True,0.1246703639626503
6785,2878922,1000,True,0.1246703639626503
6786,3176982,1000,True,0.1246703639626503
6787,2883370,1000,True,0.1246703639626503
6788,2879511,1000,True,0.1246703639626503
6789,2878857,1000,True,0.1246703639626503
6790,2878321,1000,True,0.1246703639626503
6791,2879664,1000,True,0.1246703639626503
6792,2881396,1000,True,0.1246703639626503
6793,2877849,1000,True,0.1246703639626503
6794,2877683,1000,True,0.1246703639626503
6795,2879603,1000,True,0.1246703639626503
6796,2881477,1000,True,0.1246703639626503
6797,2876918,1000,True,0.1246703639626503
6798,2880825,1000,True,0.1246703639626503
6799,2878705,1000,True,0.1246703639626503
6800,3170685,1000,True,0.1246703639626503
6801,2882716,1000,True,0.1246703639626503
6802,2875867,1000,True,0.1246703639626503
6803,2878885,1000,True,0.1246703639626503
6804,2877492,1000,True,0.1246703639626503
6805,2876840,1000,True,0.1246703639626503
6806,2879323,1000,True,0.1246703639626503
6807,2879903,1000,True,0.1246703639626503
6808,2879479,1000,True,0.1246703639626503
6809,2876937,1000,True,0.1246703639626503
6810,2878424,1000,True,0.1246703639626503
6811,2877565,1000,True,0.1246703639626503
6812,2879976,1000,True,0.1246703639626503
6813,2882345,1000,True,0.1246703639626503
6814,2877674,1000,True,0.1246703639626503
6815,3171098,1000,True,0.1246703639626503
6816,2880483,1000,True,0.1246703639626503
6817,2877475,1000,True,0.1246703639626503
6818,2879069,1000,True,0.1246703639626503
6819,2880141,1000,True,0.1246703639626503
6820,2880286,1000,True,0.1246703639626503
6821,2875239,1000,True,0.1246703639626503
6822,2877520,1000,True,0.1246703639626503
6823,2878819,1000,True,0.1246703639626503
6824,2879957,1000,True,0.1246703639626503
6825,2877484,1000,True,0.1246703639626503
6826,2879855,1000,True,0.1246703639626503
6827,2875943,1000,True,0.1246703639626503
6828,2880251,1000,True,0.1246703639626503
6829,3170840,1000,True,0.1246703639626503
6830,2877380,1000,True,0.1246703639626503
6831,2881772,1000,True,0.1246703639626503
6832,2877674,1000,True,0.1246703639626503
6833,2877123,1000,True,0.1246703639626503
6834,2875907,1000,True,0.1246703639626503
6835,2880805,1000,True,0.1246703639626503
6836,2879387,1000,True,0.1246703639626503
6837,2877532,1000,True,0.1246703639626503
6838,2880587,1000,True,0.1246703639626503
6839,2877029,1000,True,0.1246703639626503
6840,2877530,1000,True,0.1246703639626503
6841,2883620,1000,True,0.1246703639626503
6842,2876138,1000,True,0.1246703639626503
6843,3181239,1000,True,0.1246703639626503
6844,2883630,1000,True,0.1246703639626503
6845,2878054,1000,True,0.1246703639626503
6846,2877206,1000,True,0.1246703639626503
6847,2878818,1000,True,0.1246703639626503
6848,2877729,1000,True,0.1246703639626503
6849,2879992,1000,True,0.1246703639626503
6850,2877814,1000,True,0.1246703639626503
6851,2881343,1000,True,0.1246703639626503
6852,2879538,1000,True,0.1246703639626503
6853,2877717,1000,True,0.1246703639626503
6854,2878113,1000,True,0.1246703639626503
6855,2877759,1000,True,0.1246703639626503
6856,2877555,1000,True,0.1246703639626503
6857,3170368,1000,True,0.1246703639626503
6858,2880345,1000,True,0.1246703639626503
6859,2879950,1000,True,0.1246703639626503
6860,2876084,1000,True,0.1246703639626503
6861,2881076,1000,True,0.1246703639626503
6862,2879400,1000,True,0.1246703639626503
6863,2887262,1000,True,0.1246703639626503
6864,2879301,1000,True,0.1246703639626503
6865,2880572,1000,True,0.1246703639626503
6866,2882706,1000,True,0.1246703639626503
6867,2878502,1000,True,0.1246703639626503
6868,2877406,1000,True,0.1246703639626503
6869,2878811,1000,True,0.1246703639626503
6870,2877921,1000,True,0.1246703639626503
6871,3168980,1000,True,0.1246703639626503
6872,2881282,1000,True,0.1246703639626503
6873,2876457,1000,True,0.1246703639626503
6874,2879068,1000,True,0.1246703639626503
6875,2879279,1000,True,0.1246703639626503
6876,2878312,1000,True,0.1246703639626503
6877,2876455,1000,True,0.1246703639626503
6878,2876845,1000,True,0.1246703639626503
6879,2879134,1000,True,0.1246703639626503
6880,2878383,1000,True,0.1246703639626503
6881,2878281,1000,True,0.1246703639626503
6882,3168791,1000,True,0.1246703639626503
6883,2880850,1000,True,0.1246703639626503
6884,2877947,1000,True,0.1246703639626503
6885,2879095,1000,True,0.1246703639626503
6886,2879418,1000,True,0.1246703639626503
6887,2880329,1000,True,0.1246703639626503
6888,2879655,1000,True,0.1246703639626503
6889,2879436,1000,True,0.1246703639626503
6890,2877403,1000,True,0.1246703639626503
6891,2879546,1000,True,0.1246703639626503
6892,2877209,1000,True,0.1246703639626503
6893,2877524,1000,True,0.1246703639626503
6894,2877119,1000,True,0.1246703639626503
6895,2880757,1000,True,0.1246703639626503
6896,2879091,1000,True,0.1246703639626503
6897,3173473,1000,True,0.1246703639626503
6898,2880422,1000,True,0.1246703639626503
6899,2881425,1000,True,0.1246703639626503
6900,2877060,1000,True,0.1246703639626503
6901,2878935,1000,True,0.1246703639626503
6902,2877972,1000,True,0.1246703639626503
6903,2879465,1000,True,0.1246703639626503
6904,2878501,1000,True,0.1246703639626503
6905,2878056,1000,True,0.1246703639626503
6906,2878290,1000,True,0.1246703639626503
6907,2881157,1000,True,0.1246703639626503
6908,2880099,1000,True,0.1246703639626503
6909,2877371,1000,True,0.1246703639626503
6910,2877825,1000,True,0.1246703639626503
6911,3166896,1000,True,0.1246703639626503
6912,2878102,1000,True,0.1246703639626503
6913,2878111,1000,True,0.1246703639626503
6914,2879136,1000,True,0.1246703639626503
6915,2881079,1000,True,0.1246703639626503
6916,2878807,1000,True,0.1246703639626503
6917,2877746,1000,True,0.1246703639626503
6918,2877592,1000,True,0.1246703639626503
6919,2881968,1000,True,0.1246703639626503
6920,2876736,1000,True,0.1246703639626503
6921,2875826,1000,True,0.1246703639626503
6922,2877941,1000,True,0.1246703639626503
6923,2877236,1000,True,0.1246703639626503
6924,2879782,1000,True,0.1246703639626503
6925,3174725,1000,True,0.1246703639626503
6926,2878530,1000,True,0.1246703639626503
6927,2875709,1000,True,0.1246703639626503
6928,2877809,1000,True,0.1246703639626503
6929,2876923,1000,True,0.1246703639626503
6930,2877812,1000,True,0.1246703639626503
6931,2882481,1000,True,0.1246703639626503
6932,2879652,1000,True,0.1246703639626503
6933,2877408,1000,True,0.1246703639626503
6934,2884237,1000,True,0.1246703639626503
6935,2881661,1000,True,0.1246703639626503
6936,2878157,1000,True,0.1246703639626503
6937,2877943,1000,True,0.1246703639626503
6938,2879898,1000,True,0.1246703639626503
6939,3175077,1000,True,0.1246703639626503
6940,2880907,1000,True,0.1246703639626503
6941,2877445,1000,True,0.1246703639626503
6942,2877756,1000,True,0.1246703639626503
6943,2880799,1000,True,0.1246703639626503
6944,2877601,1000,True,0.1246703639626503
6945,2880055,1000,True,0.1246703639626503
6946,2879976,1000,True,0.1246703639626503
6947,2879113,1000,True,0.1246703639626503
6948,2880172,1000,True,0.1246703639626503
6949,2878580,1000,True,0.1246703639626503
6950,2877518,1000,True,0.1246703639626503
6951,2881743,1000,True,0.1246703639626503
6952,2880806,1000,True,0.1246703639626503
6953,2882726,1000,True,0.1246703639626503
6954,3171644,1000,True,0.1246703639626503
6955,2878809,1000,True,0.1246703639626503
6956,2876864,1000,True,0.1246703639626503
6957,2877065,1000,True,0.1246703639626503
6958,2876419,1000,True,0.1246703639626503
6959,2881936,1000,True,0.1246703639626503
6960,2879402,1000,True,0.1246703639626503
6961,2877098,1000,True,0.1246703639626503
6962,2880457,1000,True,0.1246703639626503
6963,2879622,1000,True,0.1246703639626503
6964,2877693,1000,True,0.1246703639626503
6965,2880006,1000,True,0.1246703639626503
6966,2878048,1000,True,0.1246703639626503
6967,2879424,1000,True,0.1246703639626503
6968,3168122,1000,True,0.1246703639626503
6969,2878210,1000,True,0.1246703639626503
6970,2878719,1000,True,0.1246703639626503
6971,2878990,1000,True,0.1246703639626503
6972,2879006,1000,True,0.1246703639626503
6973,2876353,1000,True,0.1246703639626503
6974,2876354,1000,True,0.1246703639626503
6975,2882173,1000,True,0.1246703639626503
6976,2881452,1000,True,0.1246703639626503
6977,2880119,1000,True,0.1246703639626503
6978,2878027,1000,True,0.1246703639626503
6979,2881355,1000,True,0.1246703639626503
6980,2878715,1000,True,0.1246703639626503
6981,2879286,1000,True,0.1246703639626503
6982,3165811,1000,True,0.1246703639626503
6983,2879475,1000,True,0.1246703639626503
6984,2877066,1000,True,0.1246703639626503
6985,2879522,1000,True,0.1246703639626503
6986,2879114,1000,True,0.1246703639626503
6987,2877925,1000,True,0.1246703639626503
6988,2877892,1000,True,0.1246703639626503
6989,2878751,1000,True,0.1246703639626503
6990,2880404,1000,True,0.1246703639626503
6991,3240587,1000,True,0.1246703639626503
6992,2881128,1000,True,0.1246703639626503
6993,3170168,1000,True,0.1246703639626503
6994,2878607,1000,True,0.1246703639626503
6995,2883004,1000,True,0.1246703639626503
6996,2879406,1000,True,0.1246703639626503
6997,2878657,1000,True,0.1246703639626503
6998,2879513,1000,True,0.1246703639626503
6999,2882405,1000,True,0.1246703639626503
7000,2877125,1000,True,0.1246703639626503
7001,2878886,1000,True,0.1246703639626503
7002,2878393,1000,True,0.1246703639626503
7003,2880249,1000,True,0.1246703639626503
7004,2878297,1000,True,0.1246703639626503
7005,2878688,1000,True,0.1246703639626503
7006,2878752,1000,True,0.1246703639626503
7007,3173618,1000,True,0.1246703639626503
7008,2876765,1000,True,0.1246703639626503
7009,2878367,1000,True,0.1246703639626503
7010,2876569,1000,True,0.1246703639626503
7011,2883009,1000,True,0.1246703639626503
7012,2880080,1000,True,0.1246703639626503
7013,2874331,1000,True,0.1246703639626503
7014,2879527,1000,True,0.1246703639626503
7015,2881291,1000,True,0.1246703639626503
7016,2877779,1000,True,0.1246703639626503
7017,2876256,1000,True,0.1246703639626503
7018,2877732,1000,True,0.1246703639626503
7019,2881754,1000,True,0.1246703639626503
7020,2879435,1000,True,0.1246703639626503
7021,3170959,1000,True,0.1246703639626503
7022,2881790,1000,True,0.1246703639626503
7023,2879637,1000,True,0.1246703639626503
7024,2877178,1000,True,0.1246703639626503
7025,2875122,1000,True,0.1246703639626503
7026,2878680,1000,True,0.1246703639626503
7027,2877776,1000,True,0.1246703639626503
7028,2878316,1000,True,0.1246703639626503
7029,2880419,1000,True,0.1246703639626503
7030,2875071,1000,True,0.1246703639626503
7031,2875857,1000,True,0.1246703639626503
7032,2879158,1000,True,0.1246703639626503
7033,2878665,1000,True,0.1246703639626503
7034,2879251,1000,True,0.1246703639626503
7035,3173184,1000,True,0.1246703639626503
7036,2880865,1000,True,0.1246703639626503
7037,2876690,1000,True,0.1246703639626503
7038,2878287,1000,True,0.1246703639626503
7039,2882398,1000,True,0.1246703639626503
7040,2881007,1000,True,0.1246703639626503
7041,2881289,1000,True,0.1246703639626503
7042,2882752,1000,True,0.1246703639626503
7043,2883128,1000,True,0.1246703639626503
7044,2885529,1000,True,0.1246703639626503
7045,2898721,1000,True,0.1246703639626503
7046,2886040,1000,True,0.1246703639626503
7047,2901005,1000,True,0.1246703639626503
7048,2881201,1000,True,0.1246703639626503
7049,2885220,1000,True,0.1246703639626503
7050,3177261,1000,True,0.1246703639626503
7051,2880809,1000,True,0.1246703639626503
7052,2882664,1000,True,0.1246703639626503
7053,2878372,1000,True,0.1246703639626503
7054,2881978,1000,True,0.1246703639626503
7055,2882313,1000,True,0.1246703639626503
7056,2884278,1000,True,0.1246703639626503
7057,2880317,1000,True,0.1246703639626503
7058,2879544,1000,True,0.1246703639626503
7059,2882934,1000,True,0.1246703639626503
7060,2878113,1000,True,0.1246703639626503
7061,3187769,1000,True,0.1246703639626503
7062,2878614,1000,True,0.1246703639626503
7063,2878884,1000,True,0.1246703639626503
7064,2879679,1000,True,0.1246703639626503
7065,2876768,1000,True,0.1246703639626503
7066,2879377,1000,True,0.1246703639626503
7067,2880528,1000,True,0.1246703639626503
7068,2884354,1000,True,0.1246703639626503
7069,2878141,1000,True,0.1246703639626503
7070,2880389,1000,True,0.1246703639626503
7071,2879309,1000,True,0.1246703639626503
7072,2881049,1000,True,0.1246703639626503
7073,2879940,1000,True,0.1246703639626503
7074,2879524,1000,True,0.1246703639626503
7075,3167431,1000,True,0.1246703639626503
7076,2879735,1000,True,0.1246703639626503
7077,2878545,1000,True,0.1246703639626503
7078,2878287,1000,True,0.1246703639626503
7079,2881047,1000,True,0.1246703639626503
7080,2876567,1000,True,0.1246703639626503
7081,2880448,1000,True,0.1246703639626503
7082,2877027,1000,True,0.1246703639626503
7083,2880180,1000,True,0.1246703639626503
7084,2878601,1000,True,0.1246703639626503
7085,2877029,1000,True,0.1246703639626503
7086,2879128,1000,True,0.1246703639626503
7087,2877061,1000,True,0.1246703639626503
7088,2879983,1000,True,0.1246703639626503
7089,3169316,1000,True,0.1246703639626503
7090,2882290,1000,True,0.1246703639626503
7091,2883217,1000,True,0.1246703639626503
7092,2876298,1000,True,0.1246703639626503
7093,2877027,1000,True,0.1246703639626503
7094,2877101,1000,True,0.1246703639626503
7095,2879111,1000,True,0.1246703639626503
7096,2875996,1000,True,0.1246703639626503
7097,2878834,1000,True,0.1246703639626503
7098,2874840,1000,True,0.1246703639626503
7099,2877524,1000,True,0.1246703639626503
7100,2879135,1000,True,0.1246703639626503
7101,2876827,1000,True,0.1246703639626503
7102,2880268,1000,True,0.1246703639626503
7103,3178378,1000,True,0.1246703639626503
7104,2880259,1000,True,0.1246703639626503
7105,2878167,1000,True,0.1246703639626503
7106,2879802,1000,True,0.1246703639626503
7107,2879535,1000,True,0.1246703639626503
7108,2877864,1000,True,0.1246703639626503
7109,2879561,1000,True,0.1246703639626503
7110,2878945,1000,True,0.1246703639626503
7111,2880769,1000,True,0.1246703639626503
7112,2877526,1000,True,0.1246703639626503
7113,2878791,1000,True,0.1246703639626503
7114,2877181,1000,True,0.1246703639626503
7115,2879428,1000,True,0.1246703639626503
7116,2880806,1000,True,0.1246703639626503
7117,2877043,1000,True,0.1246703639626503
7118,3171868,1000,True,0.1246703639626503
7119,2879787,1000,True,0.1246703639626503
7120,2878188,1000,True,0.1246703639626503
7121,2875756,1000,True,0.1246703639626503
7122,2877672,1000,True,0.1246703639626503
7123,2878113,1000,True,0.1246703639626503
7124,2878273,1000,True,0.1246703639626503
7125,2876968,1000,True,0.1246703639626503
7126,2878727,1000,True,0.1246703639626503
7127,2878078,1000,True,0.1246703639626503
7128,2879603,1000,True,0.1246703639626503
7129,2876580,1000,True,0.1246703639626503
7130,2879246,1000,True,0.1246703639626503
7131,2876906,1000,True,0.1246703639626503
7132,3167149,1000,True,0.1246703639626503
7133,2878811,1000,True,0.1246703639626503
7134,2877148,1000,True,0.1246703639626503
7135,2879878,1000,True,0.1246703639626503
7136,2884294,1000,True,0.1246703639626503
7137,2878042,1000,True,0.1246703639626503
7138,2876234,1000,True,0.1246703639626503
7139,2877629,1000,True,0.1246703639626503
7140,2879047,1000,True,0.1246703639626503
7141,2879511,1000,True,0.1246703639626503
7142,2874172,1000,True,0.1246703639626503
7143,2883545,1000,True,0.1246703639626503
7144,2880797,1000,True,0.1246703639626503
7145,2878263,1000,True,0.1246703639626503
7146,3169624,1000,True,0.1246703639626503
7147,2879446,1000,True,0.1246703639626503
7148,2883577,1000,True,0.1246703639626503
7149,2877514,1000,True,0.1246703639626503
7150,2879418,1000,True,0.1246703639626503
7151,2879461,1000,True,0.1246703639626503
7152,2881643,1000,True,0.1246703639626503
7153,2879393,1000,True,0.1246703639626503
7154,2878019,1000,True,0.1246703639626503
7155,2880117,1000,True,0.1246703639626503
7156,2877196,1000,True,0.1246703639626503
7157,3168296,1000,True,0.1246703639626503
7158,2880399,1000,True,0.1246703639626503
7159,2880971,1000,True,0.1246703639626503
7160,2878983,1000,True,0.1246703639626503
7161,2877713,1000,True,0.1246703639626503
7162,2876356,1000,True,0.1246703639626503
7163,2879104,1000,True,0.1246703639626503
7164,2881960,1000,True,0.1246703639626503
7165,2877929,1000,True,0.1246703639626503
7166,2877513,1000,True,0.1246703639626503
7167,2880684,1000,True,0.1246703639626503
7168,2878106,1000,True,0.1246703639626503
7169,2880268,1000,True,0.1246703639626503
7170,2877807,1000,True,0.1246703639626503
7171,3178797,1000,True,0.1246703639626503
7172,2881690,1000,True,0.1246703639626503
7173,2878221,1000,True,0.1246703639626503
7174,2876799,1000,True,0.1246703639626503
7175,2879681,1000,True,0.1246703639626503
7176,2880837,1000,True,0.1246703639626503
7177,2876946,1000,True,0.1246703639626503
7178,2878021,1000,True,0.1246703639626503
7179,2881028,1000,True,0.1246703639626503
7180,2880588,1000,True,0.1246703639626503
7181,2877725,1000,True,0.1246703639626503
7182,2880327,1000,True,0.1246703639626503
7183,2879860,1000,True,0.1246703639626503
7184,2876609,1000,True,0.1246703639626503
7185,3173337,1000,True,0.1246703639626503
7186,2880107,1000,True,0.1246703639626503
7187,2880678,1000,True,0.1246703639626503
7188,2876905,1000,True,0.1246703639626503
7189,2879329,1000,True,0.1246703639626503
7190,2880400,1000,True,0.1246703639626503
7191,2878264,1000,True,0.1246703639626503
7192,2880019,1000,True,0.1246703639626503
7193,2877764,1000,True,0.1246703639626503
7194,2879590,1000,True,0.1246703639626503
7195,2878611,1000,True,0.1246703639626503
7196,2875943,1000,True,0.1246703639626503
7197,2878916,1000,True,0.1246703639626503
7198,2878284,1000,True,0.1246703639626503
7199,2879948,1000,True,0.1246703639626503
7200,3164405,1000,True,0.1246703639626503
7201,2877886,1000,True,0.1246703639626503
7202,2879147,1000,True,0.1246703639626503
7203,2878295,1000,True,0.1246703639626503
7204,2881161,1000,True,0.1246703639626503
7205,2876098,1000,True,0.1246703639626503
7206,2879808,1000,True,0.1246703639626503
7207,2876583,1000,True,0.1246703639626503
7208,2876416,1000,True,0.1246703639626503
7209,2876159,1000,True,0.1246703639626503
7210,2876044,1000,True,0.1246703639626503
7211,2879404,1000,True,0.1246703639626503
7212,2876946,1000,True,0.1246703639626503
7213,2878245,1000,True,0.1246703639626503
7214,3169648,1000,True,0.1246703639626503
7215,2880979,1000,True,0.1246703639626503
7216,2887002,1000,True,0.1246703639626503
7217,2879938,1000,True,0.1246703639626503
7218,2879107,1000,True,0.1246703639626503
7219,2877359,1000,True,0.1246703639626503
7220,2878631,1000,True,0.1246703639626503
7221,2876548,1000,True,0.1246703639626503
7222,2877450,1000,True,0.1246703639626503
7223,2878606,1000,True,0.1246703639626503
7224,2878557,1000,True,0.1246703639626503
7225,2878761,1000,True,0.1246703639626503
7226,2876754,1000,True,0.1246703639626503
7227,2883034,1000,True,0.1246703639626503
7228,3172760,1000,True,0.1246703639626503
7229,2880711,1000,True,0.1246703639626503
7230,2880227,1000,True,0.1246703639626503
7231,2877756,1000,True,0.1246703639626503
7232,2877849,1000,True,0.1246703639626503
7233,2876470,1000,True,0.1246703639626503
7234,2878585,1000,True,0.1246703639626503
7235,2879894,1000,True,0.1246703639626503
7236,2876601,1000,True,0.1246703639626503
7237,2878407,1000,True,0.1246703639626503
7238,2875829,1000,True,0.1246703639626503
7239,2880723,1000,True,0.1246703639626503
7240,2876995,1000,True,0.1246703639626503
7241,2877658,1000,True,0.1246703639626503
7242,2877117,1000,True,0.1246703639626503
7243,3157692,1000,True,0.1246703639626503
7244,2877202,1000,True,0.1246703639626503
7245,2876926,1000,True,0.1246703639626503
7246,2875645,1000,True,0.1246703639626503
7247,2879887,1000,True,0.1246703639626503
7248,2877247,1000,True,0.1246703639626503
7249,2877819,1000,True,0.1246703639626503
7250,2880941,1000,True,0.1246703639626503
7251,2883699,1000,True,0.1246703639626503
7252,2878050,1000,True,0.1246703639626503
7253,3170649,1000,True,0.1246703639626503
7254,2879659,1000,True,0.1246703639626503
7255,2879354,1000,True,0.1246703639626503
7256,2877532,1000,True,0.1246703639626503
7257,2877453,1000,True,0.1246703639626503
7258,2876532,1000,True,0.1246703639626503
7259,2878694,1000,True,0.1246703639626503
7260,2876153,1000,True,0.1246703639626503
7261,2879912,1000,True,0.1246703639626503
7262,2876219,1000,True,0.1246703639626503
7263,2882838,1000,True,0.1246703639626503
7264,2880300,1000,True,0.1246703639626503
7265,2877240,1000,True,0.1246703639626503
7266,2879154,1000,True,0.1246703639626503
7267,2880011,1000,True,0.1246703639626503
7268,3170689,1000,True,0.1246703639626503
7269,2878270,1000,True,0.1246703639626503
7270,2877679,1000,True,0.1246703639626503
7271,2880894,1000,True,0.1246703639626503
7272,2882922,1000,True,0.1246703639626503
7273,2881563,1000,True,0.1246703639626503
7274,2879570,1000,True,0.1246703639626503
7275,2880993,1000,True,0.1246703639626503
7276,2876743,1000,True,0.1246703639626503
7277,2879541,1000,True,0.1246703639626503
7278,2881325,1000,True,0.1246703639626503
7279,2885447,1000,True,0.1246703639626503
7280,2891467,1000,True,0.1246703639626503
7281,2888171,1000,True,0.1246703639626503
7282,3203240,1000,True,0.1246703639626503
7283,2883720,1000,True,0.1246703639626503
7284,2895218,1000,True,0.1246703639626503
7285,2879267,1000,True,0.1246703639626503
7286,2885205,1000,True,0.1246703639626503
7287,2886452,1000,True,0.1246703639626503
7288,2881241,1000,True,0.1246703639626503
7289,2878262,1000,True,0.1246703639626503
7290,2879428,1000,True,0.1246703639626503
7291,2878568,1000,True,0.1246703639626503
7292,2878786,1000,True,0.1246703639626503
7293,2879091,1000,True,0.1246703639626503
7294,2876490,1000,True,0.1246703639626503
7295,2882146,1000,True,0.1246703639626503
7296,3171723,1000,True,0.1246703639626503
7297,2880604,1000,True,0.1246703639626503
7298,2876393,1000,True,0.1246703639626503
7299,2880142,1000,True,0.1246703639626503
7300,2879096,1000,True,0.1246703639626503
7301,2877935,1000,True,0.1246703639626503
7302,2879405,1000,True,0.1246703639626503
7303,2880239,1000,True,0.1246703639626503
7304,2879494,1000,True,0.1246703639626503
7305,2876040,1000,True,0.1246703639626503
7306,2875928,1000,True,0.1246703639626503
7307,2879349,1000,True,0.1246703639626503
7308,2879946,1000,True,0.1246703639626503
7309,2878518,1000,True,0.1246703639626503
7310,3169393,1000,True,0.1246703639626503
7311,2881005,1000,True,0.1246703639626503
7312,2882160,1000,True,0.1246703639626503
7313,2878401,1000,True,0.1246703639626503
7314,2876335,1000,True,0.1246703639626503
7315,2881380,1000,True,0.1246703639626503
7316,2878010,1000,True,0.1246703639626503
7317,2878558,1000,True,0.1246703639626503
7318,2876889,1000,True,0.1246703639626503
7319,2880812,1000,True,0.1246703639626503
7320,2879762,1000,True,0.1246703639626503
7321,2878448,1000,True,0.1246703639626503
7322,2881810,1000,True,0.1246703639626503
7323,2879093,1000,True,0.1246703639626503
7324,2878849,1000,True,0.1246703639626503
7325,3169332,1000,True,0.1246703639626503
7326,2879949,1000,True,0.1246703639626503
7327,2879745,1000,True,0.1246703639626503
7328,2877196,1000,True,0.1246703639626503
7329,2878603,1000,True,0.1246703639626503
7330,2876052,1000,True,0.1246703639626503
7331,2879707,1000,True,0.1246703639626503
7332,2880480,1000,True,0.1246703639626503
7333,2879936,1000,True,0.1246703639626503
7334,3238150,1000,True,0.1246703639626503
7335,2880277,1000,True,0.1246703639626503
7336,2879377,1000,True,0.1246703639626503
7337,2880961,1000,True,0.1246703639626503
7338,2877271,1000,True,0.1246703639626503
7339,3172453,1000,True,0.1246703639626503
7340,2878574,1000,True,0.1246703639626503
7341,2879053,1000,True,0.1246703639626503
7342,2877223,1000,True,0.1246703639626503
7343,2879013,1000,True,0.1246703639626503
7344,2877443,1000,True,0.1246703639626503
7345,2876848,1000,True,0.1246703639626503
7346,2877617,1000,True,0.1246703639626503
7347,2881532,1000,True,0.1246703639626503
7348,2878007,1000,True,0.1246703639626503
7349,3177001,1000,True,0.1246703639626503
7350,2881711,1000,True,0.1246703639626503
7351,2878145,1000,True,0.1246703639626503
7352,2882001,1000,True,0.1246703639626503
7353,2876741,1000,True,0.1246703639626503
7354,2880710,1000,True,0.1246703639626503
7355,2879002,1000,True,0.1246703639626503
7356,2878774,1000,True,0.1246703639626503
7357,2878840,1000,True,0.1246703639626503
7358,2882585,1000,True,0.1246703639626503
7359,2879823,1000,True,0.1246703639626503
7360,2880547,1000,True,0.1246703639626503
7361,2878754,1000,True,0.1246703639626503
7362,2876792,1000,True,0.1246703639626503
7363,2879277,1000,True,0.1246703639626503
7364,3165632,1000,True,0.1246703639626503
7365,2878449,1000,True,0.1246703639626503
7366,2878468,1000,True,0.1246703639626503
7367,2878525,1000,True,0.1246703639626503
7368,2879928,1000,True,0.1246703639626503
7369,2876976,1000,True,0.1246703639626503
7370,2879341,1000,True,0.1246703639626503
7371,2879271,1000,True,0.1246703639626503
7372,2878575,1000,True,0.1246703639626503
7373,2879933,1000,True,0.1246703639626503
7374,2879370,1000,True,0.1246703639626503
7375,2879135,1000,True,0.1246703639626503
7376,2878023,1000,True,0.1246703639626503
7377,2880103,1000,True,0.1246703639626503
7378,3168778,1000,True,0.1246703639626503
7379,2877386,1000,True,0.1246703639626503
7380,2880681,1000,True,0.1246703639626503
7381,2876707,1000,True,0.1246703639626503
7382,2878286,1000,True,0.1246703639626503
7383,2876552,1000,True,0.1246703639626503
7384,2878574,1000,True,0.1246703639626503
7385,2878598,1000,True,0.1246703639626503
7386,2879897,1000,True,0.1246703639626503
7387,2878621,1000,True,0.1246703639626503
7388,2877866,1000,True,0.1246703639626503
7389,2878937,1000,True,0.1246703639626503
7390,2882168,1000,True,0.1246703639626503
7391,2881204,1000,True,0.1246703639626503
7392,3170327,1000,True,0.1246703639626503
7393,2879657,1000,True,0.1246703639626503
7394,2878657,1000,True,0.1246703639626503
7395,2880913,1000,True,0.1246703639626503
7396,2878667,1000,True,0.1246703639626503
7397,2879674,1000,True,0.1246703639626503
7398,2878314,1000,True,0.1246703639626503
7399,2879165,1000,True,0.1246703639626503
7400,2879913,1000,True,0.1246703639626503
7401,2875920,1000,True,0.1246703639626503
7402,2880083,1000,True,0.1246703639626503
7403,2878935,1000,True,0.1246703639626503
7404,2876893,1000,True,0.1246703639626503
7405,2995855,1000,True,0.1246703639626503
7406,3326548,1000,True,0.1246703639626503
7407,3005980,1000,True,0.1246703639626503
7408,2890379,1000,True,0.1246703639626503
7409,2884584,1000,True,0.1246703639626503
7410,2880457,1000,True,0.1246703639626503
7411,2889705,1000,True,0.1246703639626503
7412,2891821,1000,True,0.1246703639626503
7413,2884448,1000,True,0.1246703639626503
7414,2882920,1000,True,0.1246703639626503
7415,2882886,1000,True,0.1246703639626503
7416,2878894,1000,True,0.1246703639626503
7417,2882244,1000,True,0.1246703639626503
7418,2879179,1000,True,0.1246703639626503
7419,2878019,1000,True,0.1246703639626503
7420,2878024,1000,True,0.1246703639626503
7421,3166764,1000,True,0.1246703639626503
7422,2879148,1000,True,0.1246703639626503
7423,2880558,1000,True,0.1246703639626503
7424,2878097,1000,True,0.1246703639626503
7425,2880368,1000,True,0.1246703639626503
7426,2878614,1000,True,0.1246703639626503
7427,2879243,1000,True,0.1246703639626503
7428,2881047,1000,True,0.1246703639626503
7429,2882505,1000,True,0.1246703639626503
7430,2875564,1000,True,0.1246703639626503
7431,2879920,1000,True,0.1246703639626503
7432,2879523,1000,True,0.1246703639626503
7433,2877822,1000,True,0.1246703639626503
7434,2879387,1000,True,0.1246703639626503
7435,3172619,1000,True,0.1246703639626503
7436,2878482,1000,True,0.1246703639626503
7437,2880041,1000,True,0.1246703639626503
7438,2880319,1000,True,0.1246703639626503
7439,2884715,1000,True,0.1246703639626503
7440,2875600,1000,True,0.1246703639626503
7441,2878414,1000,True,0.1246703639626503
7442,2876298,1000,True,0.1246703639626503
7443,2882216,1000,True,0.1246703639626503
7444,2877200,1000,True,0.1246703639626503
7445,2878745,1000,True,0.1246703639626503
7446,3172126,1000,True,0.1246703639626503
7447,2880088,1000,True,0.1246703639626503
7448,2878234,1000,True,0.1246703639626503
7449,2876564,1000,True,0.1246703639626503
7450,2879180,1000,True,0.1246703639626503
7451,2884105,1000,True,0.1246703639626503
7452,2881236,1000,True,0.1246703639626503
7453,2880304,1000,True,0.1246703639626503
7454,2879005,1000,True,0.1246703639626503
7455,2881881,1000,True,0.1246703639626503
7456,2880078,1000,True,0.1246703639626503
7457,2876386,1000,True,0.1246703639626503
7458,2879203,1000,True,0.1246703639626503
7459,2877370,1000,True,0.1246703639626503
7460,3165434,1000,True,0.1246703639626503
7461,2878830,1000,True,0.1246703639626503
7462,2877125,1000,True,0.1246703639626503
7463,2879416,1000,True,0.1246703639626503
7464,2878999,1000,True,0.1246703639626503
7465,2877947,1000,True,0.1246703639626503
7466,2875606,1000,True,0.1246703639626503
7467,2881303,1000,True,0.1246703639626503
7468,2877652,1000,True,0.1246703639626503
7469,2881907,1000,True,0.1246703639626503
7470,2880729,1000,True,0.1246703639626503
7471,2877784,1000,True,0.1246703639626503
7472,2880807,1000,True,0.1246703639626503
7473,2875558,1000,True,0.1246703639626503
7474,3170009,1000,True,0.1246703639626503
7475,2883337,1000,True,0.1246703639626503
7476,2876613,1000,True,0.1246703639626503
7477,2878330,1000,True,0.1246703639626503
7478,2876763,1000,True,0.1246703639626503
7479,2883444,1000,True,0.1246703639626503
7480,2878650,1000,True,0.1246703639626503
7481,2876771,1000,True,0.1246703639626503
7482,2877586,1000,True,0.1246703639626503
7483,2879549,1000,True,0.1246703639626503
7484,2878989,1000,True,0.1246703639626503
7485,2878051,1000,True,0.1246703639626503
7486,2878779,1000,True,0.1246703639626503
7487,2880033,1000,True,0.1246703639626503
7488,3177431,1000,True,0.1246703639626503
7489,2880938,1000,True,0.1246703639626503
7490,2878055,1000,True,0.1246703639626503
7491,2880340,1000,True,0.1246703639626503
7492,2877299,1000,True,0.1246703639626503
7493,2879632,1000,True,0.1246703639626503
7494,2878624,1000,True,0.1246703639626503
7495,2882506,1000,True,0.1246703639626503
7496,2879251,1000,True,0.1246703639626503
7497,2876077,1000,True,0.1246703639626503
7498,2875335,1000,True,0.1246703639626503
7499,2879517,1000,True,0.1246703639626503
7500,2877228,1000,True,0.1246703639626503
7501,2877398,1000,True,0.1246703639626503
7502,3297128,1000,True,0.1246703639626503
7503,2881351,1000,True,0.1246703639626503
7504,2877997,1000,True,0.1246703639626503
7505,2876883,1000,True,0.1246703639626503
7506,2878366,1000,True,0.1246703639626503
7507,2878679,1000,True,0.1246703639626503
7508,2878775,1000,True,0.1246703639626503
7509,2881496,1000,True,0.1246703639626503
7510,2881117,1000,True,0.1246703639626503
7511,2878499,1000,True,0.1246703639626503
7512,2880247,1000,True,0.1246703639626503
7513,2879674,1000,True,0.1246703639626503
7514,2878431,1000,True,0.1246703639626503
7515,2879635,1000,True,0.1246703639626503
7516,2877676,1000,True,0.1246703639626503
7517,3164812,1000,True,0.1246703639626503
7518,2878221,1000,True,0.1246703639626503
7519,2879038,1000,True,0.1246703639626503
7520,2881081,1000,True,0.1246703639626503
7521,2878698,1000,True,0.1246703639626503
7522,2881017,1000,True,0.1246703639626503
7523,2878919,1000,True,0.1246703639626503
7524,2877821,1000,True,0.1246703639626503
7525,2876846,1000,True,0.1246703639626503
7526,2878324,1000,True,0.1246703639626503
7527,2878635,1000,True,0.1246703639626503
7528,2878472,1000,True,0.1246703639626503
7529,2878406,1000,True,0.1246703639626503
7530,2883829,1000,True,0.1246703639626503
7531,3170945,1000,True,0.1246703639626503
7532,2881101,1000,True,0.1246703639626503
7533,2876290,1000,True,0.1246703639626503
7534,2879424,1000,True,0.1246703639626503
7535,2879445,1000,True,0.1246703639626503
7536,2878980,1000,True,0.1246703639626503
7537,2879219,1000,True,0.1246703639626503
7538,2879393,1000,True,0.1246703639626503
7539,2880035,1000,True,0.1246703639626503
7540,2878892,1000,True,0.1246703639626503
7541,2876984,1000,True,0.1246703639626503
7542,3169050,1000,True,0.1246703639626503
7543,2878459,1000,True,0.1246703639626503
7544,2878419,1000,True,0.1246703639626503
7545,2876712,1000,True,0.1246703639626503
7546,2891193,1000,True,0.1246703639626503
7547,2881320,1000,True,0.1246703639626503
7548,2877225,1000,True,0.1246703639626503
7549,2878989,1000,True,0.1246703639626503
7550,2878172,1000,True,0.1246703639626503
7551,2878535,1000,True,0.1246703639626503
7552,2881546,1000,True,0.1246703639626503
7553,2878456,1000,True,0.1246703639626503
7554,2876691,1000,True,0.1246703639626503
7555,2883888,1000,True,0.1246703639626503
7556,3178280,1000,True,0.1246703639626503
7557,2881260,1000,True,0.1246703639626503
7558,2880572,1000,True,0.1246703639626503
7559,2878041,1000,True,0.1246703639626503
7560,2878732,1000,True,0.1246703639626503
7561,2876988,1000,True,0.1246703639626503
7562,2879468,1000,True,0.1246703639626503
7563,2877421,1000,True,0.1246703639626503
7564,2878073,1000,True,0.1246703639626503
7565,2875223,1000,True,0.1246703639626503
7566,2878420,1000,True,0.1246703639626503
7567,2879816,1000,True,0.1246703639626503
7568,2878446,1000,True,0.1246703639626503
7569,2879646,1000,True,0.1246703639626503
7570,3171771,1000,True,0.1246703639626503
7571,2882307,1000,True,0.1246703639626503
7572,2878526,1000,True,0.1246703639626503
7573,2878563,1000,True,0.1246703639626503
7574,2880125,1000,True,0.1246703639626503
7575,2880009,1000,True,0.1246703639626503
7576,2876929,1000,True,0.1246703639626503
7577,2880563,1000,True,0.1246703639626503
7578,2875618,1000,True,0.1246703639626503
7579,2877091,1000,True,0.1246703639626503
7580,2877217,1000,True,0.1246703639626503
7581,2877002,1000,True,0.1246703639626503
7582,2879835,1000,True,0.1246703639626503
7583,2877870,1000,True,0.1246703639626503
7584,2880841,1000,True,0.1246703639626503
7585,3169435,1000,True,0.1246703639626503
7586,2882269,1000,True,0.1246703639626503
7587,2880050,1000,True,0.1246703639626503
7588,2876026,1000,True,0.1246703639626503
7589,2879831,1000,True,0.1246703639626503
7590,2877762,1000,True,0.1246703639626503
7591,2879545,1000,True,0.1246703639626503
7592,2878344,1000,True,0.1246703639626503
7593,2881884,1000,True,0.1246703639626503
7594,2878011,1000,True,0.1246703639626503
7595,2880577,1000,True,0.1246703639626503
7596,2875898,1000,True,0.1246703639626503
7597,2878017,1000,True,0.1246703639626503
7598,2879097,1000,True,0.1246703639626503
7599,3170902,1000,True,0.1246703639626503
7600,2881692,1000,True,0.1246703639626503
7601,2881148,1000,True,0.1246703639626503
7602,2878395,1000,True,0.1246703639626503
7603,2878526,1000,True,0.1246703639626503
7604,2879274,1000,True,0.1246703639626503
7605,2876366,1000,True,0.1246703639626503
7606,2879857,1000,True,0.1246703639626503
7607,2877916,1000,True,0.1246703639626503
7608,2877668,1000,True,0.1246703639626503
7609,2878319,1000,True,0.1246703639626503
7610,2877984,1000,True,0.1246703639626503
7611,2878959,1000,True,0.1246703639626503
7612,2878400,1000,True,0.1246703639626503
7613,3168084,1000,True,0.1246703639626503
7614,2881373,1000,True,0.1246703639626503
7615,2879914,1000,True,0.1246703639626503
7616,2878275,1000,True,0.1246703639626503
7617,2879165,1000,True,0.1246703639626503
7618,2875439,1000,True,0.1246703639626503
7619,2880201,1000,True,0.1246703639626503
7620,2878973,1000,True,0.1246703639626503
7621,2878269,1000,True,0.1246703639626503
7622,2873843,1000,True,0.1246703639626503
7623,2880645,1000,True,0.1246703639626503
7624,2880221,1000,True,0.1246703639626503
7625,2879198,1000,True,0.1246703639626503
7626,2877559,1000,True,0.1246703639626503
7627,3172682,1000,True,0.1246703639626503
7628,2881853,1000,True,0.1246703639626503
7629,2879630,1000,True,0.1246703639626503
7630,2877263,1000,True,0.1246703639626503
7631,2881606,1000,True,0.1246703639626503
7632,2879402,1000,True,0.1246703639626503
7633,2877932,1000,True,0.1246703639626503
7634,2877887,1000,True,0.1246703639626503
7635,2880764,1000,True,0.1246703639626503
7636,2874449,1000,True,0.1246703639626503
7637,2880458,1000,True,0.1246703639626503
7638,2877337,1000,True,0.1246703639626503
7639,2879839,1000,True,0.1246703639626503
7640,2880806,1000,True,0.1246703639626503
7641,3173911,1000,True,0.1246703639626503
7642,2880013,1000,True,0.1246703639626503
7643,2878179,1000,True,0.1246703639626503
7644,2877673,1000,True,0.1246703639626503
7645,2878075,1000,True,0.1246703639626503
7646,2876265,1000,True,0.1246703639626503
7647,2882012,1000,True,0.1246703639626503
7648,2879446,1000,True,0.1246703639626503
7649,2880480,1000,True,0.1246703639626503
7650,2876908,1000,True,0.1246703639626503
7651,2877336,1000,True,0.1246703639626503
7652,3172232,1000,True,0.1246703639626503
7653,2881102,1000,True,0.1246703639626503
7654,2876471,1000,True,0.1246703639626503
7655,2881669,1000,True,0.1246703639626503
7656,2882144,1000,True,0.1246703639626503
7657,2878938,1000,True,0.1246703639626503
7658,2879233,1000,True,0.1246703639626503
7659,2880082,1000,True,0.1246703639626503
7660,2878913,1000,True,0.1246703639626503
7661,2882735,1000,True,0.1246703639626503
7662,2877833,1000,True,0.1246703639626503
7663,2880297,1000,True,0.1246703639626503
7664,2879149,1000,True,0.1246703639626503
7665,2879562,1000,True,0.1246703639626503
7666,2879559,1000,True,0.1246703639626503
7667,3160079,1000,True,0.1246703639626503
7668,2878369,1000,True,0.1246703639626503
7669,2877737,1000,True,0.1246703639626503
7670,2878605,1000,True,0.1246703639626503
7671,2888464,1000,True,0.1246703639626503
7672,2877948,1000,True,0.1246703639626503
7673,2878290,1000,True,0.1246703639626503
7674,2878838,1000,True,0.1246703639626503
7675,2878304,1000,True,0.1246703639626503
7676,2877196,1000,True,0.1246703639626503
7677,3230326,1000,True,0.1246703639626503
7678,2880458,1000,True,0.1246703639626503
7679,2877869,1000,True,0.1246703639626503
7680,2878772,1000,True,0.1246703639626503
7681,3167627,1000,True,0.1246703639626503
7682,2879378,1000,True,0.1246703639626503
7683,2882943,1000,True,0.1246703639626503
7684,2878784,1000,True,0.1246703639626503
7685,2877175,1000,True,0.1246703639626503
7686,2879015,1000,True,0.1246703639626503
7687,2879475,1000,True,0.1246703639626503
7688,2879773,1000,True,0.1246703639626503
7689,2878960,1000,True,0.1246703639626503
7690,2879092,1000,True,0.1246703639626503
7691,2878247,1000,True,0.1246703639626503
7692,2882212,1000,True,0.1246703639626503
7693,2878202,1000,True,0.1246703639626503
7694,2879298,1000,True,0.1246703639626503
7695,3166320,1000,True,0.1246703639626503
7696,2878911,1000,True,0.1246703639626503
7697,2879584,1000,True,0.1246703639626503
7698,2878362,1000,True,0.1246703639626503
7699,2883382,1000,True,0.1246703639626503
7700,2877526,1000,True,0.1246703639626503
7701,2880547,1000,True,0.1246703639626503
7702,2877296,1000,True,0.1246703639626503
7703,2880104,1000,True,0.1246703639626503
7704,2876392,1000,True,0.1246703639626503
7705,2877986,1000,True,0.1246703639626503
7706,2878361,1000,True,0.1246703639626503
7707,2881144,1000,True,0.1246703639626503
7708,2878600,1000,True,0.1246703639626503
7709,3176628,1000,True,0.1246703639626503
7710,2880668,1000,True,0.1246703639626503
7711,2881183,1000,True,0.1246703639626503
7712,2877264,1000,True,0.1246703639626503
7713,2880116,1000,True,0.1246703639626503
7714,2878682,1000,True,0.1246703639626503
7715,2877806,1000,True,0.1246703639626503
7716,2877579,1000,True,0.1246703639626503
7717,2880202,1000,True,0.1246703639626503
7718,2877906,1000,True,0.1246703639626503
7719,2879581,1000,True,0.1246703639626503
7720,2877839,1000,True,0.1246703639626503
7721,2875471,1000,True,0.1246703639626503
7722,2877719,1000,True,0.1246703639626503
7723,2881900,1000,True,0.1246703639626503
7724,3170096,1000,True,0.1246703639626503
7725,2881554,1000,True,0.1246703639626503
7726,2877839,1000,True,0.1246703639626503
7727,2880270,1000,True,0.1246703639626503
7728,2878965,1000,True,0.1246703639626503
7729,2878946,1000,True,0.1246703639626503
7730,2877922,1000,True,0.1246703639626503
7731,2883303,1000,True,0.1246703639626503
7732,2876484,1000,True,0.1246703639626503
7733,2879893,1000,True,0.1246703639626503
7734,3176148,1000,True,0.1246703639626503
7735,2883683,1000,True,0.1246703639626503
7736,2879889,1000,True,0.1246703639626503
7737,2880200,1000,True,0.1246703639626503
7738,2878824,1000,True,0.1246703639626503
7739,2881010,1000,True,0.1246703639626503
7740,2877755,1000,True,0.1246703639626503
7741,2878069,1000,True,0.1246703639626503
7742,2875710,1000,True,0.1246703639626503
7743,2880626,1000,True,0.1246703639626503
7744,2881112,1000,True,0.1246703639626503
7745,2875649,1000,True,0.1246703639626503
7746,2880336,1000,True,0.1246703639626503
7747,2876510,1000,True,0.1246703639626503
7748,2879537,1000,True,0.1246703639626503
7749,3166292,1000,True,0.1246703639626503
7750,2875604,1000,True,0.1246703639626503
7751,2879269,1000,True,0.1246703639626503
7752,2878624,1000,True,0.1246703639626503
7753,2880867,1000,True,0.1246703639626503
7754,2876774,1000,True,0.1246703639626503
7755,2878714,1000,True,0.1246703639626503
7756,2880752,1000,True,0.1246703639626503
7757,2878227,1000,True,0.1246703639626503
7758,2881047,1000,True,0.1246703639626503
7759,2879782,1000,True,0.1246703639626503
7760,2879580,1000,True,0.1246703639626503
7761,2879993,1000,True,0.1246703639626503
7762,2878562,1000,True,0.1246703639626503
7763,3169774,1000,True,0.1246703639626503
7764,2878847,1000,True,0.1246703639626503
7765,2879995,1000,True,0.1246703639626503
7766,2877884,1000,True,0.1246703639626503
7767,2880562,1000,True,0.1246703639626503
7768,2876533,1000,True,0.1246703639626503
7769,2881908,1000,True,0.1246703639626503
7770,2881038,1000,True,0.1246703639626503
7771,2881796,1000,True,0.1246703639626503
7772,2877978,1000,True,0.1246703639626503
7773,2878193,1000,True,0.1246703639626503
7774,2877055,1000,True,0.1246703639626503
7775,2877766,1000,True,0.1246703639626503
7776,2874993,1000,True,0.1246703639626503
7777,3178450,1000,True,0.1246703639626503
7778,2881650,1000,True,0.1246703639626503
7779,2880613,1000,True,0.1246703639626503
7780,2874927,1000,True,0.1246703639626503
7781,2878745,1000,True,0.1246703639626503
7782,2878771,1000,True,0.1246703639626503
7783,2878927,1000,True,0.1246703639626503
7784,2876179,1000,True,0.1246703639626503
7785,2876544,1000,True,0.1246703639626503
7786,2879778,1000,True,0.1246703639626503
7787,2877958,1000,True,0.1246703639626503
7788,2879893,1000,True,0.1246703639626503
7789,2877365,1000,True,0.1246703639626503
7790,2878091,1000,True,0.1246703639626503
7791,3169475,1000,True,0.1246703639626503
7792,2882236,1000,True,0.1246703639626503
7793,2876773,1000,True,0.1246703639626503
7794,2878516,1000,True,0.1246703639626503
7795,2880792,1000,True,0.1246703639626503
7796,2877207,1000,True,0.1246703639626503
7797,2879690,1000,True,0.1246703639626503
7798,2875867,1000,True,0.1246703639626503
7799,2879777,1000,True,0.1246703639626503
7800,2877901,1000,True,0.1246703639626503
7801,2877774,1000,True,0.1246703639626503
7802,2878720,1000,True,0.1246703639626503
7803,2879164,1000,True,0.1246703639626503
7804,2879231,1000,True,0.1246703639626503
7805,2878103,1000,True,0.1246703639626503
7806,3165982,1000,True,0.1246703639626503
7807,2879428,1000,True,0.1246703639626503
7808,2875212,1000,True,0.1246703639626503
7809,2875009,1000,True,0.1246703639626503
7810,2878923,1000,True,0.1246703639626503
7811,2879968,1000,True,0.1246703639626503
7812,2878110,1000,True,0.1246703639626503
7813,2876877,1000,True,0.1246703639626503
7814,2880246,1000,True,0.1246703639626503
7815,2879443,1000,True,0.1246703639626503
7816,2881471,1000,True,0.1246703639626503
7817,2879237,1000,True,0.1246703639626503
7818,2876871,1000,True,0.1246703639626503
7819,2883235,1000,True,0.1246703639626503
7820,3170708,1000,True,0.1246703639626503
7821,2879595,1000,True,0.1246703639626503
7822,2879127,1000,True,0.1246703639626503
7823,2878330,1000,True,0.1246703639626503
7824,2879004,1000,True,0.1246703639626503
7825,2878913,1000,True,0.1246703639626503
7826,2877633,1000,True,0.1246703639626503
7827,2877511,1000,True,0.1246703639626503
7828,2879403,1000,True,0.1246703639626503
7829,2877994,1000,True,0.1246703639626503
7830,2875781,1000,True,0.1246703639626503
7831,3171887,1000,True,0.1246703639626503
7832,2878876,1000,True,0.1246703639626503
7833,2876991,1000,True,0.1246703639626503
7834,2878526,1000,True,0.1246703639626503
7835,2877440,1000,True,0.1246703639626503
7836,2878506,1000,True,0.1246703639626503
7837,2874976,1000,True,0.1246703639626503
7838,2882230,1000,True,0.1246703639626503
7839,2880122,1000,True,0.1246703639626503
7840,2878286,1000,True,0.1246703639626503
7841,2878595,1000,True,0.1246703639626503
7842,2876499,1000,True,0.1246703639626503
7843,2879795,1000,True,0.1246703639626503
7844,2874804,1000,True,0.1246703639626503
7845,3168091,1000,True,0.1246703639626503
7846,2883264,1000,True,0.1246703639626503
7847,2881019,1000,True,0.1246703639626503
7848,2880118,1000,True,0.1246703639626503
7849,2877390,1000,True,0.1246703639626503
7850,2878908,1000,True,0.1246703639626503
7851,2878407,1000,True,0.1246703639626503
7852,2877530,1000,True,0.1246703639626503
7853,2878600,1000,True,0.1246703639626503
7854,2878850,1000,True,0.1246703639626503
7855,2877075,1000,True,0.1246703639626503
7856,2875206,1000,True,0.1246703639626503
7857,2878919,1000,True,0.1246703639626503
7858,2876385,1000,True,0.1246703639626503
7859,3171796,1000,True,0.1246703639626503
7860,2882469,1000,True,0.1246703639626503
7861,2879254,1000,True,0.1246703639626503
7862,2881477,1000,True,0.1246703639626503
7863,2881736,1000,True,0.1246703639626503
7864,2880426,1000,True,0.1246703639626503
7865,2879653,1000,True,0.1246703639626503
7866,2876902,1000,True,0.1246703639626503
7867,2879952,1000,True,0.1246703639626503
7868,2883276,1000,True,0.1246703639626503
7869,2881293,1000,True,0.1246703639626503
7870,2875861,1000,True,0.1246703639626503
7871,2880619,1000,True,0.1246703639626503
7872,2880642,1000,True,0.1246703639626503
7873,3172387,1000,True,0.1246703639626503
7874,2880143,1000,True,0.1246703639626503
7875,2881480,1000,True,0.1246703639626503
7876,2882630,1000,True,0.1246703639626503
7877,2877348,1000,True,0.1246703639626503
7878,2879214,1000,True,0.1246703639626503
7879,2880617,1000,True,0.1246703639626503
7880,2878565,1000,True,0.1246703639626503
7881,2880946,1000,True,0.1246703639626503
7882,2881672,1000,True,0.1246703639626503
7883,2879569,1000,True,0.1246703639626503
7884,2879759,1000,True,0.1246703639626503
7885,2881517,1000,True,0.1246703639626503
7886,2876922,1000,True,0.1246703639626503
7887,2880512,1000,True,0.1246703639626503
7888,3168564,1000,True,0.1246703639626503
7889,2876593,1000,True,0.1246703639626503
7890,2880601,1000,True,0.1246703639626503
7891,2881360,1000,True,0.1246703639626503
7892,2880399,1000,True,0.1246703639626503
7893,2875801,1000,True,0.1246703639626503
7894,2876194,1000,True,0.1246703639626503
7895,2877519,1000,True,0.1246703639626503
7896,2876441,1000,True,0.1246703639626503
7897,2879648,1000,True,0.1246703639626503
7898,2879973,1000,True,0.1246703639626503
7899,2876506,1000,True,0.1246703639626503
7900,2876877,1000,True,0.1246703639626503
7901,2879776,1000,True,0.1246703639626503
7902,3164573,1000,True,0.1246703639626503
7903,2878810,1000,True,0.1246703639626503
7904,2881151,1000,True,0.1246703639626503
7905,2879194,1000,True,0.1246703639626503
7906,2877491,1000,True,0.1246703639626503
7907,2877811,1000,True,0.1246703639626503
7908,2879250,1000,True,0.1246703639626503
7909,2875965,1000,True,0.1246703639626503
7910,2877070,1000,True,0.1246703639626503
7911,2881018,1000,True,0.1246703639626503
7912,2881373,1000,True,0.1246703639626503
7913,2875663,1000,True,0.1246703639626503
7914,2878202,1000,True,0.1246703639626503
7915,2880189,1000,True,0.1246703639626503
7916,3169054,1000,True,0.1246703639626503
7917,2884827,1000,True,0.1246703639626503
7918,2880134,1000,True,0.1246703639626503
7919,2882286,1000,True,0.1246703639626503
7920,2878952,1000,True,0.1246703639626503
7921,2879288,1000,True,0.1246703639626503
7922,2880044,1000,True,0.1246703639626503
7923,2876915,1000,True,0.1246703639626503
7924,2880281,1000,True,0.1246703639626503
7925,2876673,1000,True,0.1246703639626503
7926,2880860,1000,True,0.1246703639626503
7927,3171610,1000,True,0.1246703639626503
7928,2878824,1000,True,0.1246703639626503
7929,2878516,1000,True,0.1246703639626503
7930,2875957,1000,True,0.1246703639626503
7931,2882006,1000,True,0.1246703639626503
7932,2880915,1000,True,0.1246703639626503
7933,2878692,1000,True,0.1246703639626503
7934,2880095,1000,True,0.1246703639626503
7935,2879291,1000,True,0.1246703639626503
7936,2880213,1000,True,0.1246703639626503
7937,2878038,1000,True,0.1246703639626503
7938,2876684,1000,True,0.1246703639626503
7939,2877148,1000,True,0.1246703639626503
7940,2877690,1000,True,0.1246703639626503
7941,3172341,1000,True,0.1246703639626503
7942,2882169,1000,True,0.1246703639626503
7943,2877220,1000,True,0.1246703639626503
7944,2881331,1000,True,0.1246703639626503
7945,2878574,1000,True,0.1246703639626503
7946,2879947,1000,True,0.1246703639626503
7947,2878085,1000,True,0.1246703639626503
7948,2875848,1000,True,0.1246703639626503
7949,2878507,1000,True,0.1246703639626503
7950,2878144,1000,True,0.1246703639626503
7951,2881019,1000,True,0.1246703639626503
7952,2882920,1000,True,0.1246703639626503
7953,2878430,1000,True,0.1246703639626503
7954,2879438,1000,True,0.1246703639626503
7955,3176981,1000,True,0.1246703639626503
7956,2881709,1000,True,0.1246703639626503
7957,2877161,1000,True,0.1246703639626503
7958,2880332,1000,True,0.1246703639626503
7959,2881654,1000,True,0.1246703639626503
7960,2875760,1000,True,0.1246703639626503
7961,2879077,1000,True,0.1246703639626503
7962,2880417,1000,True,0.1246703639626503
7963,2877486,1000,True,0.1246703639626503
7964,2878993,1000,True,0.1246703639626503
7965,2875301,1000,True,0.1246703639626503
7966,2878190,1000,True,0.1246703639626503
7967,2879227,1000,True,0.1246703639626503
7968,2877504,1000,True,0.1246703639626503
7969,2875485,1000,True,0.1246703639626503
7970,3165667,1000,True,0.1246703639626503
7971,2880130,1000,True,0.1246703639626503
7972,2879804,1000,True,0.1246703639626503
7973,2877212,1000,True,0.1246703639626503
7974,2877678,1000,True,0.1246703639626503
7975,2878511,1000,True,0.1246703639626503
7976,2878232,1000,True,0.1246703639626503
7977,2877921,1000,True,0.1246703639626503
7978,2876605,1000,True,0.1246703639626503
7979,2879645,1000,True,0.1246703639626503
7980,2876848,1000,True,0.1246703639626503
7981,2877144,1000,True,0.1246703639626503
7982,2876244,1000,True,0.1246703639626503
7983,2882869,1000,True,0.1246703639626503
7984,3169142,1000,True,0.1246703639626503
7985,2877885,1000,True,0.1246703639626503
7986,2877229,1000,True,0.1246703639626503
7987,2884656,1000,True,0.1246703639626503
7988,2875437,1000,True,0.1246703639626503
7989,2877459,1000,True,0.1246703639626503
7990,2877522,1000,True,0.1246703639626503
7991,2881777,1000,True,0.1246703639626503
7992,2878075,1000,True,0.1246703639626503
7993,2878738,1000,True,0.1246703639626503
7994,2876303,1000,True,0.1246703639626503
7995,2879502,1000,True,0.1246703639626503
7996,2876509,1000,True,0.1246703639626503
7997,2878126,1000,True,0.1246703639626503
7998,3178895,1000,True,0.1246703639626503
7999,2882245,1000,True,0.1246703639626503
8000,2878165,1000,True,0.1246703639626503
8001,2875668,1000,True,0.1246703639626503
8002,2878662,1000,True,0.1246703639626503
8003,2881466,1000,True,0.1246703639626503
8004,2877227,1000,True,0.1246703639626503
8005,2875799,1000,True,0.1246703639626503
8006,2876013,1000,True,0.1246703639626503
8007,2882718,1000,True,0.1246703639626503
8008,2880328,1000,True,0.1246703639626503
8009,3167490,1000,True,0.1246703639626503
8010,2877722,1000,True,0.1246703639626503
8011,2878656,1000,True,0.1246703639626503
8012,2875278,1000,True,0.1246703639626503
8013,2877737,1000,True,0.1246703639626503
8014,2878900,1000,True,0.1246703639626503
8015,2878705,1000,True,0.1246703639626503
8016,2878176,1000,True,0.1246703639626503
8017,2875508,1000,True,0.1246703639626503
8018,2875320,1000,True,0.1246703639626503
8019,2882307,1000,True,0.1246703639626503
8020,3233812,1000,True,0.1246703639626503
8021,2877257,1000,True,0.1246703639626503
8022,2881310,1000,True,0.1246703639626503
8023,3168560,1000,True,0.1246703639626503
8024,2878466,1000,True,0.1246703639626503
8025,2877482,1000,True,0.1246703639626503
8026,2879012,1000,True,0.1246703639626503
8027,2886095,1000,True,0.1246703639626503
8028,2876782,1000,True,0.1246703639626503
8029,2882906,1000,True,0.1246703639626503
8030,2880722,1000,True,0.1246703639626503
8031,2884598,1000,True,0.1246703639626503
8032,2878583,1000,True,0.1246703639626503
8033,2877404,1000,True,0.1246703639626503
8034,2875885,1000,True,0.1246703639626503
8035,2879802,1000,True,0.1246703639626503
8036,2877944,1000,True,0.1246703639626503
8037,3172249,1000,True,0.1246703639626503
8038,2880078,1000,True,0.1246703639626503
8039,2877876,1000,True,0.1246703639626503
8040,2878567,1000,True,0.1246703639626503
8041,2876554,1000,True,0.1246703639626503
8042,2879159,1000,True,0.1246703639626503
8043,2882384,1000,True,0.1246703639626503
8044,2876573,1000,True,0.1246703639626503
8045,2877460,1000,True,0.1246703639626503
8046,2877197,1000,True,0.1246703639626503
8047,2879550,1000,True,0.1246703639626503
8048,2876135,1000,True,0.1246703639626503
8049,2875695,1000,True,0.1246703639626503
8050,2877937,1000,True,0.1246703639626503
8051,3168362,1000,True,0.1246703639626503
8052,2882814,1000,True,0.1246703639626503
8053,2878240,1000,True,0.1246703639626503
8054,2887984,1000,True,0.1246703639626503
8055,2883143,1000,True,0.1246703639626503
8056,2879706,1000,True,0.1246703639626503
8057,2877398,1000,True,0.1246703639626503
8058,2877480,1000,True,0.1246703639626503
8059,2882900,1000,True,0.1246703639626503
8060,2874733,1000,True,0.1246703639626503
8061,2880388,1000,True,0.1246703639626503
8062,2880655,1000,True,0.1246703639626503
8063,2880705,1000,True,0.1246703639626503
8064,2878877,1000,True,0.1246703639626503
8065,2878007,1000,True,0.1246703639626503
8066,3169273,1000,True,0.1246703639626503
8067,2882069,1000,True,0.1246703639626503
8068,2879743,1000,True,0.1246703639626503
8069,2880207,1000,True,0.1246703639626503
8070,2877890,1000,True,0.1246703639626503
8071,2891467,1000,True,0.1246703639626503
8072,2879194,1000,True,0.1246703639626503
8073,2879892,1000,True,0.1246703639626503
8074,2875044,1000,True,0.1246703639626503
8075,2881784,1000,True,0.1246703639626503
8076,2878893,1000,True,0.1246703639626503
8077,2878092,1000,True,0.1246703639626503
8078,2878248,1000,True,0.1246703639626503
8079,2877962,1000,True,0.1246703639626503
8080,3166478,1000,True,0.1246703639626503
8081,2877913,1000,True,0.1246703639626503
8082,2880839,1000,True,0.1246703639626503
8083,2884339,1000,True,0.1246703639626503
8084,2879925,1000,True,0.1246703639626503
8085,2882542,1000,True,0.1246703639626503
8086,2878928,1000,True,0.1246703639626503
8087,2880782,1000,True,0.1246703639626503
8088,2875645,1000,True,0.1246703639626503
8089,2876210,1000,True,0.1246703639626503
8090,2878201,1000,True,0.1246703639626503
8091,2877505,1000,True,0.1246703639626503
8092,2878199,1000,True,0.1246703639626503
8093,2877292,1000,True,0.1246703639626503
8094,3177461,1000,True,0.1246703639626503
8095,2882496,1000,True,0.1246703639626503
8096,2877807,1000,True,0.1246703639626503
8097,2880356,1000,True,0.1246703639626503
8098,2881565,1000,True,0.1246703639626503
8099,2881151,1000,True,0.1246703639626503
8100,2876825,1000,True,0.1246703639626503
8101,2880526,1000,True,0.1246703639626503
8102,2880293,1000,True,0.1246703639626503
8103,2881671,1000,True,0.1246703639626503
8104,2877188,1000,True,0.1246703639626503
8105,3172459,1000,True,0.1246703639626503
8106,2887921,1000,True,0.1246703639626503
8107,2879453,1000,True,0.1246703639626503
8108,2878545,1000,True,0.1246703639626503
8109,2879978,1000,True,0.1246703639626503
8110,2877140,1000,True,0.1246703639626503
8111,2878682,1000,True,0.1246703639626503
8112,2878107,1000,True,0.1246703639626503
8113,2879261,1000,True,0.1246703639626503
8114,2882602,1000,True,0.1246703639626503
8115,2881463,1000,True,0.1246703639626503
8116,2880049,1000,True,0.1246703639626503
8117,2881017,1000,True,0.1246703639626503
8118,2878871,1000,True,0.1246703639626503
8119,3174895,1000,True,0.1246703639626503
8120,2882939,1000,True,0.1246703639626503
8121,2882241,1000,True,0.1246703639626503
8122,2878666,1000,True,0.1246703639626503
8123,2881475,1000,True,0.1246703639626503
8124,2876302,1000,True,0.1246703639626503
8125,2880301,1000,True,0.1246703639626503
8126,2885674,1000,True,0.1246703639626503
8127,2887397,1000,True,0.1246703639626503
8128,2879293,1000,True,0.1246703639626503
8129,2879484,1000,True,0.1246703639626503
8130,2879020,1000,True,0.1246703639626503
8131,2878997,1000,True,0.1246703639626503
8132,2879935,1000,True,0.1246703639626503
8133,3171810,1000,True,0.1246703639626503
8134,2879607,1000,True,0.1246703639626503
8135,2882008,1000,True,0.1246703639626503
8136,2879283,1000,True,0.1246703639626503
8137,2884888,1000,True,0.1246703639626503
8138,2877946,1000,True,0.1246703639626503
8139,2880165,1000,True,0.1246703639626503
8140,2878785,1000,True,0.1246703639626503
8141,2878722,1000,True,0.1246703639626503
8142,2878769,1000,True,0.1246703639626503
8143,2878836,1000,True,0.1246703639626503
8144,2879529,1000,True,0.1246703639626503
8145,2877934,1000,True,0.1246703639626503
8146,2878570,1000,True,0.1246703639626503
8147,2882334,1000,True,0.1246703639626503
8148,3177411,1000,True,0.1246703639626503
8149,2893342,1000,True,0.1246703639626503
8150,2881556,1000,True,0.1246703639626503
8151,2878442,1000,True,0.1246703639626503
8152,2881168,1000,True,0.1246703639626503
8153,2877360,1000,True,0.1246703639626503
8154,2885035,1000,True,0.1246703639626503
8155,2879409,1000,True,0.1246703639626503
8156,2877693,1000,True,0.1246703639626503
8157,2881450,1000,True,0.1246703639626503
8158,2877984,1000,True,0.1246703639626503
8159,2878329,1000,True,0.1246703639626503
8160,2878302,1000,True,0.1246703639626503
8161,2878028,1000,True,0.1246703639626503
8162,3178027,1000,True,0.1246703639626503
8163,2880266,1000,True,0.1246703639626503
8164,2878392,1000,True,0.1246703639626503
8165,2876611,1000,True,0.1246703639626503
8166,2881474,1000,True,0.1246703639626503
8167,2880117,1000,True,0.1246703639626503
8168,2875469,1000,True,0.1246703639626503
8169,2880398,1000,True,0.1246703639626503
8170,2879910,1000,True,0.1246703639626503
8171,2879592,1000,True,0.1246703639626503
8172,2880542,1000,True,0.1246703639626503
8173,2878270,1000,True,0.1246703639626503
8174,2879977,1000,True,0.1246703639626503
8175,2879861,1000,True,0.1246703639626503
8176,3176380,1000,True,0.1246703639626503
8177,2881316,1000,True,0.1246703639626503
8178,2875482,1000,True,0.1246703639626503
8179,2880883,1000,True,0.1246703639626503
8180,2876847,1000,True,0.1246703639626503
8181,2877689,1000,True,0.1246703639626503
8182,2880018,1000,True,0.1246703639626503
8183,2880908,1000,True,0.1246703639626503
8184,2881026,1000,True,0.1246703639626503
8185,2876990,1000,True,0.1246703639626503
8186,2879048,1000,True,0.1246703639626503
8187,2878727,1000,True,0.1246703639626503
8188,2879385,1000,True,0.1246703639626503
8189,2878278,1000,True,0.1246703639626503
8190,3165764,1000,True,0.1246703639626503
8191,2880825,1000,True,0.1246703639626503
8192,2877369,1000,True,0.1246703639626503
8193,2879409,1000,True,0.1246703639626503
8194,2879687,1000,True,0.1246703639626503
8195,2881040,1000,True,0.1246703639626503
8196,2877556,1000,True,0.1246703639626503
8197,2880464,1000,True,0.1246703639626503
8198,2879246,1000,True,0.1246703639626503
8199,2879389,1000,True,0.1246703639626503
8200,2878710,1000,True,0.1246703639626503
8201,2878645,1000,True,0.1246703639626503
8202,2877051,1000,True,0.1246703639626503
8203,2879068,1000,True,0.1246703639626503
8204,2875802,1000,True,0.1246703639626503
8205,3172156,1000,True,0.1246703639626503
8206,2879483,1000,True,0.1246703639626503
8207,2879045,1000,True,0.1246703639626503
8208,2877084,1000,True,0.1246703639626503
8209,2876937,1000,True,0.1246703639626503
8210,2876138,1000,True,0.1246703639626503
8211,2876231,1000,True,0.1246703639626503
8212,2879727,1000,True,0.1246703639626503
8213,2878820,1000,True,0.1246703639626503
8214,2876756,1000,True,0.1246703639626503
8215,3171454,1000,True,0.1246703639626503
8216,2878199,1000,True,0.1246703639626503
8217,2878611,1000,True,0.1246703639626503
8218,2878757,1000,True,0.1246703639626503
8219,2879310,1000,True,0.1246703639626503
8220,2880666,1000,True,0.1246703639626503
8221,2876391,1000,True,0.1246703639626503
8222,2880840,1000,True,0.1246703639626503
8223,2882139,1000,True,0.1246703639626503
8224,2879261,1000,True,0.1246703639626503
8225,2875997,1000,True,0.1246703639626503
8226,2874876,1000,True,0.1246703639626503
8227,2879646,1000,True,0.1246703639626503
8228,2876572,1000,True,0.1246703639626503
8229,2879340,1000,True,0.1246703639626503
8230,3167767,1000,True,0.1246703639626503
8231,2880214,1000,True,0.1246703639626503
8232,2882049,1000,True,0.1246703639626503
8233,2881618,1000,True,0.1246703639626503
8234,2880125,1000,True,0.1246703639626503
8235,2880753,1000,True,0.1246703639626503
8236,2878313,1000,True,0.1246703639626503
8237,2879796,1000,True,0.1246703639626503
8238,2878092,1000,True,0.1246703639626503
8239,2877439,1000,True,0.1246703639626503
8240,2880905,1000,True,0.1246703639626503
8241,2880426,1000,True,0.1246703639626503
8242,2877803,1000,True,0.1246703639626503
8243,2881178,1000,True,0.1246703639626503
8244,3171685,1000,True,0.1246703639626503
8245,2878752,1000,True,0.1246703639626503
8246,2877528,1000,True,0.1246703639626503
8247,2880198,1000,True,0.1246703639626503
8248,2890639,1000,True,0.1246703639626503
8249,2884923,1000,True,0.1246703639626503
8250,2880491,1000,True,0.1246703639626503
8251,2878066,1000,True,0.1246703639626503
8252,2879358,1000,True,0.1246703639626503
8253,2880218,1000,True,0.1246703639626503
8254,2876171,1000,True,0.1246703639626503
8255,2878247,1000,True,0.1246703639626503
8256,2875053,1000,True,0.1246703639626503
8257,2881386,1000,True,0.1246703639626503
8258,3173996,1000,True,0.1246703639626503
8259,2881507,1000,True,0.1246703639626503
8260,2881190,1000,True,0.1246703639626503
8261,2878926,1000,True,0.1246703639626503
8262,2876979,1000,True,0.1246703639626503
8263,2879695,1000,True,0.1246703639626503
8264,2879126,1000,True,0.1246703639626503
8265,2878192,1000,True,0.1246703639626503
8266,2879608,1000,True,0.1246703639626503
8267,2876176,1000,True,0.1246703639626503
8268,2879705,1000,True,0.1246703639626503
8269,2876234,1000,True,0.1246703639626503
8270,2880057,1000,True,0.1246703639626503
8271,2880292,1000,True,0.1246703639626503
8272,3174343,1000,True,0.1246703639626503
8273,2879274,1000,True,0.1246703639626503
8274,2876159,1000,True,0.1246703639626503
8275,2878539,1000,True,0.1246703639626503
8276,2881357,1000,True,0.1246703639626503
8277,2880849,1000,True,0.1246703639626503
8278,2882030,1000,True,0.1246703639626503
8279,2878808,1000,True,0.1246703639626503
8280,2877832,1000,True,0.1246703639626503
8281,2875626,1000,True,0.1246703639626503
8282,2878654,1000,True,0.1246703639626503
8283,2877609,1000,True,0.1246703639626503
8284,2879173,1000,True,0.1246703639626503
8285,2879330,1000,True,0.1246703639626503
8286,2877774,1000,True,0.1246703639626503
8287,3170498,1000,True,0.1246703639626503
8288,2881813,1000,True,0.1246703639626503
8289,2878758,1000,True,0.1246703639626503
8290,2880726,1000,True,0.1246703639626503
8291,2877600,1000,True,0.1246703639626503
8292,2879832,1000,True,0.1246703639626503
8293,2877550,1000,True,0.1246703639626503
8294,2876695,1000,True,0.1246703639626503
8295,2878506,1000,True,0.1246703639626503
8296,2877911,1000,True,0.1246703639626503
8297,2878070,1000,True,0.1246703639626503
8298,2879355,1000,True,0.1246703639626503
8299,2879878,1000,True,0.1246703639626503
8300,2878641,1000,True,0.1246703639626503
8301,3163936,1000,True,0.1246703639626503
8302,2879278,1000,True,0.1246703639626503
8303,2882227,1000,True,0.1246703639626503
8304,2878549,1000,True,0.1246703639626503
8305,2879914,1000,True,0.1246703639626503
8306,2881206,1000,True,0.1246703639626503
8307,2877203,1000,True,0.1246703639626503
8308,2877512,1000,True,0.1246703639626503
8309,2877136,1000,True,0.1246703639626503
8310,2879261,1000,True,0.1246703639626503
8311,2882987,1000,True,0.1246703639626503
8312,3170300,1000,True,0.1246703639626503
8313,2879286,1000,True,0.1246703639626503
8314,2880407,1000,True,0.1246703639626503
8315,2878913,1000,True,0.1246703639626503
8316,2879364,1000,True,0.1246703639626503
8317,2879127,1000,True,0.1246703639626503
8318,2879837,1000,True,0.1246703639626503
8319,2880665,1000,True,0.1246703639626503
8320,2879629,1000,True,0.1246703639626503
8321,2879082,1000,True,0.1246703639626503
8322,2879354,1000,True,0.1246703639626503
8323,2882663,1000,True,0.1246703639626503
8324,2877877,1000,True,0.1246703639626503
8325,2878037,1000,True,0.1246703639626503
8326,3171884,1000,True,0.1246703639626503
8327,2879935,1000,True,0.1246703639626503
8328,2878124,1000,True,0.1246703639626503
8329,2876928,1000,True,0.1246703639626503
8330,2882894,1000,True,0.1246703639626503
8331,2880164,1000,True,0.1246703639626503
8332,2875777,1000,True,0.1246703639626503
8333,2874913,1000,True,0.1246703639626503
8334,2880311,1000,True,0.1246703639626503
8335,2879961,1000,True,0.1246703639626503
8336,2884471,1000,True,0.1246703639626503
8337,2879949,1000,True,0.1246703639626503
8338,2880740,1000,True,0.1246703639626503
8339,2880158,1000,True,0.1246703639626503
8340,3171805,1000,True,0.1246703639626503
8341,2880759,1000,True,0.1246703639626503
8342,2879834,1000,True,0.1246703639626503
8343,2879247,1000,True,0.1246703639626503
8344,2877947,1000,True,0.1246703639626503
8345,2880305,1000,True,0.1246703639626503
8346,2877457,1000,True,0.1246703639626503
8347,2879428,1000,True,0.1246703639626503
8348,2880118,1000,True,0.1246703639626503
8349,2876818,1000,True,0.1246703639626503
8350,2880229,1000,True,0.1246703639626503
8351,2880371,1000,True,0.1246703639626503
8352,2874003,1000,True,0.1246703639626503
8353,2878926,1000,True,0.1246703639626503
8354,3174335,1000,True,0.1246703639626503
8355,2882950,1000,True,0.1246703639626503
8356,2877424,1000,True,0.1246703639626503
8357,2876277,1000,True,0.1246703639626503
8358,2885989,1000,True,0.1246703639626503
8359,2879006,1000,True,0.1246703639626503
8360,2875501,1000,True,0.1246703639626503
8361,2878036,1000,True,0.1246703639626503
8362,2875416,1000,True,0.1246703639626503
8363,3234077,1000,True,0.1246703639626503
8364,2875544,1000,True,0.1246703639626503
8365,2878811,1000,True,0.1246703639626503
8366,2878375,1000,True,0.1246703639626503
8367,2880254,1000,True,0.1246703639626503
8368,2878177,1000,True,0.1246703639626503
8369,3178347,1000,True,0.1246703639626503
8370,2876914,1000,True,0.1246703639626503
8371,2877312,1000,True,0.1246703639626503
8372,2876699,1000,True,0.1246703639626503
8373,2879738,1000,True,0.1246703639626503
8374,2876352,1000,True,0.1246703639626503
8375,2882455,1000,True,0.1246703639626503
8376,2876973,1000,True,0.1246703639626503
8377,2879089,1000,True,0.1246703639626503
8378,2880537,1000,True,0.1246703639626503
8379,2882038,1000,True,0.1246703639626503
8380,2877812,1000,True,0.1246703639626503
8381,2879408,1000,True,0.1246703639626503
8382,2879498,1000,True,0.1246703639626503
8383,3171069,1000,True,0.1246703639626503
8384,2875880,1000,True,0.1246703639626503
8385,2880043,1000,True,0.1246703639626503
8386,2878333,1000,True,0.1246703639626503
8387,2883122,1000,True,0.1246703639626503
8388,2877538,1000,True,0.1246703639626503
8389,2875512,1000,True,0.1246703639626503
8390,2879280,1000,True,0.1246703639626503
8391,2879368,1000,True,0.1246703639626503
8392,2877627,1000,True,0.1246703639626503
8393,2878591,1000,True,0.1246703639626503
8394,2877054,1000,True,0.1246703639626503
8395,2880073,1000,True,0.1246703639626503
8396,2880370,1000,True,0.1246703639626503
8397,3170459,1000,True,0.1246703639626503
8398,2880645,1000,True,0.1246703639626503
8399,2881339,1000,True,0.1246703639626503
8400,2876933,1000,True,0.1246703639626503
8401,2877710,1000,True,0.1246703639626503
8402,2878210,1000,True,0.1246703639626503
8403,2880086,1000,True,0.1246703639626503
8404,2875119,1000,True,0.1246703639626503
8405,2879559,1000,True,0.1246703639626503
8406,2876644,1000,True,0.1246703639626503
8407,2878984,1000,True,0.1246703639626503
8408,3168892,1000,True,0.1246703639626503
8409,2878984,1000,True,0.1246703639626503
8410,2878284,1000,True,0.1246703639626503
8411,2880090,1000,True,0.1246703639626503
8412,2880936,1000,True,0.1246703639626503
8413,2877676,1000,True,0.1246703639626503
8414,2878117,1000,True,0.1246703639626503
8415,2879233,1000,True,0.1246703639626503
8416,2876165,1000,True,0.1246703639626503
8417,2875364,1000,True,0.1246703639626503
8418,2876940,1000,True,0.1246703639626503
8419,2878296,1000,True,0.1246703639626503
8420,2879661,1000,True,0.1246703639626503
8421,2876567,1000,True,0.1246703639626503
8422,3177137,1000,True,0.1246703639626503
8423,2881952,1000,True,0.1246703639626503
8424,2880749,1000,True,0.1246703639626503
8425,2876571,1000,True,0.1246703639626503
8426,2877723,1000,True,0.1246703639626503
8427,2877854,1000,True,0.1246703639626503
8428,2878278,1000,True,0.1246703639626503
8429,2874745,1000,True,0.1246703639626503
8430,2875578,1000,True,0.1246703639626503
8431,2879594,1000,True,0.1246703639626503
8432,2881146,1000,True,0.1246703639626503
8433,2876123,1000,True,0.1246703639626503
8434,2877053,1000,True,0.1246703639626503
8435,2878848,1000,True,0.1246703639626503
8436,3177814,1000,True,0.1246703639626503
8437,2879261,1000,True,0.1246703639626503
8438,2881342,1000,True,0.1246703639626503
8439,2878988,1000,True,0.1246703639626503
8440,2877142,1000,True,0.1246703639626503
8441,2873708,1000,True,0.1246703639626503
8442,2876839,1000,True,0.1246703639626503
8443,2879636,1000,True,0.1246703639626503
8444,2880500,1000,True,0.1246703639626503
8445,2875830,1000,True,0.1246703639626503
8446,2879043,1000,True,0.1246703639626503
8447,2879806,1000,True,0.1246703639626503
8448,2878228,1000,True,0.1246703639626503
8449,2877597,1000,True,0.1246703639626503
8450,2877965,1000,True,0.1246703639626503
8451,3177730,1000,True,0.1246703639626503
8452,2877356,1000,True,0.1246703639626503
8453,2879400,1000,True,0.1246703639626503
8454,2876333,1000,True,0.1246703639626503
8455,2879057,1000,True,0.1246703639626503
8456,2877199,1000,True,0.1246703639626503
8457,2878298,1000,True,0.1246703639626503
8458,2879346,1000,True,0.1246703639626503
8459,2878801,1000,True,0.1246703639626503
8460,2878581,1000,True,0.1246703639626503
8461,2879397,1000,True,0.1246703639626503
8462,2875712,1000,True,0.1246703639626503
8463,2878784,1000,True,0.1246703639626503
8464,2878651,1000,True,0.1246703639626503
8465,3161653,1000,True,0.1246703639626503
8466,2878770,1000,True,0.1246703639626503
8467,2879798,1000,True,0.1246703639626503
8468,2879869,1000,True,0.1246703639626503
8469,2877082,1000,True,0.1246703639626503
8470,2876137,1000,True,0.1246703639626503
8471,2879310,1000,True,0.1246703639626503
8472,2880598,1000,True,0.1246703639626503
8473,2877352,1000,True,0.1246703639626503
8474,2878010,1000,True,0.1246703639626503
8475,2877346,1000,True,0.1246703639626503
8476,2881770,1000,True,0.1246703639626503
8477,2877265,1000,True,0.1246703639626503
8478,2879648,1000,True,0.1246703639626503
8479,3176048,1000,True,0.1246703639626503
8480,2881238,1000,True,0.1246703639626503
8481,2877761,1000,True,0.1246703639626503
8482,2877473,1000,True,0.1246703639626503
8483,2879169,1000,True,0.1246703639626503
8484,2877073,1000,True,0.1246703639626503
8485,2877207,1000,True,0.1246703639626503
8486,2876545,1000,True,0.1246703639626503
8487,2877455,1000,True,0.1246703639626503
8488,2878864,1000,True,0.1246703639626503
8489,2876925,1000,True,0.1246703639626503
8490,3171743,1000,True,0.1246703639626503
8491,2875800,1000,True,0.1246703639626503
8492,2880000,1000,True,0.1246703639626503
8493,2877440,1000,True,0.1246703639626503
8494,2879072,1000,True,0.1246703639626503
8495,2876325,1000,True,0.1246703639626503
8496,2881519,1000,True,0.1246703639626503
8497,2879423,1000,True,0.1246703639626503
8498,2876985,1000,True,0.1246703639626503
8499,2879383,1000,True,0.1246703639626503
8500,2878730,1000,True,0.1246703639626503
8501,2877001,1000,True,0.1246703639626503
8502,2875996,1000,True,0.1246703639626503
8503,2880139,1000,True,0.1246703639626503
8504,3168931,1000,True,0.1246703639626503
8505,2880209,1000,True,0.1246703639626503
8506,2876240,1000,True,0.1246703639626503
8507,2879468,1000,True,0.1246703639626503
8508,2878615,1000,True,0.1246703639626503
8509,2878958,1000,True,0.1246703639626503
8510,2878284,1000,True,0.1246703639626503
8511,2877924,1000,True,0.1246703639626503
8512,2880339,1000,True,0.1246703639626503
8513,2878324,1000,True,0.1246703639626503
8514,2876754,1000,True,0.1246703639626503
8515,2880929,1000,True,0.1246703639626503
8516,2877792,1000,True,0.1246703639626503
8517,2878290,1000,True,0.1246703639626503
8518,3170098,1000,True,0.1246703639626503
8519,2883367,1000,True,0.1246703639626503
8520,2880064,1000,True,0.1246703639626503
8521,2877923,1000,True,0.1246703639626503
8522,2878238,1000,True,0.1246703639626503
8523,2876446,1000,True,0.1246703639626503
8524,2878902,1000,True,0.1246703639626503
8525,2876361,1000,True,0.1246703639626503
8526,2877597,1000,True,0.1246703639626503
8527,2877323,1000,True,0.1246703639626503
8528,2877525,1000,True,0.1246703639626503
8529,2878316,1000,True,0.1246703639626503
8530,2877442,1000,True,0.1246703639626503
8531,2880000,1000,True,0.1246703639626503
8532,2877345,1000,True,0.1246703639626503
8533,3168203,1000,True,0.1246703639626503
8534,2876020,1000,True,0.1246703639626503
8535,2879192,1000,True,0.1246703639626503
8536,2875748,1000,True,0.1246703639626503
8537,2880411,1000,True,0.1246703639626503
8538,2876677,1000,True,0.1246703639626503
8539,2879058,1000,True,0.1246703639626503
8540,2874580,1000,True,0.1246703639626503
8541,2879528,1000,True,0.1246703639626503
8542,2876437,1000,True,0.1246703639626503
8543,2881045,1000,True,0.1246703639626503
8544,2879837,1000,True,0.1246703639626503
8545,2876774,1000,True,0.1246703639626503
8546,2878543,1000,True,0.1246703639626503
8547,3169655,1000,True,0.1246703639626503
8548,2877558,1000,True,0.1246703639626503
8549,2886982,1000,True,0.1246703639626503
8550,2877337,1000,True,0.1246703639626503
8551,2878920,1000,True,0.1246703639626503
8552,2880200,1000,True,0.1246703639626503
8553,2877373,1000,True,0.1246703639626503
8554,2876228,1000,True,0.1246703639626503
8555,2876929,1000,True,0.1246703639626503
8556,2879215,1000,True,0.1246703639626503
8557,2877428,1000,True,0.1246703639626503
8558,2880106,1000,True,0.1246703639626503
8559,2881935,1000,True,0.1246703639626503
8560,2880627,1000,True,0.1246703639626503
8561,3171838,1000,True,0.1246703639626503
8562,2878668,1000,True,0.1246703639626503
8563,2877457,1000,True,0.1246703639626503
8564,2878568,1000,True,0.1246703639626503
8565,2876210,1000,True,0.1246703639626503
8566,2876770,1000,True,0.1246703639626503
8567,2879229,1000,True,0.1246703639626503
8568,2879869,1000,True,0.1246703639626503
8569,2876552,1000,True,0.1246703639626503
8570,2878308,1000,True,0.1246703639626503
8571,2882483,1000,True,0.1246703639626503
8572,2877343,1000,True,0.1246703639626503
8573,2877061,1000,True,0.1246703639626503
8574,2880983,1000,True,0.1246703639626503
8575,3170360,1000,True,0.1246703639626503
8576,2880917,1000,True,0.1246703639626503
8577,2878561,1000,True,0.1246703639626503
8578,2885916,1000,True,0.1246703639626503
8579,2883117,1000,True,0.1246703639626503
8580,2878854,1000,True,0.1246703639626503
8581,2876643,1000,True,0.1246703639626503
8582,2879203,1000,True,0.1246703639626503
8583,2884288,1000,True,0.1246703639626503
8584,2882433,1000,True,0.1246703639626503
8585,2879425,1000,True,0.1246703639626503
8586,3174566,1000,True,0.1246703639626503
8587,2879918,1000,True,0.1246703639626503
8588,2879109,1000,True,0.1246703639626503
8589,2876949,1000,True,0.1246703639626503
8590,2880509,1000,True,0.1246703639626503
8591,2879577,1000,True,0.1246703639626503
8592,2877930,1000,True,0.1246703639626503
8593,2880209,1000,True,0.1246703639626503
8594,2879579,1000,True,0.1246703639626503
8595,2879572,1000,True,0.1246703639626503
8596,2878492,1000,True,0.1246703639626503
8597,2877057,1000,True,0.1246703639626503
8598,2879952,1000,True,0.1246703639626503
8599,2881682,1000,True,0.1246703639626503
8600,3168752,1000,True,0.1246703639626503
8601,2880841,1000,True,0.1246703639626503
8602,2875645,1000,True,0.1246703639626503
8603,2880831,1000,True,0.1246703639626503
8604,2878329,1000,True,0.1246703639626503
8605,2879096,1000,True,0.1246703639626503
8606,2879192,1000,True,0.1246703639626503
8607,2883908,1000,True,0.1246703639626503
8608,2875256,1000,True,0.1246703639626503
8609,2877878,1000,True,0.1246703639626503
8610,2878014,1000,True,0.1246703639626503
8611,2882659,1000,True,0.1246703639626503
8612,2876111,1000,True,0.1246703639626503
8613,2875119,1000,True,0.1246703639626503
8614,2878225,1000,True,0.1246703639626503
8615,3170199,1000,True,0.1246703639626503
8616,2879672,1000,True,0.1246703639626503
8617,2878604,1000,True,0.1246703639626503
8618,2877807,1000,True,0.1246703639626503
8619,2880087,1000,True,0.1246703639626503
8620,2876690,1000,True,0.1246703639626503
8621,2879114,1000,True,0.1246703639626503
8622,2878031,1000,True,0.1246703639626503
8623,2880799,1000,True,0.1246703639626503
8624,2879216,1000,True,0.1246703639626503
8625,2877383,1000,True,0.1246703639626503
8626,2878648,1000,True,0.1246703639626503
8627,2880095,1000,True,0.1246703639626503
8628,2876799,1000,True,0.1246703639626503
8629,3165014,1000,True,0.1246703639626503
8630,2876585,1000,True,0.1246703639626503
8631,2882825,1000,True,0.1246703639626503
8632,2877211,1000,True,0.1246703639626503
8633,2878667,1000,True,0.1246703639626503
8634,2876852,1000,True,0.1246703639626503
8635,2880426,1000,True,0.1246703639626503
8636,2879828,1000,True,0.1246703639626503
8637,2878979,1000,True,0.1246703639626503
8638,2877956,1000,True,0.1246703639626503
8639,2879559,1000,True,0.1246703639626503
8640,2876195,1000,True,0.1246703639626503
8641,2875892,1000,True,0.1246703639626503
8642,2876821,1000,True,0.1246703639626503
8643,3176875,1000,True,0.1246703639626503
8644,2881680,1000,True,0.1246703639626503
8645,2876852,1000,True,0.1246703639626503
8646,2878594,1000,True,0.1246703639626503
8647,2880644,1000,True,0.1246703639626503
8648,2878468,1000,True,0.1246703639626503
8649,2877058,1000,True,0.1246703639626503
8650,2877632,1000,True,0.1246703639626503
8651,2881875,1000,True,0.1246703639626503
8652,2877459,1000,True,0.1246703639626503
8653,2876349,1000,True,0.1246703639626503
8654,2885209,1000,True,0.1246703639626503
8655,2880246,1000,True,0.1246703639626503
8656,2881508,1000,True,0.1246703639626503
8657,3172642,1000,True,0.1246703639626503
8658,2879856,1000,True,0.1246703639626503
8659,2882296,1000,True,0.1246703639626503
8660,2878242,1000,True,0.1246703639626503
8661,2877362,1000,True,0.1246703639626503
8662,2877238,1000,True,0.1246703639626503
8663,2881540,1000,True,0.1246703639626503
8664,2875641,1000,True,0.1246703639626503
8665,2879378,1000,True,0.1246703639626503
8666,2878723,1000,True,0.1246703639626503
8667,2878673,1000,True,0.1246703639626503
8668,2879608,1000,True,0.1246703639626503
8669,2877726,1000,True,0.1246703639626503
8670,2877524,1000,True,0.1246703639626503
8671,2876403,1000,True,0.1246703639626503
8672,3165229,1000,True,0.1246703639626503
8673,2877441,1000,True,0.1246703639626503
8674,2878805,1000,True,0.1246703639626503
8675,2879949,1000,True,0.1246703639626503
8676,2877023,1000,True,0.1246703639626503
8677,2880403,1000,True,0.1246703639626503
8678,2876954,1000,True,0.1246703639626503
8679,2877303,1000,True,0.1246703639626503
8680,2876893,1000,True,0.1246703639626503
8681,2880243,1000,True,0.1246703639626503
8682,2879186,1000,True,0.1246703639626503
8683,2879154,1000,True,0.1246703639626503
8684,2881340,1000,True,0.1246703639626503
8685,2878362,1000,True,0.1246703639626503
8686,3166638,1000,True,0.1246703639626503
8687,2881325,1000,True,0.1246703639626503
8688,2878994,1000,True,0.1246703639626503
8689,2880722,1000,True,0.1246703639626503
8690,2879620,1000,True,0.1246703639626503
8691,2878818,1000,True,0.1246703639626503
8692,2881224,1000,True,0.1246703639626503
8693,2878180,1000,True,0.1246703639626503
8694,2880360,1000,True,0.1246703639626503
8695,2880965,1000,True,0.1246703639626503
8696,2877610,1000,True,0.1246703639626503
8697,3168317,1000,True,0.1246703639626503
8698,2878412,1000,True,0.1246703639626503
8699,2878605,1000,True,0.1246703639626503
8700,2877948,1000,True,0.1246703639626503
8701,2878613,1000,True,0.1246703639626503
8702,2878055,1000,True,0.1246703639626503
8703,2879793,1000,True,0.1246703639626503
8704,2878143,1000,True,0.1246703639626503
8705,2878815,1000,True,0.1246703639626503
8706,3229170,1000,True,0.1246703639626503
8707,2881266,1000,True,0.1246703639626503
8708,2879789,1000,True,0.1246703639626503
8709,2876095,1000,True,0.1246703639626503
8710,2879638,1000,True,0.1246703639626503
8711,3170234,1000,True,0.1246703639626503
8712,2875523,1000,True,0.1246703639626503
8713,2878235,1000,True,0.1246703639626503
8714,2875760,1000,True,0.1246703639626503
8715,2878032,1000,True,0.1246703639626503
8716,2878287,1000,True,0.1246703639626503
8717,2877594,1000,True,0.1246703639626503
8718,2878475,1000,True,0.1246703639626503
8719,2878297,1000,True,0.1246703639626503
8720,2877858,1000,True,0.1246703639626503
8721,2876520,1000,True,0.1246703639626503
8722,2876784,1000,True,0.1246703639626503
8723,2877310,1000,True,0.1246703639626503
8724,2878406,1000,True,0.1246703639626503
8725,3169914,1000,True,0.1246703639626503
8726,2877948,1000,True,0.1246703639626503
8727,2878121,1000,True,0.1246703639626503
8728,2882161,1000,True,0.1246703639626503
8729,2878301,1000,True,0.1246703639626503
8730,2876383,1000,True,0.1246703639626503
8731,2881155,1000,True,0.1246703639626503
8732,2877700,1000,True,0.1246703639626503
8733,2878542,1000,True,0.1246703639626503
8734,2877438,1000,True,0.1246703639626503
8735,2878323,1000,True,0.1246703639626503
8736,2877426,1000,True,0.1246703639626503
8737,2876947,1000,True,0.1246703639626503
8738,2878091,1000,True,0.1246703639626503
8739,3171365,1000,True,0.1246703639626503
8740,2881953,1000,True,0.1246703639626503
8741,2876902,1000,True,0.1246703639626503
8742,2877139,1000,True,0.1246703639626503
8743,2876670,1000,True,0.1246703639626503
8744,2881183,1000,True,0.1246703639626503
8745,2876377,1000,True,0.1246703639626503
8746,2875364,1000,True,0.1246703639626503
8747,2878807,1000,True,0.1246703639626503
8748,2875367,1000,True,0.1246703639626503
8749,2876406,1000,True,0.1246703639626503
8750,2876611,1000,True,0.1246703639626503
8751,2880014,1000,True,0.1246703639626503
8752,2876155,1000,True,0.1246703639626503
8753,3177423,1000,True,0.1246703639626503
8754,2879086,1000,True,0.1246703639626503
8755,2878097,1000,True,0.1246703639626503
8756,2877386,1000,True,0.1246703639626503
8757,2875834,1000,True,0.1246703639626503
8758,2877770,1000,True,0.1246703639626503
8759,2877515,1000,True,0.1246703639626503
8760,2877225,1000,True,0.1246703639626503
8761,2879161,1000,True,0.1246703639626503
8762,2877315,1000,True,0.1246703639626503
8763,2876487,1000,True,0.1246703639626503
8764,3171771,1000,True,0.1246703639626503
8765,2879578,1000,True,0.1246703639626503
8766,2877929,1000,True,0.1246703639626503
8767,2878072,1000,True,0.1246703639626503
8768,2877593,1000,True,0.1246703639626503
8769,2875318,1000,True,0.1246703639626503
8770,2876828,1000,True,0.1246703639626503
8771,2880101,1000,True,0.1246703639626503
8772,2876482,1000,True,0.1246703639626503
8773,2879396,1000,True,0.1246703639626503
8774,2876760,1000,True,0.1246703639626503
8775,2881023,1000,True,0.1246703639626503
8776,2961422,1000,True,0.1246703639626503
8777,3078309,1000,True,0.1246703639626503
8778,3199573,1000,True,0.1246703639626503
8779,2909390,1000,True,0.1246703639626503
8780,2881048,1000,True,0.1246703639626503
8781,2881181,1000,True,0.1246703639626503
8782,2879612,1000,True,0.1246703639626503
8783,2880673,1000,True,0.1246703639626503
8784,2880724,1000,True,0.1246703639626503
8785,2890975,1000,True,0.1246703639626503
8786,2884173,1000,True,0.1246703639626503
8787,2881601,1000,True,0.1246703639626503
8788,2882688,1000,True,0.1246703639626503
8789,2883326,1000,True,0.1246703639626503
8790,2881443,1000,True,0.1246703639626503
8791,2892225,1000,True,0.1246703639626503
8792,2882821,1000,True,0.1246703639626503
8793,3223487,1000,True,0.1246703639626503
8794,2891731,1000,True,0.1246703639626503
8795,2887057,1000,True,0.1246703639626503
8796,2879349,1000,True,0.1246703639626503
8797,2880550,1000,True,0.1246703639626503
8798,2880347,1000,True,0.1246703639626503
8799,2880281,1000,True,0.1246703639626503
8800,2878622,1000,True,0.1246703639626503
8801,2878568,1000,True,0.1246703639626503
8802,2878958,1000,True,0.1246703639626503
8803,2880116,1000,True,0.1246703639626503
8804,2880145,1000,True,0.1246703639626503
8805,2878221,1000,True,0.1246703639626503
8806,2876714,1000,True,0.1246703639626503
8807,3172627,1000,True,0.1246703639626503
8808,2878119,1000,True,0.1246703639626503
8809,2879992,1000,True,0.1246703639626503
8810,2877249,1000,True,0.1246703639626503
8811,2881548,1000,True,0.1246703639626503
8812,2876640,1000,True,0.1246703639626503
8813,2880889,1000,True,0.1246703639626503
8814,2879316,1000,True,0.1246703639626503
8815,2878198,1000,True,0.1246703639626503
8816,2877526,1000,True,0.1246703639626503
8817,2881020,1000,True,0.1246703639626503
8818,2876956,1000,True,0.1246703639626503
8819,2879534,1000,True,0.1246703639626503
8820,2876663,1000,True,0.1246703639626503
8821,3171814,1000,True,0.1246703639626503
8822,2879482,1000,True,0.1246703639626503
8823,2880144,1000,True,0.1246703639626503
8824,2875963,1000,True,0.1246703639626503
8825,2882053,1000,True,0.1246703639626503
8826,2880100,1000,True,0.1246703639626503
8827,2878632,1000,True,0.1246703639626503
8828,2878509,1000,True,0.1246703639626503
8829,2878645,1000,True,0.1246703639626503
8830,2881182,1000,True,0.1246703639626503
8831,2878045,1000,True,0.1246703639626503
8832,2880554,1000,True,0.1246703639626503
8833,2879760,1000,True,0.1246703639626503
8834,2877678,1000,True,0.1246703639626503
8835,3173295,1000,True,0.1246703639626503
8836,2882905,1000,True,0.1246703639626503
8837,2879407,1000,True,0.1246703639626503
8838,2877680,1000,True,0.1246703639626503
8839,2882933,1000,True,0.1246703639626503
8840,2878689,1000,True,0.1246703639626503
8841,2878875,1000,True,0.1246703639626503
8842,2875790,1000,True,0.1246703639626503
8843,2878590,1000,True,0.1246703639626503
8844,2878678,1000,True,0.1246703639626503
8845,2880617,1000,True,0.1246703639626503
8846,2876595,1000,True,0.1246703639626503
8847,2877196,1000,True,0.1246703639626503
8848,2878055,1000,True,0.1246703639626503
8849,2880255,1000,True,0.1246703639626503
8850,3162625,1000,True,0.1246703639626503
8851,2880643,1000,True,0.1246703639626503
8852,2878034,1000,True,0.1246703639626503
8853,2878294,1000,True,0.1246703639626503
8854,2879476,1000,True,0.1246703639626503
8855,2876967,1000,True,0.1246703639626503
8856,2877962,1000,True,0.1246703639626503
8857,2876826,1000,True,0.1246703639626503
8858,2875905,1000,True,0.1246703639626503
8859,2880116,1000,True,0.1246703639626503
8860,2880410,1000,True,0.1246703639626503
8861,2876059,1000,True,0.1246703639626503
8862,2877045,1000,True,0.1246703639626503
8863,2877602,1000,True,0.1246703639626503
8864,3169847,1000,True,0.1246703639626503
8865,2877100,1000,True,0.1246703639626503
8866,2875551,1000,True,0.1246703639626503
8867,2876706,1000,True,0.1246703639626503
8868,2878479,1000,True,0.1246703639626503
8869,2876122,1000,True,0.1246703639626503
8870,2879727,1000,True,0.1246703639626503
8871,2879014,1000,True,0.1246703639626503
8872,2878152,1000,True,0.1246703639626503
8873,2876763,1000,True,0.1246703639626503
8874,2878205,1000,True,0.1246703639626503
8875,3171218,1000,True,0.1246703639626503
8876,2877797,1000,True,0.1246703639626503
8877,2878159,1000,True,0.1246703639626503
8878,2878538,1000,True,0.1246703639626503
8879,2879563,1000,True,0.1246703639626503
8880,2877588,1000,True,0.1246703639626503
8881,2879160,1000,True,0.1246703639626503
8882,2876339,1000,True,0.1246703639626503
8883,2878723,1000,True,0.1246703639626503
8884,2878084,1000,True,0.1246703639626503
8885,2878487,1000,True,0.1246703639626503
8886,2877953,1000,True,0.1246703639626503
8887,2880894,1000,True,0.1246703639626503
8888,2875855,1000,True,0.1246703639626503
8889,3164992,1000,True,0.1246703639626503
8890,2880144,1000,True,0.1246703639626503
8891,2878759,1000,True,0.1246703639626503
8892,2879735,1000,True,0.1246703639626503
8893,2879161,1000,True,0.1246703639626503
8894,2879796,1000,True,0.1246703639626503
8895,2879467,1000,True,0.1246703639626503
8896,2880723,1000,True,0.1246703639626503
8897,2875149,1000,True,0.1246703639626503
8898,2878407,1000,True,0.1246703639626503
8899,2879890,1000,True,0.1246703639626503
8900,2884952,1000,True,0.1246703639626503
8901,2877833,1000,True,0.1246703639626503
8902,2879580,1000,True,0.1246703639626503
8903,3171526,1000,True,0.1246703639626503
8904,2878897,1000,True,0.1246703639626503
8905,2876360,1000,True,0.1246703639626503
8906,2877439,1000,True,0.1246703639626503
8907,2879149,1000,True,0.1246703639626503
8908,2878547,1000,True,0.1246703639626503
8909,2875516,1000,True,0.1246703639626503
8910,2878723,1000,True,0.1246703639626503
8911,2878513,1000,True,0.1246703639626503
8912,2879526,1000,True,0.1246703639626503
8913,2876364,1000,True,0.1246703639626503
8914,2879471,1000,True,0.1246703639626503
8915,2881759,1000,True,0.1246703639626503
8916,2874661,1000,True,0.1246703639626503
8917,3175632,1000,True,0.1246703639626503
8918,2881181,1000,True,0.1246703639626503
8919,2877293,1000,True,0.1246703639626503
8920,2879766,1000,True,0.1246703639626503
8921,2876809,1000,True,0.1246703639626503
8922,2881643,1000,True,0.1246703639626503
8923,2880284,1000,True,0.1246703639626503
8924,2881970,1000,True,0.1246703639626503
8925,2881352,1000,True,0.1246703639626503
8926,2879375,1000,True,0.1246703639626503
8927,2878123,1000,True,0.1246703639626503
8928,2878286,1000,True,0.1246703639626503
8929,2891532,1000,True,0.1246703639626503
8930,2877968,1000,True,0.1246703639626503
8931,2877267,1000,True,0.1246703639626503
8932,3171543,1000,True,0.1246703639626503
8933,2876939,1000,True,0.1246703639626503
8934,2877178,1000,True,0.1246703639626503
8935,2878732,1000,True,0.1246703639626503
8936,2880743,1000,True,0.1246703639626503
8937,2878894,1000,True,0.1246703639626503
8938,2878870,1000,True,0.1246703639626503
8939,2878134,1000,True,0.1246703639626503
8940,2879243,1000,True,0.1246703639626503
8941,2879527,1000,True,0.1246703639626503
8942,2879127,1000,True,0.1246703639626503
8943,2876722,1000,True,0.1246703639626503
8944,2880794,1000,True,0.1246703639626503
8945,2880920,1000,True,0.1246703639626503
8946,3164264,1000,True,0.1246703639626503
8947,2879573,1000,True,0.1246703639626503
8948,2879880,1000,True,0.1246703639626503
8949,2876812,1000,True,0.1246703639626503
8950,2878374,1000,True,0.1246703639626503
8951,2877895,1000,True,0.1246703639626503
8952,2878139,1000,True,0.1246703639626503
8953,2879955,1000,True,0.1246703639626503
8954,2876461,1000,True,0.1246703639626503
8955,2881611,1000,True,0.1246703639626503
8956,2877413,1000,True,0.1246703639626503
8957,3166365,1000,True,0.1246703639626503
8958,2876822,1000,True,0.1246703639626503
8959,2878993,1000,True,0.1246703639626503
8960,2877569,1000,True,0.1246703639626503
8961,2878420,1000,True,0.1246703639626503
8962,2878132,1000,True,0.1246703639626503
8963,2876025,1000,True,0.1246703639626503
8964,2876083,1000,True,0.1246703639626503
8965,2878168,1000,True,0.1246703639626503
8966,2876913,1000,True,0.1246703639626503
8967,2877687,1000,True,0.1246703639626503
8968,2874487,1000,True,0.1246703639626503
8969,2883298,1000,True,0.1246703639626503
8970,2883706,1000,True,0.1246703639626503
8971,3172861,1000,True,0.1246703639626503
8972,2881395,1000,True,0.1246703639626503
8973,2880755,1000,True,0.1246703639626503
8974,2876236,1000,True,0.1246703639626503
8975,2878141,1000,True,0.1246703639626503
8976,2876908,1000,True,0.1246703639626503
8977,2875880,1000,True,0.1246703639626503
8978,2877643,1000,True,0.1246703639626503
8979,2878441,1000,True,0.1246703639626503
8980,2876969,1000,True,0.1246703639626503
8981,2877117,1000,True,0.1246703639626503
8982,2878930,1000,True,0.1246703639626503
8983,2880787,1000,True,0.1246703639626503
8984,2876562,1000,True,0.1246703639626503
8985,3173488,1000,True,0.1246703639626503
8986,2879799,1000,True,0.1246703639626503
8987,2880753,1000,True,0.1246703639626503
8988,2880412,1000,True,0.1246703639626503
8989,2879947,1000,True,0.1246703639626503
8990,2878759,1000,True,0.1246703639626503
8991,2880210,1000,True,0.1246703639626503
8992,2880171,1000,True,0.1246703639626503
8993,2879247,1000,True,0.1246703639626503
8994,2878913,1000,True,0.1246703639626503
8995,2881204,1000,True,0.1246703639626503
8996,2879312,1000,True,0.1246703639626503
8997,2878127,1000,True,0.1246703639626503
8998,2877712,1000,True,0.1246703639626503
8999,3172801,1000,True,0.1246703639626503
9000,2882630,1000,True,0.1246703639626503
9001,2878338,1000,True,0.1246703639626503
9002,2876408,1000,True,0.1246703639626503
9003,2882302,1000,True,0.1246703639626503
9004,2877630,1000,True,0.1246703639626503
9005,2879920,1000,True,0.1246703639626503
9006,2881813,1000,True,0.1246703639626503
9007,2880076,1000,True,0.1246703639626503
9008,2880375,1000,True,0.1246703639626503
9009,2876536,1000,True,0.1246703639626503
9010,2876575,1000,True,0.1246703639626503
9011,2882680,1000,True,0.1246703639626503
9012,2878606,1000,True,0.1246703639626503
9013,2878694,1000,True,0.1246703639626503
9014,3166890,1000,True,0.1246703639626503
9015,2877671,1000,True,0.1246703639626503
9016,2880190,1000,True,0.1246703639626503
9017,2876447,1000,True,0.1246703639626503
9018,2880173,1000,True,0.1246703639626503
9019,2879658,1000,True,0.1246703639626503
9020,2876857,1000,True,0.1246703639626503
9021,2877839,1000,True,0.1246703639626503
9022,2878122,1000,True,0.1246703639626503
9023,2880611,1000,True,0.1246703639626503
9024,2876184,1000,True,0.1246703639626503
9025,2877053,1000,True,0.1246703639626503
9026,2879274,1000,True,0.1246703639626503
9027,2880476,1000,True,0.1246703639626503
9028,3171262,1000,True,0.1246703639626503
9029,2875439,1000,True,0.1246703639626503
9030,2879668,1000,True,0.1246703639626503
9031,2878723,1000,True,0.1246703639626503
9032,2876564,1000,True,0.1246703639626503
9033,2882652,1000,True,0.1246703639626503
9034,2878865,1000,True,0.1246703639626503
9035,2880545,1000,True,0.1246703639626503
9036,2879809,1000,True,0.1246703639626503
9037,2875548,1000,True,0.1246703639626503
9038,2883710,1000,True,0.1246703639626503
9039,2893093,1000,True,0.1246703639626503
9040,2883651,1000,True,0.1246703639626503
9041,2880127,1000,True,0.1246703639626503
9042,3179706,1000,True,0.1246703639626503
9043,2880691,1000,True,0.1246703639626503
9044,2878741,1000,True,0.1246703639626503
9045,2877785,1000,True,0.1246703639626503
9046,2876529,1000,True,0.1246703639626503
9047,2877534,1000,True,0.1246703639626503
9048,2875329,1000,True,0.1246703639626503
9049,3234428,1000,True,0.1246703639626503
9050,2879617,1000,True,0.1246703639626503
9051,2882549,1000,True,0.1246703639626503
9052,2879725,1000,True,0.1246703639626503
9053,2879918,1000,True,0.1246703639626503
9054,2877218,1000,True,0.1246703639626503
9055,2875555,1000,True,0.1246703639626503
9056,3172760,1000,True,0.1246703639626503
9057,2881662,1000,True,0.1246703639626503
9058,2880093,1000,True,0.1246703639626503
9059,2880392,1000,True,0.1246703639626503
9060,2877165,1000,True,0.1246703639626503
9061,2878474,1000,True,0.1246703639626503
9062,2876561,1000,True,0.1246703639626503
9063,2880177,1000,True,0.1246703639626503
9064,2880076,1000,True,0.1246703639626503
9065,2875346,1000,True,0.1246703639626503
9066,2874052,1000,True,0.1246703639626503
9067,3167602,1000,True,0.1246703639626503
9068,2879837,1000,True,0.1246703639626503
9069,2877936,1000,True,0.1246703639626503
9070,2878494,1000,True,0.1246703639626503
9071,2878857,1000,True,0.1246703639626503
9072,2878259,1000,True,0.1246703639626503
9073,2878326,1000,True,0.1246703639626503
9074,2878164,1000,True,0.1246703639626503
9075,2881676,1000,True,0.1246703639626503
9076,2880504,1000,True,0.1246703639626503
9077,2876335,1000,True,0.1246703639626503
9078,2878816,1000,True,0.1246703639626503
9079,2877747,1000,True,0.1246703639626503
9080,2877740,1000,True,0.1246703639626503
9081,3174216,1000,True,0.1246703639626503
9082,2878799,1000,True,0.1246703639626503
9083,2881375,1000,True,0.1246703639626503
9084,2876757,1000,True,0.1246703639626503
9085,2880724,1000,True,0.1246703639626503
9086,2876588,1000,True,0.1246703639626503
9087,2879124,1000,True,0.1246703639626503
9088,2875070,1000,True,0.1246703639626503
9089,2878107,1000,True,0.1246703639626503
9090,2878216,1000,True,0.1246703639626503
9091,2878965,1000,True,0.1246703639626503
9092,2874818,1000,True,0.1246703639626503
9093,2877910,1000,True,0.1246703639626503
9094,2878392,1000,True,0.1246703639626503
9095,3172719,1000,True,0.1246703639626503
9096,2878495,1000,True,0.1246703639626503
9097,2880901,1000,True,0.1246703639626503
9098,2879964,1000,True,0.1246703639626503
9099,2883902,1000,True,0.1246703639626503
9100,2878257,1000,True,0.1246703639626503
9101,2876636,1000,True,0.1246703639626503
9102,2876309,1000,True,0.1246703639626503
9103,2879595,1000,True,0.1246703639626503
9104,2876262,1000,True,0.1246703639626503
9105,2881464,1000,True,0.1246703639626503
9106,2876948,1000,True,0.1246703639626503
9107,2882386,1000,True,0.1246703639626503
9108,2879222,1000,True,0.1246703639626503
9109,2877867,1000,True,0.1246703639626503
9110,3169137,1000,True,0.1246703639626503
9111,2882600,1000,True,0.1246703639626503
9112,2878823,1000,True,0.1246703639626503
9113,2876622,1000,True,0.1246703639626503
9114,2878051,1000,True,0.1246703639626503
9115,2883049,1000,True,0.1246703639626503
9116,2878230,1000,True,0.1246703639626503
9117,2877128,1000,True,0.1246703639626503
9118,2876509,1000,True,0.1246703639626503
9119,2879868,1000,True,0.1246703639626503
9120,2879974,1000,True,0.1246703639626503
9121,2877327,1000,True,0.1246703639626503
9122,2875005,1000,True,0.1246703639626503
9123,2879486,1000,True,0.1246703639626503
9124,3165923,1000,True,0.1246703639626503
9125,2878361,1000,True,0.1246703639626503
9126,2879297,1000,True,0.1246703639626503
9127,2881244,1000,True,0.1246703639626503
9128,2877739,1000,True,0.1246703639626503
9129,2876824,1000,True,0.1246703639626503
9130,2877193,1000,True,0.1246703639626503
9131,2878800,1000,True,0.1246703639626503
9132,2880810,1000,True,0.1246703639626503
9133,2877208,1000,True,0.1246703639626503
9134,2879908,1000,True,0.1246703639626503
9135,2880437,1000,True,0.1246703639626503
9136,2880670,1000,True,0.1246703639626503
9137,2876294,1000,True,0.1246703639626503
9138,3173773,1000,True,0.1246703639626503
9139,2881096,1000,True,0.1246703639626503
9140,2878616,1000,True,0.1246703639626503
9141,2879203,1000,True,0.1246703639626503
9142,2877083,1000,True,0.1246703639626503
9143,2877002,1000,True,0.1246703639626503
9144,2877928,1000,True,0.1246703639626503
9145,2878576,1000,True,0.1246703639626503
9146,2877947,1000,True,0.1246703639626503
9147,2878744,1000,True,0.1246703639626503
9148,2882152,1000,True,0.1246703639626503
9149,2877439,1000,True,0.1246703639626503
9150,2876534,1000,True,0.1246703639626503
9151,2879013,1000,True,0.1246703639626503
9152,3178762,1000,True,0.1246703639626503
9153,2880323,1000,True,0.1246703639626503
9154,2876311,1000,True,0.1246703639626503
9155,2879724,1000,True,0.1246703639626503
9156,2881279,1000,True,0.1246703639626503
9157,2877031,1000,True,0.1246703639626503
9158,2874241,1000,True,0.1246703639626503
9159,2879274,1000,True,0.1246703639626503
9160,2878653,1000,True,0.1246703639626503
9161,2876825,1000,True,0.1246703639626503
9162,2877705,1000,True,0.1246703639626503
9163,3172590,1000,True,0.1246703639626503
9164,2879883,1000,True,0.1246703639626503
9165,2876427,1000,True,0.1246703639626503
9166,2879280,1000,True,0.1246703639626503
9167,2878595,1000,True,0.1246703639626503
9168,2881273,1000,True,0.1246703639626503
9169,2878523,1000,True,0.1246703639626503
9170,2878295,1000,True,0.1246703639626503
9171,2876674,1000,True,0.1246703639626503
9172,2878928,1000,True,0.1246703639626503
9173,2880393,1000,True,0.1246703639626503
9174,2876770,1000,True,0.1246703639626503
9175,2877207,1000,True,0.1246703639626503
9176,2876466,1000,True,0.1246703639626503
9177,2881708,1000,True,0.1246703639626503
9178,3167881,1000,True,0.1246703639626503
9179,2880304,1000,True,0.1246703639626503
9180,2878468,1000,True,0.1246703639626503
9181,2882612,1000,True,0.1246703639626503
9182,2878001,1000,True,0.1246703639626503
9183,2882786,1000,True,0.1246703639626503
9184,2880420,1000,True,0.1246703639626503
9185,2880836,1000,True,0.1246703639626503
9186,2876880,1000,True,0.1246703639626503
9187,2878174,1000,True,0.1246703639626503
9188,2880987,1000,True,0.1246703639626503
9189,2877132,1000,True,0.1246703639626503
9190,2876086,1000,True,0.1246703639626503
9191,2880249,1000,True,0.1246703639626503
9192,3167706,1000,True,0.1246703639626503
9193,2877960,1000,True,0.1246703639626503
9194,2879574,1000,True,0.1246703639626503
9195,2879653,1000,True,0.1246703639626503
9196,2881513,1000,True,0.1246703639626503
9197,2876430,1000,True,0.1246703639626503
9198,2876508,1000,True,0.1246703639626503
9199,2877546,1000,True,0.1246703639626503
9200,2880516,1000,True,0.1246703639626503
9201,2877770,1000,True,0.1246703639626503
9202,2876061,1000,True,0.1246703639626503
9203,2877791,1000,True,0.1246703639626503
9204,2878693,1000,True,0.1246703639626503
9205,2877359,1000,True,0.1246703639626503
9206,3172000,1000,True,0.1246703639626503
9207,2878669,1000,True,0.1246703639626503
9208,2880214,1000,True,0.1246703639626503
9209,2877691,1000,True,0.1246703639626503
9210,2877590,1000,True,0.1246703639626503
9211,2879652,1000,True,0.1246703639626503
9212,2878738,1000,True,0.1246703639626503
9213,2878673,1000,True,0.1246703639626503
9214,2876319,1000,True,0.1246703639626503
9215,2880235,1000,True,0.1246703639626503
9216,2879536,1000,True,0.1246703639626503
9217,2878304,1000,True,0.1246703639626503
9218,2877642,1000,True,0.1246703639626503
9219,2877954,1000,True,0.1246703639626503
9220,3167310,1000,True,0.1246703639626503
9221,2878379,1000,True,0.1246703639626503
9222,2877271,1000,True,0.1246703639626503
9223,2880567,1000,True,0.1246703639626503
9224,2878234,1000,True,0.1246703639626503
9225,2877524,1000,True,0.1246703639626503
9226,2880393,1000,True,0.1246703639626503
9227,2878657,1000,True,0.1246703639626503
9228,2878403,1000,True,0.1246703639626503
9229,2880067,1000,True,0.1246703639626503
9230,2875817,1000,True,0.1246703639626503
9231,2881784,1000,True,0.1246703639626503
9232,2877770,1000,True,0.1246703639626503
9233,2877436,1000,True,0.1246703639626503
9234,3167698,1000,True,0.1246703639626503
9235,2882113,1000,True,0.1246703639626503
9236,2878407,1000,True,0.1246703639626503
9237,2877551,1000,True,0.1246703639626503
9238,2877881,1000,True,0.1246703639626503
9239,2879586,1000,True,0.1246703639626503
9240,2880914,1000,True,0.1246703639626503
9241,2876263,1000,True,0.1246703639626503
9242,2879608,1000,True,0.1246703639626503
9243,2880064,1000,True,0.1246703639626503
9244,2880338,1000,True,0.1246703639626503
9245,2886001,1000,True,0.1246703639626503
9246,2879795,1000,True,0.1246703639626503
9247,2882343,1000,True,0.1246703639626503
9248,2878214,1000,True,0.1246703639626503
9249,3171017,1000,True,0.1246703639626503
9250,2881704,1000,True,0.1246703639626503
9251,2880506,1000,True,0.1246703639626503
9252,2878482,1000,True,0.1246703639626503
9253,2878332,1000,True,0.1246703639626503
9254,2878509,1000,True,0.1246703639626503
9255,2878745,1000,True,0.1246703639626503
9256,2877094,1000,True,0.1246703639626503
9257,2877899,1000,True,0.1246703639626503
9258,2878380,1000,True,0.1246703639626503
9259,2881516,1000,True,0.1246703639626503
9260,2876290,1000,True,0.1246703639626503
9261,2877628,1000,True,0.1246703639626503
9262,2875208,1000,True,0.1246703639626503
9263,3170551,1000,True,0.1246703639626503
9264,2876916,1000,True,0.1246703639626503
9265,2879388,1000,True,0.1246703639626503
9266,2879188,1000,True,0.1246703639626503
9267,2878131,1000,True,0.1246703639626503
9268,2876817,1000,True,0.1246703639626503
9269,2879494,1000,True,0.1246703639626503
9270,2877377,1000,True,0.1246703639626503
9271,2881723,1000,True,0.1246703639626503
9272,2878036,1000,True,0.1246703639626503
9273,2878182,1000,True,0.1246703639626503
9274,3166973,1000,True,0.1246703639626503
9275,2880510,1000,True,0.1246703639626503
9276,2876656,1000,True,0.1246703639626503
9277,2878944,1000,True,0.1246703639626503
9278,2875924,1000,True,0.1246703639626503
9279,2879561,1000,True,0.1246703639626503
9280,2880808,1000,True,0.1246703639626503
9281,2876663,1000,True,0.1246703639626503
9282,2879448,1000,True,0.1246703639626503
9283,2881426,1000,True,0.1246703639626503
9284,2877270,1000,True,0.1246703639626503
9285,2878152,1000,True,0.1246703639626503
9286,2876773,1000,True,0.1246703639626503
9287,2883104,1000,True,0.1246703639626503
9288,3164284,1000,True,0.1246703639626503
9289,2879462,1000,True,0.1246703639626503
9290,2877989,1000,True,0.1246703639626503
9291,2879310,1000,True,0.1246703639626503
9292,2879477,1000,True,0.1246703639626503
9293,2876019,1000,True,0.1246703639626503
9294,2879597,1000,True,0.1246703639626503
9295,2879477,1000,True,0.1246703639626503
9296,2878126,1000,True,0.1246703639626503
9297,2876750,1000,True,0.1246703639626503
9298,2874753,1000,True,0.1246703639626503
9299,2879914,1000,True,0.1246703639626503
9300,2878726,1000,True,0.1246703639626503
9301,2878167,1000,True,0.1246703639626503
9302,3174551,1000,True,0.1246703639626503
9303,2881032,1000,True,0.1246703639626503
9304,2876923,1000,True,0.1246703639626503
9305,2879451,1000,True,0.1246703639626503
9306,2875785,1000,True,0.1246703639626503
9307,2882212,1000,True,0.1246703639626503
9308,2879532,1000,True,0.1246703639626503
9309,2879110,1000,True,0.1246703639626503
9310,2878294,1000,True,0.1246703639626503
9311,2880456,1000,True,0.1246703639626503
9312,2878684,1000,True,0.1246703639626503
9313,2877031,1000,True,0.1246703639626503
9314,2877293,1000,True,0.1246703639626503
9315,2879411,1000,True,0.1246703639626503
9316,3169539,1000,True,0.1246703639626503
9317,2880217,1000,True,0.1246703639626503
9318,2877396,1000,True,0.1246703639626503
9319,2880270,1000,True,0.1246703639626503
9320,2875825,1000,True,0.1246703639626503
9321,2881273,1000,True,0.1246703639626503
9322,2888673,1000,True,0.1246703639626503
9323,2883042,1000,True,0.1246703639626503
9324,2876863,1000,True,0.1246703639626503
9325,2880340,1000,True,0.1246703639626503
9326,2878070,1000,True,0.1246703639626503
9327,2882365,1000,True,0.1246703639626503
9328,2878654,1000,True,0.1246703639626503
9329,2878143,1000,True,0.1246703639626503
9330,2877224,1000,True,0.1246703639626503
9331,3167184,1000,True,0.1246703639626503
9332,2876164,1000,True,0.1246703639626503
9333,2878515,1000,True,0.1246703639626503
9334,2877802,1000,True,0.1246703639626503
9335,2881654,1000,True,0.1246703639626503
9336,2879578,1000,True,0.1246703639626503
9337,2877315,1000,True,0.1246703639626503
9338,2877431,1000,True,0.1246703639626503
9339,2880660,1000,True,0.1246703639626503
9340,2877307,1000,True,0.1246703639626503
9341,2877840,1000,True,0.1246703639626503
9342,2878047,1000,True,0.1246703639626503
9343,2876408,1000,True,0.1246703639626503
9344,2879952,1000,True,0.1246703639626503
9345,3171484,1000,True,0.1246703639626503
9346,2877423,1000,True,0.1246703639626503
9347,2881081,1000,True,0.1246703639626503
9348,2875602,1000,True,0.1246703639626503
9349,2876060,1000,True,0.1246703639626503
9350,2876115,1000,True,0.1246703639626503
9351,2878241,1000,True,0.1246703639626503
9352,2876976,1000,True,0.1246703639626503
9353,2878404,1000,True,0.1246703639626503
9354,2877102,1000,True,0.1246703639626503
9355,2879496,1000,True,0.1246703639626503
9356,2879262,1000,True,0.1246703639626503
9357,2878590,1000,True,0.1246703639626503
9358,2879496,1000,True,0.1246703639626503
9359,3175230,1000,True,0.1246703639626503
9360,2882908,1000,True,0.1246703639626503
9361,2874800,1000,True,0.1246703639626503
9362,2876258,1000,True,0.1246703639626503
9363,2877361,1000,True,0.1246703639626503
9364,2874554,1000,True,0.1246703639626503
9365,2879794,1000,True,0.1246703639626503
9366,2877018,1000,True,0.1246703639626503
9367,2880183,1000,True,0.1246703639626503
9368,2880131,1000,True,0.1246703639626503
9369,2877027,1000,True,0.1246703639626503
9370,3167052,1000,True,0.1246703639626503
9371,2880305,1000,True,0.1246703639626503
9372,2876546,1000,True,0.1246703639626503
9373,2878321,1000,True,0.1246703639626503
9374,2878886,1000,True,0.1246703639626503
9375,2877375,1000,True,0.1246703639626503
9376,2878965,1000,True,0.1246703639626503
9377,2876146,1000,True,0.1246703639626503
9378,2879439,1000,True,0.1246703639626503
9379,2878389,1000,True,0.1246703639626503
9380,2875779,1000,True,0.1246703639626503
9381,2882364,1000,True,0.1246703639626503
9382,2878342,1000,True,0.1246703639626503
9383,2879471,1000,True,0.1246703639626503
9384,3174702,1000,True,0.1246703639626503
9385,2881503,1000,True,0.1246703639626503
9386,2878167,1000,True,0.1246703639626503
9387,2879448,1000,True,0.1246703639626503
9388,2874453,1000,True,0.1246703639626503
9389,2876499,1000,True,0.1246703639626503
9390,2879196,1000,True,0.1246703639626503
9391,2884187,1000,True,0.1246703639626503
9392,3234714,1000,True,0.1246703639626503
9393,2879398,1000,True,0.1246703639626503
9394,2878846,1000,True,0.1246703639626503
9395,2879885,1000,True,0.1246703639626503
9396,2880545,1000,True,0.1246703639626503
9397,2875293,1000,True,0.1246703639626503
9398,3171574,1000,True,0.1246703639626503
9399,2880886,1000,True,0.1246703639626503
9400,2879379,1000,True,0.1246703639626503
9401,2877874,1000,True,0.1246703639626503
9402,2879925,1000,True,0.1246703639626503
9403,2878543,1000,True,0.1246703639626503
9404,2879489,1000,True,0.1246703639626503
9405,2876572,1000,True,0.1246703639626503
9406,2877217,1000,True,0.1246703639626503
9407,2881260,1000,True,0.1246703639626503
9408,2880461,1000,True,0.1246703639626503
9409,2876179,1000,True,0.1246703639626503
9410,2875824,1000,True,0.1246703639626503
9411,2878383,1000,True,0.1246703639626503
9412,2876530,1000,True,0.1246703639626503
9413,3169713,1000,True,0.1246703639626503
9414,2876364,1000,True,0.1246703639626503
9415,2876815,1000,True,0.1246703639626503
9416,2879627,1000,True,0.1246703639626503
9417,2876324,1000,True,0.1246703639626503
9418,2880040,1000,True,0.1246703639626503
9419,2877129,1000,True,0.1246703639626503
9420,2880727,1000,True,0.1246703639626503
9421,2879185,1000,True,0.1246703639626503
9422,2875448,1000,True,0.1246703639626503
9423,2876647,1000,True,0.1246703639626503
9424,2878459,1000,True,0.1246703639626503
9425,2877481,1000,True,0.1246703639626503
9426,2879187,1000,True,0.1246703639626503
9427,3170981,1000,True,0.1246703639626503
9428,2879519,1000,True,0.1246703639626503
9429,2877480,1000,True,0.1246703639626503
9430,2880895,1000,True,0.1246703639626503
9431,2879145,1000,True,0.1246703639626503
9432,2876837,1000,True,0.1246703639626503
9433,2878099,1000,True,0.1246703639626503
9434,2877940,1000,True,0.1246703639626503
9435,2879823,1000,True,0.1246703639626503
9436,2876601,1000,True,0.1246703639626503
9437,2879618,1000,True,0.1246703639626503
9438,2878178,1000,True,0.1246703639626503
9439,2878824,1000,True,0.1246703639626503
9440,2879084,1000,True,0.1246703639626503
9441,3173794,1000,True,0.1246703639626503
9442,2878318,1000,True,0.1246703639626503
9443,2880329,1000,True,0.1246703639626503
9444,2878158,1000,True,0.1246703639626503
9445,2879439,1000,True,0.1246703639626503
9446,2875964,1000,True,0.1246703639626503
9447,2880593,1000,True,0.1246703639626503
9448,2880403,1000,True,0.1246703639626503
9449,2880512,1000,True,0.1246703639626503
9450,2878974,1000,True,0.1246703639626503
9451,2879352,1000,True,0.1246703639626503
9452,2876638,1000,True,0.1246703639626503
9453,2881360,1000,True,0.1246703639626503
9454,2875213,1000,True,0.1246703639626503
9455,3170724,1000,True,0.1246703639626503
9456,2880900,1000,True,0.1246703639626503
9457,2875142,1000,True,0.1246703639626503
9458,2876462,1000,True,0.1246703639626503
9459,2878584,1000,True,0.1246703639626503
9460,2877899,1000,True,0.1246703639626503
9461,2882855,1000,True,0.1246703639626503
9462,2877874,1000,True,0.1246703639626503
9463,2879530,1000,True,0.1246703639626503
9464,2880549,1000,True,0.1246703639626503
9465,2880722,1000,True,0.1246703639626503
9466,3174757,1000,True,0.1246703639626503
9467,2881409,1000,True,0.1246703639626503
9468,2879031,1000,True,0.1246703639626503
9469,2876050,1000,True,0.1246703639626503
9470,2878468,1000,True,0.1246703639626503
9471,2877398,1000,True,0.1246703639626503
9472,2877119,1000,True,0.1246703639626503
9473,2876842,1000,True,0.1246703639626503
9474,2877418,1000,True,0.1246703639626503
9475,2878594,1000,True,0.1246703639626503
9476,2877982,1000,True,0.1246703639626503
9477,2878812,1000,True,0.1246703639626503
9478,2877583,1000,True,0.1246703639626503
9479,2877787,1000,True,0.1246703639626503
9480,3179557,1000,True,0.1246703639626503
9481,2879995,1000,True,0.1246703639626503
9482,2877096,1000,True,0.1246703639626503
9483,2879383,1000,True,0.1246703639626503
9484,2879661,1000,True,0.1246703639626503
9485,2881649,1000,True,0.1246703639626503
9486,2879205,1000,True,0.1246703639626503
9487,2879662,1000,True,0.1246703639626503
9488,2875661,1000,True,0.1246703639626503
9489,2875112,1000,True,0.1246703639626503
9490,2876966,1000,True,0.1246703639626503
9491,2876486,1000,True,0.1246703639626503
9492,2878655,1000,True,0.1246703639626503
9493,2878563,1000,True,0.1246703639626503
9494,2878176,1000,True,0.1246703639626503
9495,3165819,1000,True,0.1246703639626503
9496,2877139,1000,True,0.1246703639626503
9497,2881716,1000,True,0.1246703639626503
9498,2876216,1000,True,0.1246703639626503
9499,2879086,1000,True,0.1246703639626503
9500,2874934,1000,True,0.1246703639626503
9501,2878795,1000,True,0.1246703639626503
9502,2876632,1000,True,0.1246703639626503
9503,2880849,1000,True,0.1246703639626503
9504,2876805,1000,True,0.1246703639626503
9505,2877369,1000,True,0.1246703639626503
9506,2878129,1000,True,0.1246703639626503
9507,2880341,1000,True,0.1246703639626503
9508,2876128,1000,True,0.1246703639626503
9509,3166467,1000,True,0.1246703639626503
9510,2878828,1000,True,0.1246703639626503
9511,2877994,1000,True,0.1246703639626503
9512,2879659,1000,True,0.1246703639626503
9513,2875630,1000,True,0.1246703639626503
9514,2879789,1000,True,0.1246703639626503
9515,2879927,1000,True,0.1246703639626503
9516,2878116,1000,True,0.1246703639626503
9517,2879722,1000,True,0.1246703639626503
9518,2883292,1000,True,0.1246703639626503
9519,2879483,1000,True,0.1246703639626503
9520,2877975,1000,True,0.1246703639626503
9521,2877435,1000,True,0.1246703639626503
9522,2879692,1000,True,0.1246703639626503
9523,3175802,1000,True,0.1246703639626503
9524,2883057,1000,True,0.1246703639626503
9525,2880520,1000,True,0.1246703639626503
9526,2878291,1000,True,0.1246703639626503
9527,2879210,1000,True,0.1246703639626503
9528,2876916,1000,True,0.1246703639626503
9529,2879505,1000,True,0.1246703639626503
9530,2878432,1000,True,0.1246703639626503
9531,2877418,1000,True,0.1246703639626503
9532,2882546,1000,True,0.1246703639626503
9533,2877247,1000,True,0.1246703639626503
9534,2878036,1000,True,0.1246703639626503
9535,2880440,1000,True,0.1246703639626503
9536,2878727,1000,True,0.1246703639626503
9537,3170478,1000,True,0.1246703639626503
9538,2878111,1000,True,0.1246703639626503
9539,2879610,1000,True,0.1246703639626503
9540,2876022,1000,True,0.1246703639626503
9541,2877041,1000,True,0.1246703639626503
9542,2877118,1000,True,0.1246703639626503
9543,2879850,1000,True,0.1246703639626503
9544,2879768,1000,True,0.1246703639626503
9545,2877445,1000,True,0.1246703639626503
9546,2877533,1000,True,0.1246703639626503
9547,2877680,1000,True,0.1246703639626503
9548,2876900,1000,True,0.1246703639626503
9549,2878837,1000,True,0.1246703639626503
9550,2877979,1000,True,0.1246703639626503
9551,2878788,1000,True,0.1246703639626503
9552,3167632,1000,True,0.1246703639626503
9553,2876561,1000,True,0.1246703639626503
9554,2876140,1000,True,0.1246703639626503
9555,2879074,1000,True,0.1246703639626503
9556,2877924,1000,True,0.1246703639626503
9557,2879503,1000,True,0.1246703639626503
9558,2879415,1000,True,0.1246703639626503
9559,2877812,1000,True,0.1246703639626503
9560,2876493,1000,True,0.1246703639626503
9561,2878718,1000,True,0.1246703639626503
9562,2882085,1000,True,0.1246703639626503
9563,2881018,1000,True,0.1246703639626503
9564,2882166,1000,True,0.1246703639626503
9565,2877429,1000,True,0.1246703639626503
9566,3167782,1000,True,0.1246703639626503
9567,2879751,1000,True,0.1246703639626503
9568,2878986,1000,True,0.1246703639626503
9569,2876718,1000,True,0.1246703639626503
9570,2880094,1000,True,0.1246703639626503
9571,2878008,1000,True,0.1246703639626503
9572,2878538,1000,True,0.1246703639626503
9573,2877066,1000,True,0.1246703639626503
9574,2879144,1000,True,0.1246703639626503
9575,2881662,1000,True,0.1246703639626503
9576,2880521,1000,True,0.1246703639626503
9577,3167292,1000,True,0.1246703639626503
9578,2879011,1000,True,0.1246703639626503
9579,2879043,1000,True,0.1246703639626503
9580,2879614,1000,True,0.1246703639626503
9581,2877391,1000,True,0.1246703639626503
9582,2877069,1000,True,0.1246703639626503
9583,2877365,1000,True,0.1246703639626503
9584,2878019,1000,True,0.1246703639626503
9585,2877005,1000,True,0.1246703639626503
9586,2879186,1000,True,0.1246703639626503
9587,2879767,1000,True,0.1246703639626503
9588,2878874,1000,True,0.1246703639626503
9589,2874822,1000,True,0.1246703639626503
9590,2886227,1000,True,0.1246703639626503
9591,3172607,1000,True,0.1246703639626503
9592,2876065,1000,True,0.1246703639626503
9593,2879574,1000,True,0.1246703639626503
9594,2876395,1000,True,0.1246703639626503
9595,2880542,1000,True,0.1246703639626503
9596,2876717,1000,True,0.1246703639626503
9597,2876999,1000,True,0.1246703639626503
9598,2879470,1000,True,0.1246703639626503
9599,2879499,1000,True,0.1246703639626503
9600,2882070,1000,True,0.1246703639626503
9601,2877865,1000,True,0.1246703639626503
9602,2879257,1000,True,0.1246703639626503
9603,2881164,1000,True,0.1246703639626503
9604,2879373,1000,True,0.1246703639626503
9605,3171163,1000,True,0.1246703639626503
9606,2881051,1000,True,0.1246703639626503
9607,2875610,1000,True,0.1246703639626503
9608,2875658,1000,True,0.1246703639626503
9609,2879257,1000,True,0.1246703639626503
9610,2882158,1000,True,0.1246703639626503
9611,2880614,1000,True,0.1246703639626503
9612,2880656,1000,True,0.1246703639626503
9613,2878783,1000,True,0.1246703639626503
9614,2878131,1000,True,0.1246703639626503
9615,2882349,1000,True,0.1246703639626503
9616,2881982,1000,True,0.1246703639626503
9617,2878899,1000,True,0.1246703639626503
9618,2876604,1000,True,0.1246703639626503
9619,3173487,1000,True,0.1246703639626503
9620,2882779,1000,True,0.1246703639626503
9621,2878706,1000,True,0.1246703639626503
9622,2879556,1000,True,0.1246703639626503
9623,2880522,1000,True,0.1246703639626503
9624,2878216,1000,True,0.1246703639626503
9625,2879221,1000,True,0.1246703639626503
9626,2875675,1000,True,0.1246703639626503
9627,2879608,1000,True,0.1246703639626503
9628,2878321,1000,True,0.1246703639626503
9629,2877605,1000,True,0.1246703639626503
9630,2875779,1000,True,0.1246703639626503
9631,2879697,1000,True,0.1246703639626503
9632,2878107,1000,True,0.1246703639626503
9633,2878467,1000,True,0.1246703639626503
9634,3170600,1000,True,0.1246703639626503
9635,2880976,1000,True,0.1246703639626503
9636,2882452,1000,True,0.1246703639626503
9637,2878734,1000,True,0.1246703639626503
9638,2879673,1000,True,0.1246703639626503
9639,2879153,1000,True,0.1246703639626503
9640,2881460,1000,True,0.1246703639626503
9641,2878707,1000,True,0.1246703639626503
9642,2876996,1000,True,0.1246703639626503
9643,2880152,1000,True,0.1246703639626503
9644,2877670,1000,True,0.1246703639626503
9645,2876929,1000,True,0.1246703639626503
9646,2875776,1000,True,0.1246703639626503
9647,2878655,1000,True,0.1246703639626503
9648,3169313,1000,True,0.1246703639626503
9649,2880508,1000,True,0.1246703639626503
9650,2877405,1000,True,0.1246703639626503
9651,2879324,1000,True,0.1246703639626503
9652,2881413,1000,True,0.1246703639626503
9653,2875384,1000,True,0.1246703639626503
9654,2879988,1000,True,0.1246703639626503
9655,2878197,1000,True,0.1246703639626503
9656,2879751,1000,True,0.1246703639626503
9657,2876136,1000,True,0.1246703639626503
9658,2875682,1000,True,0.1246703639626503
9659,2877043,1000,True,0.1246703639626503
9660,2876723,1000,True,0.1246703639626503
9661,2881792,1000,True,0.1246703639626503
9662,3173711,1000,True,0.1246703639626503
9663,2880894,1000,True,0.1246703639626503
9664,2884861,1000,True,0.1246703639626503
9665,2878443,1000,True,0.1246703639626503
9666,2879382,1000,True,0.1246703639626503
9667,2880786,1000,True,0.1246703639626503
9668,2879169,1000,True,0.1246703639626503
9669,2879137,1000,True,0.1246703639626503
9670,2876996,1000,True,0.1246703639626503
9671,2881365,1000,True,0.1246703639626503
9672,2878947,1000,True,0.1246703639626503
9673,3171338,1000,True,0.1246703639626503
9674,2877733,1000,True,0.1246703639626503
9675,2880345,1000,True,0.1246703639626503
9676,2877290,1000,True,0.1246703639626503
9677,2878223,1000,True,0.1246703639626503
9678,2878005,1000,True,0.1246703639626503
9679,2880946,1000,True,0.1246703639626503
9680,2881775,1000,True,0.1246703639626503
9681,2879477,1000,True,0.1246703639626503
9682,2882038,1000,True,0.1246703639626503
9683,2880790,1000,True,0.1246703639626503
9684,2876051,1000,True,0.1246703639626503
9685,2879306,1000,True,0.1246703639626503
9686,2877630,1000,True,0.1246703639626503
9687,3172721,1000,True,0.1246703639626503
9688,2881883,1000,True,0.1246703639626503
9689,2879073,1000,True,0.1246703639626503
9690,2879401,1000,True,0.1246703639626503
9691,2878288,1000,True,0.1246703639626503
9692,2879251,1000,True,0.1246703639626503
9693,2877008,1000,True,0.1246703639626503
9694,2880564,1000,True,0.1246703639626503
9695,2881355,1000,True,0.1246703639626503
9696,2878036,1000,True,0.1246703639626503
9697,2878203,1000,True,0.1246703639626503
9698,2878598,1000,True,0.1246703639626503
9699,2877881,1000,True,0.1246703639626503
9700,2877787,1000,True,0.1246703639626503
9701,3175507,1000,True,0.1246703639626503
9702,2878492,1000,True,0.1246703639626503
9703,2876497,1000,True,0.1246703639626503
9704,2877535,1000,True,0.1246703639626503
9705,2877664,1000,True,0.1246703639626503
9706,2880943,1000,True,0.1246703639626503
9707,2877761,1000,True,0.1246703639626503
9708,2878074,1000,True,0.1246703639626503
9709,2876579,1000,True,0.1246703639626503
9710,2878832,1000,True,0.1246703639626503
9711,2877813,1000,True,0.1246703639626503
9712,2878968,1000,True,0.1246703639626503
9713,2879695,1000,True,0.1246703639626503
9714,2878576,1000,True,0.1246703639626503
9715,2880501,1000,True,0.1246703639626503
9716,3166664,1000,True,0.1246703639626503
9717,2878362,1000,True,0.1246703639626503
9718,2878992,1000,True,0.1246703639626503
9719,2885289,1000,True,0.1246703639626503
9720,2881375,1000,True,0.1246703639626503
9721,2880336,1000,True,0.1246703639626503
9722,2879706,1000,True,0.1246703639626503
9723,2878213,1000,True,0.1246703639626503
9724,2880687,1000,True,0.1246703639626503
9725,2880015,1000,True,0.1246703639626503
9726,2878821,1000,True,0.1246703639626503
9727,2881540,1000,True,0.1246703639626503
9728,2876867,1000,True,0.1246703639626503
9729,2880841,1000,True,0.1246703639626503
9730,3166464,1000,True,0.1246703639626503
9731,2882519,1000,True,0.1246703639626503
9732,2876621,1000,True,0.1246703639626503
9733,2878215,1000,True,0.1246703639626503
9734,2879339,1000,True,0.1246703639626503
9735,3237344,1000,True,0.1246703639626503
9736,2880004,1000,True,0.1246703639626503
9737,2879738,1000,True,0.1246703639626503
9738,2877869,1000,True,0.1246703639626503
9739,2879437,1000,True,0.1246703639626503
9740,2876983,1000,True,0.1246703639626503
9741,2879117,1000,True,0.1246703639626503
9742,2878115,1000,True,0.1246703639626503
9743,2883953,1000,True,0.1246703639626503
9744,3177393,1000,True,0.1246703639626503
9745,2883373,1000,True,0.1246703639626503
9746,2877428,1000,True,0.1246703639626503
9747,2888637,1000,True,0.1246703639626503
9748,2883348,1000,True,0.1246703639626503
9749,2881611,1000,True,0.1246703639626503
9750,2880002,1000,True,0.1246703639626503
9751,2878145,1000,True,0.1246703639626503
9752,2879010,1000,True,0.1246703639626503
9753,2878179,1000,True,0.1246703639626503
9754,2876607,1000,True,0.1246703639626503
9755,2882125,1000,True,0.1246703639626503
9756,2879041,1000,True,0.1246703639626503
9757,2881391,1000,True,0.1246703639626503
9758,3169899,1000,True,0.1246703639626503
9759,2883266,1000,True,0.1246703639626503
9760,2876342,1000,True,0.1246703639626503
9761,2879883,1000,True,0.1246703639626503
9762,2881027,1000,True,0.1246703639626503
9763,2879619,1000,True,0.1246703639626503
9764,2879322,1000,True,0.1246703639626503
9765,2878433,1000,True,0.1246703639626503
9766,2880610,1000,True,0.1246703639626503
9767,2879969,1000,True,0.1246703639626503
9768,2877059,1000,True,0.1246703639626503
9769,3171973,1000,True,0.1246703639626503
9770,2884160,1000,True,0.1246703639626503
9771,2880859,1000,True,0.1246703639626503
9772,2876994,1000,True,0.1246703639626503
9773,2876714,1000,True,0.1246703639626503
9774,2877682,1000,True,0.1246703639626503
9775,2879358,1000,True,0.1246703639626503
9776,2876870,1000,True,0.1246703639626503
9777,2878672,1000,True,0.1246703639626503
9778,2876843,1000,True,0.1246703639626503
9779,2877670,1000,True,0.1246703639626503
9780,2876236,1000,True,0.1246703639626503
9781,2879146,1000,True,0.1246703639626503
9782,2880052,1000,True,0.1246703639626503
9783,3169109,1000,True,0.1246703639626503
9784,2882813,1000,True,0.1246703639626503
9785,2878716,1000,True,0.1246703639626503
9786,2879951,1000,True,0.1246703639626503
9787,2879574,1000,True,0.1246703639626503
9788,2878947,1000,True,0.1246703639626503
9789,2876663,1000,True,0.1246703639626503
9790,2876785,1000,True,0.1246703639626503
9791,2879057,1000,True,0.1246703639626503
9792,2878291,1000,True,0.1246703639626503
9793,2877197,1000,True,0.1246703639626503
9794,2876538,1000,True,0.1246703639626503
9795,2879944,1000,True,0.1246703639626503
9796,2877618,1000,True,0.1246703639626503
9797,2876417,1000,True,0.1246703639626503
9798,3169892,1000,True,0.1246703639626503
9799,2877225,1000,True,0.1246703639626503
9800,2877716,1000,True,0.1246703639626503
9801,2875134,1000,True,0.1246703639626503
9802,2876837,1000,True,0.1246703639626503
9803,2876899,1000,True,0.1246703639626503
9804,2880379,1000,True,0.1246703639626503
9805,2877883,1000,True,0.1246703639626503
9806,2877703,1000,True,0.1246703639626503
9807,2881992,1000,True,0.1246703639626503
9808,2877470,1000,True,0.1246703639626503
9809,2879758,1000,True,0.1246703639626503
9810,2877415,1000,True,0.1246703639626503
9811,2880316,1000,True,0.1246703639626503
9812,3168561,1000,True,0.1246703639626503
9813,2881196,1000,True,0.1246703639626503
9814,2877485,1000,True,0.1246703639626503
9815,2879505,1000,True,0.1246703639626503
9816,2877714,1000,True,0.1246703639626503
9817,2876386,1000,True,0.1246703639626503
9818,2880418,1000,True,0.1246703639626503
9819,2879380,1000,True,0.1246703639626503
9820,2877767,1000,True,0.1246703639626503
9821,2877136,1000,True,0.1246703639626503
9822,2878410,1000,True,0.1246703639626503
9823,2880977,1000,True,0.1246703639626503
9824,2879186,1000,True,0.1246703639626503
9825,2879068,1000,True,0.1246703639626503
9826,3174971,1000,True,0.1246703639626503
9827,2882202,1000,True,0.1246703639626503
9828,2879286,1000,True,0.1246703639626503
9829,2877979,1000,True,0.1246703639626503
9830,2878050,1000,True,0.1246703639626503
9831,2879682,1000,True,0.1246703639626503
9832,2876059,1000,True,0.1246703639626503
9833,2885617,1000,True,0.1246703639626503
9834,2894861,1000,True,0.1246703639626503
9835,2883917,1000,True,0.1246703639626503
9836,2879619,1000,True,0.1246703639626503
9837,2878064,1000,True,0.1246703639626503
9838,2878971,1000,True,0.1246703639626503
9839,2881003,1000,True,0.1246703639626503
9840,3171432,1000,True,0.1246703639626503
9841,2881070,1000,True,0.1246703639626503
9842,2879271,1000,True,0.1246703639626503
9843,2876975,1000,True,0.1246703639626503
9844,2880020,1000,True,0.1246703639626503
9845,2879562,1000,True,0.1246703639626503
9846,2875782,1000,True,0.1246703639626503
9847,2878047,1000,True,0.1246703639626503
9848,2878225,1000,True,0.1246703639626503
9849,2883603,1000,True,0.1246703639626503
9850,2879368,1000,True,0.1246703639626503
9851,2876759,1000,True,0.1246703639626503
9852,2877436,1000,True,0.1246703639626503
9853,2880362,1000,True,0.1246703639626503
9854,2878351,1000,True,0.1246703639626503
9855,3173971,1000,True,0.1246703639626503
9856,2876563,1000,True,0.1246703639626503
9857,2876487,1000,True,0.1246703639626503
9858,2878166,1000,True,0.1246703639626503
9859,2881441,1000,True,0.1246703639626503
9860,2879310,1000,True,0.1246703639626503
9861,2879853,1000,True,0.1246703639626503
9862,2879464,1000,True,0.1246703639626503
9863,2877986,1000,True,0.1246703639626503
9864,2876647,1000,True,0.1246703639626503
9865,3177448,1000,True,0.1246703639626503
9866,2883088,1000,True,0.1246703639626503
9867,2877323,1000,True,0.1246703639626503
9868,2878953,1000,True,0.1246703639626503
9869,2876632,1000,True,0.1246703639626503
9870,2878045,1000,True,0.1246703639626503
9871,2878173,1000,True,0.1246703639626503
9872,2877340,1000,True,0.1246703639626503
9873,2880637,1000,True,0.1246703639626503
9874,2879992,1000,True,0.1246703639626503
9875,2883468,1000,True,0.1246703639626503
9876,2877528,1000,True,0.1246703639626503
9877,2881099,1000,True,0.1246703639626503
9878,2878662,1000,True,0.1246703639626503
9879,2879379,1000,True,0.1246703639626503
9880,3174436,1000,True,0.1246703639626503
9881,2876239,1000,True,0.1246703639626503
9882,2875973,1000,True,0.1246703639626503
9883,2880438,1000,True,0.1246703639626503
9884,2877544,1000,True,0.1246703639626503
9885,2877802,1000,True,0.1246703639626503
9886,2880091,1000,True,0.1246703639626503
9887,2882929,1000,True,0.1246703639626503
9888,2879084,1000,True,0.1246703639626503
9889,2877359,1000,True,0.1246703639626503
9890,2880579,1000,True,0.1246703639626503
9891,2882640,1000,True,0.1246703639626503
9892,2877926,1000,True,0.1246703639626503
9893,2876434,1000,True,0.1246703639626503
9894,3163331,1000,True,0.1246703639626503
9895,2879799,1000,True,0.1246703639626503
9896,2880781,1000,True,0.1246703639626503
9897,2879051,1000,True,0.1246703639626503
9898,2878279,1000,True,0.1246703639626503
9899,2875367,1000,True,0.1246703639626503
9900,2879151,1000,True,0.1246703639626503
9901,2877525,1000,True,0.1246703639626503
9902,2878289,1000,True,0.1246703639626503
9903,2877980,1000,True,0.1246703639626503
9904,2876567,1000,True,0.1246703639626503
9905,2876938,1000,True,0.1246703639626503
9906,2879856,1000,True,0.1246703639626503
9907,2882496,1000,True,0.1246703639626503
9908,3179840,1000,True,0.1246703639626503
9909,2886766,1000,True,0.1246703639626503
9910,2886149,1000,True,0.1246703639626503
9911,2879911,1000,True,0.1246703639626503
9912,2880787,1000,True,0.1246703639626503
9913,2875345,1000,True,0.1246703639626503
9914,2882597,1000,True,0.1246703639626503
9915,2879479,1000,True,0.1246703639626503
9916,2883076,1000,True,0.1246703639626503
9917,2879951,1000,True,0.1246703639626503
9918,2881059,1000,True,0.1246703639626503
9919,2887315,1000,True,0.1246703639626503
9920,2881056,1000,True,0.1246703639626503
9921,2891408,1000,True,0.1246703639626503
9922,3184749,1000,True,0.1246703639626503
9923,2885527,1000,True,0.1246703639626503
9924,2877793,1000,True,0.1246703639626503
9925,2879348,1000,True,0.1246703639626503
9926,2879738,1000,True,0.1246703639626503
9927,2878529,1000,True,0.1246703639626503
9928,2875079,1000,True,0.1246703639626503
9929,2878507,1000,True,0.1246703639626503
9930,2877886,1000,True,0.1246703639626503
9931,2880306,1000,True,0.1246703639626503
9932,2879316,1000,True,0.1246703639626503
9933,2878980,1000,True,0.1246703639626503
9934,2876569,1000,True,0.1246703639626503
9935,2876902,1000,True,0.1246703639626503
9936,2878995,1000,True,0.1246703639626503
9937,3170974,1000,True,0.1246703639626503
9938,2881138,1000,True,0.1246703639626503
9939,2882020,1000,True,0.1246703639626503
9940,2876412,1000,True,0.1246703639626503
9941,2879443,1000,True,0.1246703639626503
9942,2883398,1000,True,0.1246703639626503
9943,2879424,1000,True,0.1246703639626503
9944,2878059,1000,True,0.1246703639626503
9945,2877845,1000,True,0.1246703639626503
9946,2879006,1000,True,0.1246703639626503
9947,2881023,1000,True,0.1246703639626503
9948,2876684,1000,True,0.1246703639626503
9949,2877419,1000,True,0.1246703639626503
9950,2876006,1000,True,0.1246703639626503
9951,3167522,1000,True,0.1246703639626503
9952,2880298,1000,True,0.1246703639626503
9953,2877148,1000,True,0.1246703639626503
9954,2879600,1000,True,0.1246703639626503
9955,2879534,1000,True,0.1246703639626503
9956,2879803,1000,True,0.1246703639626503
9957,2876106,1000,True,0.1246703639626503
9958,2877166,1000,True,0.1246703639626503
9959,2880934,1000,True,0.1246703639626503
9960,3009329,1000,True,0.1246703639626503
9961,2885081,1000,True,0.1246703639626503
9962,2876478,1000,True,0.1246703639626503
9963,2876821,1000,True,0.1246703639626503
9964,2879620,1000,True,0.1246703639626503
9965,3177710,1000,True,0.1246703639626503
9966,2878337,1000,True,0.1246703639626503
9967,2879285,1000,True,0.1246703639626503
9968,2876855,1000,True,0.1246703639626503
9969,2880579,1000,True,0.1246703639626503
9970,2879671,1000,True,0.1246703639626503
9971,2877789,1000,True,0.1246703639626503
9972,2877712,1000,True,0.1246703639626503
9973,2884959,1000,True,0.1246703639626503
9974,2878501,1000,True,0.1246703639626503
9975,2877443,1000,True,0.1246703639626503
9976,3169469,1000,True,0.1246703639626503
9977,2878549,1000,True,0.1246703639626503
9978,2875694,1000,True,0.1246703639626503
9979,2881817,1000,True,0.1246703639626503
9980,2879138,1000,True,0.1246703639626503
9981,2882593,1000,True,0.1246703639626503
9982,2878023,1000,True,0.1246703639626503
9983,2878598,1000,True,0.1246703639626503
9984,2877407,1000,True,0.1246703639626503
9985,2881733,1000,True,0.1246703639626503
9986,2877871,1000,True,0.1246703639626503
9987,2877285,1000,True,0.1246703639626503
9988,2877965,1000,True,0.1246703639626503
9989,2878389,1000,True,0.1246703639626503
9990,3177090,1000,True,0.1246703639626503
9991,2881800,1000,True,0.1246703639626503
9992,2877087,1000,True,0.1246703639626503
9993,2878971,1000,True,0.1246703639626503
9994,2876662,1000,True,0.1246703639626503
9995,2879182,1000,True,0.1246703639626503
9996,2876608,1000,True,0.1246703639626503
9997,2881196,1000,True,0.1246703639626503
9998,2878313,1000,True,0.1246703639626503
9999,2877874,1000,True,0.1246703639626503
