index,latency_ns,revision,revision_present,output_probe
0,86066,1000,True,-0.9656143188476562
1,84683,1000,True,-1.0166444778442383
2,82949,1000,True,-1.0674688816070557
3,82110,1000,True,-1.1145856380462646
4,81538,1000,True,-1.1540170907974243
5,82158,1000,True,-1.1885720491409302
6,82885,1000,True,-1.2167845964431763
7,81690,1000,True,-1.242681860923767
8,82479,1000,True,-1.2677175998687744
9,81769,1000,True,-1.2885178327560425
10,82055,1000,True,-1.3059388399124146
11,81553,1000,True,-1.3188451528549194
12,81566,1000,True,-1.3303632736206055
13,81707,1000,True,-1.340039610862732
14,81714,1000,True,-1.3480418920516968
15,81756,1000,True,-1.3517463207244873
16,82033,1000,True,-1.3540152311325073
17,82243,1000,True,-1.3519519567489624
18,81562,1000,True,-1.345444679260254
19,81597,1000,True,-1.3378039598464966
20,83041,1000,True,-1.3292657136917114
21,82023,1000,True,-1.3176777362823486
22,81719,1000,True,-1.3030309677124023
23,82328,1000,True,-1.2819935083389282
24,82490,1000,True,-1.2562748193740845
25,82122,1000,True,-1.2276681661605835
26,81841,1000,True,-1.1929657459259033
27,82717,1000,True,-1.1496286392211914
28,81725,1000,True,-1.0950809717178345
29,81367,1000,True,-1.0278855562210083
30,82439,1000,True,-0.9542962312698364
31,81969,1000,True,-0.8665689826011658
32,82515,1000,True,-0.7609890699386597
33,82391,1000,True,-0.6263324022293091
34,82628,1000,True,-0.4613550007343292
35,82056,1000,True,-0.2747792899608612
36,81842,1000,True,-0.08334271609783173
37,82102,1000,True,0.09975647181272507
38,83281,1000,True,0.27296188473701477
39,81793,1000,True,0.4357767403125763
40,30672687,1000,True,-0.24028226733207703
41,90273,1000,True,-0.30693739652633667
42,85029,1000,True,-0.3863624334335327
43,84162,1000,True,-0.4736209511756897
44,83254,1000,True,-0.5607803463935852
45,82990,1000,True,-0.6450552940368652
46,83459,1000,True,-0.7227338552474976
47,82547,1000,True,-0.7925189733505249
48,86010,1000,True,-0.8568748235702515
49,83214,1000,True,-0.9114580750465393
50,83636,1000,True,-0.9656143188476562
51,101441,1000,True,-1.0166444778442383
52,83628,1000,True,-1.0674688816070557
53,83918,1000,True,-1.1145856380462646
54,83741,1000,True,-1.1540170907974243
55,83017,1000,True,-1.1885720491409302
56,83117,1000,True,-1.2167845964431763
57,83499,1000,True,-1.242681860923767
58,82874,1000,True,-1.2677175998687744
59,84656,1000,True,-1.2885178327560425
60,83458,1000,True,-1.3059388399124146
61,82854,1000,True,-1.3188451528549194
62,83568,1000,True,-1.3303632736206055
63,83038,1000,True,-1.340039610862732
64,82805,1000,True,-1.3480418920516968
65,81815,1000,True,-1.3517463207244873
66,84011,1000,True,-1.3540152311325073
67,82833,1000,True,-1.3519519567489624
68,83649,1000,True,-1.345444679260254
69,82765,1000,True,-1.3378039598464966
70,84668,1000,True,-1.3292657136917114
71,82875,1000,True,-1.3176777362823486
72,84020,1000,True,-1.3030309677124023
73,82764,1000,True,-1.2819935083389282
74,83556,1000,True,-1.2562748193740845
75,82523,1000,True,-1.2276681661605835
76,83692,1000,True,-1.1929657459259033
77,83323,1000,True,-1.1496286392211914
78,83072,1000,True,-1.0950809717178345
79,82903,1000,True,-1.0278855562210083
80,85724,1000,True,-0.9542962312698364
81,83224,1000,True,-0.8665689826011658
82,83470,1000,True,-0.7609890699386597
83,82447,1000,True,-0.6263324022293091
84,82865,1000,True,-0.4613550007343292
85,82797,1000,True,-0.2747792899608612
86,84536,1000,True,-0.08334271609783173
87,82479,1000,True,0.09975647181272507
88,83561,1000,True,0.27296188473701477
89,83026,1000,True,0.4357767403125763
90,30629528,1000,True,-0.24028226733207703
91,87199,1000,True,-0.30693739652633667
92,83654,1000,True,-0.3863624334335327
93,83405,1000,True,-0.4736209511756897
94,83674,1000,True,-0.5607803463935852
95,84351,1000,True,-0.6450552940368652
96,83976,1000,True,-0.7227338552474976
97,82863,1000,True,-0.7925189733505249
98,83977,1000,True,-0.8568748235702515
99,83289,1000,True,-0.9114580750465393
100,83412,1000,True,-0.9656143188476562
101,83430,1000,True,-1.0166444778442383
102,83577,1000,True,-1.0674688816070557
103,82824,1000,True,-1.1145856380462646
104,83222,1000,True,-1.1540170907974243
105,82053,1000,True,-1.1885720491409302
106,83931,1000,True,-1.2167845964431763
107,82495,1000,True,-1.242681860923767
108,83261,1000,True,-1.2677175998687744
109,82153,1000,True,-1.2885178327560425
110,82942,1000,True,-1.3059388399124146
111,82429,1000,True,-1.3188451528549194
112,83148,1000,True,-1.3303632736206055
113,82977,1000,True,-1.340039610862732
114,82881,1000,True,-1.3480418920516968
115,82775,1000,True,-1.3517463207244873
116,82863,1000,True,-1.3540152311325073
117,85223,1000,True,-1.3519519567489624
118,83331,1000,True,-1.345444679260254
119,82634,1000,True,-1.3378039598464966
120,82746,1000,True,-1.3292657136917114
121,83017,1000,True,-1.3176777362823486
122,82941,1000,True,-1.3030309677124023
123,82902,1000,True,-1.2819935083389282
124,82780,1000,True,-1.2562748193740845
125,82926,1000,True,-1.2276681661605835
126,84257,1000,True,-1.1929657459259033
127,82755,1000,True,-1.1496286392211914
128,85069,1000,True,-1.0950809717178345
129,82482,1000,True,-1.0278855562210083
130,83100,1000,True,-0.9542962312698364
131,83136,1000,True,-0.8665689826011658
132,82717,1000,True,-0.7609890699386597
133,82728,1000,True,-0.6263324022293091
134,83207,1000,True,-0.4613550007343292
135,82628,1000,True,-0.2747792899608612
136,83313,1000,True,-0.08334271609783173
137,83770,1000,True,0.09975647181272507
138,82723,1000,True,0.27296188473701477
139,83373,1000,True,0.4357767403125763
140,30660076,1000,True,-0.24028226733207703
141,86837,1000,True,-0.30693739652633667
142,83601,1000,True,-0.3863624334335327
143,83309,1000,True,-0.4736209511756897
144,84212,1000,True,-0.5607803463935852
145,81885,1000,True,-0.6450552940368652
146,83086,1000,True,-0.7227338552474976
147,83079,1000,True,-0.7925189733505249
148,83493,1000,True,-0.8568748235702515
149,82708,1000,True,-0.9114580750465393
150,82087,1000,True,-0.9656143188476562
151,82827,1000,True,-1.0166444778442383
152,83747,1000,True,-1.0674688816070557
153,82911,1000,True,-1.1145856380462646
154,87386,1000,True,-1.1540170907974243
155,83167,1000,True,-1.1885720491409302
156,82680,1000,True,-1.2167845964431763
157,82488,1000,True,-1.242681860923767
158,83453,1000,True,-1.2677175998687744
159,82979,1000,True,-1.2885178327560425
160,83283,1000,True,-1.3059388399124146
161,82430,1000,True,-1.3188451528549194
162,83522,1000,True,-1.3303632736206055
163,83315,1000,True,-1.340039610862732
164,84095,1000,True,-1.3480418920516968
165,85406,1000,True,-1.3517463207244873
166,83968,1000,True,-1.3540152311325073
167,82671,1000,True,-1.3519519567489624
168,83677,1000,True,-1.345444679260254
169,82372,1000,True,-1.3378039598464966
170,82972,1000,True,-1.3292657136917114
171,82297,1000,True,-1.3176777362823486
172,83755,1000,True,-1.3030309677124023
173,82800,1000,True,-1.2819935083389282
174,83164,1000,True,-1.2562748193740845
175,83612,1000,True,-1.2276681661605835
176,83204,1000,True,-1.1929657459259033
177,82160,1000,True,-1.1496286392211914
178,82531,1000,True,-1.0950809717178345
179,83468,1000,True,-1.0278855562210083
180,83031,1000,True,-0.9542962312698364
181,82440,1000,True,-0.8665689826011658
182,82277,1000,True,-0.7609890699386597
183,82679,1000,True,-0.6263324022293091
184,82169,1000,True,-0.4613550007343292
185,81820,1000,True,-0.2747792899608612
186,84642,1000,True,-0.08334271609783173
187,82355,1000,True,0.09975647181272507
188,83151,1000,True,0.27296188473701477
189,82157,1000,True,0.4357767403125763
190,30307299,1000,True,-0.24028226733207703
191,87331,1000,True,-0.30693739652633667
192,83627,1000,True,-0.3863624334335327
193,83050,1000,True,-0.4736209511756897
194,83560,1000,True,-0.5607803463935852
195,82914,1000,True,-0.6450552940368652
196,83852,1000,True,-0.7227338552474976
197,83345,1000,True,-0.7925189733505249
198,83929,1000,True,-0.8568748235702515
199,82424,1000,True,-0.9114580750465393
200,82544,1000,True,-0.9656143188476562
201,82908,1000,True,-1.0166444778442383
202,82524,1000,True,-1.0674688816070557
203,82298,1000,True,-1.1145856380462646
204,82568,1000,True,-1.1540170907974243
205,84856,1000,True,-1.1885720491409302
206,82390,1000,True,-1.2167845964431763
207,83143,1000,True,-1.242681860923767
208,82626,1000,True,-1.2677175998687744
209,81841,1000,True,-1.2885178327560425
210,82767,1000,True,-1.3059388399124146
211,82126,1000,True,-1.3188451528549194
212,82090,1000,True,-1.3303632736206055
213,82429,1000,True,-1.340039610862732
214,83350,1000,True,-1.3480418920516968
215,81800,1000,True,-1.3517463207244873
216,85546,1000,True,-1.3540152311325073
217,83422,1000,True,-1.3519519567489624
218,83354,1000,True,-1.345444679260254
219,82961,1000,True,-1.3378039598464966
220,82536,1000,True,-1.3292657136917114
221,82048,1000,True,-1.3176777362823486
222,83580,1000,True,-1.3030309677124023
223,82771,1000,True,-1.2819935083389282
224,83077,1000,True,-1.2562748193740845
225,82065,1000,True,-1.2276681661605835
226,83662,1000,True,-1.1929657459259033
227,85948,1000,True,-1.1496286392211914
228,83430,1000,True,-1.0950809717178345
229,82289,1000,True,-1.0278855562210083
230,82932,1000,True,-0.9542962312698364
231,82289,1000,True,-0.8665689826011658
232,100829,1000,True,-0.7609890699386597
233,82447,1000,True,-0.6263324022293091
234,83820,1000,True,-0.4613550007343292
235,82945,1000,True,-0.2747792899608612
236,84108,1000,True,-0.08334271609783173
237,82814,1000,True,0.09975647181272507
238,82785,1000,True,0.27296188473701477
239,82936,1000,True,0.4357767403125763
240,30634262,1000,True,-0.24028226733207703
241,87523,1000,True,-0.30693739652633667
242,85953,1000,True,-0.3863624334335327
243,83699,1000,True,-0.4736209511756897
244,84529,1000,True,-0.5607803463935852
245,83115,1000,True,-0.6450552940368652
246,84090,1000,True,-0.7227338552474976
247,83424,1000,True,-0.7925189733505249
248,84980,1000,True,-0.8568748235702515
249,83158,1000,True,-0.9114580750465393
250,84332,1000,True,-0.9656143188476562
251,82551,1000,True,-1.0166444778442383
252,83675,1000,True,-1.0674688816070557
253,85075,1000,True,-1.1145856380462646
254,82852,1000,True,-1.1540170907974243
255,82376,1000,True,-1.1885720491409302
256,83099,1000,True,-1.2167845964431763
257,82748,1000,True,-1.242681860923767
258,83118,1000,True,-1.2677175998687744
259,82867,1000,True,-1.2885178327560425
260,83336,1000,True,-1.3059388399124146
261,82795,1000,True,-1.3188451528549194
262,83267,1000,True,-1.3303632736206055
263,82524,1000,True,-1.340039610862732
264,85105,1000,True,-1.3480418920516968
265,82234,1000,True,-1.3517463207244873
266,83366,1000,True,-1.3540152311325073
267,83428,1000,True,-1.3519519567489624
268,94462,1000,True,-1.345444679260254
269,83048,1000,True,-1.3378039598464966
270,82747,1000,True,-1.3292657136917114
271,82528,1000,True,-1.3176777362823486
272,82562,1000,True,-1.3030309677124023
273,82182,1000,True,-1.2819935083389282
274,84891,1000,True,-1.2562748193740845
275,82679,1000,True,-1.2276681661605835
276,82920,1000,True,-1.1929657459259033
277,82468,1000,True,-1.1496286392211914
278,83269,1000,True,-1.0950809717178345
279,82439,1000,True,-1.0278855562210083
280,82720,1000,True,-0.9542962312698364
281,84215,1000,True,-0.8665689826011658
282,82907,1000,True,-0.7609890699386597
283,83017,1000,True,-0.6263324022293091
284,83855,1000,True,-0.4613550007343292
285,86060,1000,True,-0.2747792899608612
286,83094,1000,True,-0.08334271609783173
287,83495,1000,True,0.09975647181272507
288,83159,1000,True,0.27296188473701477
289,82461,1000,True,0.4357767403125763
290,30591967,1000,True,-0.24028226733207703
291,87015,1000,True,-0.30693739652633667
292,83929,1000,True,-0.3863624334335327
293,84008,1000,True,-0.4736209511756897
294,83614,1000,True,-0.5607803463935852
295,82666,1000,True,-0.6450552940368652
296,82732,1000,True,-0.7227338552474976
297,84056,1000,True,-0.7925189733505249
298,83666,1000,True,-0.8568748235702515
299,82262,1000,True,-0.9114580750465393
300,83008,1000,True,-0.9656143188476562
301,85375,1000,True,-1.0166444778442383
302,83393,1000,True,-1.0674688816070557
303,83776,1000,True,-1.1145856380462646
304,83556,1000,True,-1.1540170907974243
305,82204,1000,True,-1.1885720491409302
306,83771,1000,True,-1.2167845964431763
307,82722,1000,True,-1.242681860923767
308,83626,1000,True,-1.2677175998687744
309,82854,1000,True,-1.2885178327560425
310,83872,1000,True,-1.3059388399124146
311,83338,1000,True,-1.3188451528549194
312,84151,1000,True,-1.3303632736206055
313,82097,1000,True,-1.340039610862732
314,82969,1000,True,-1.3480418920516968
315,83261,1000,True,-1.3517463207244873
316,83270,1000,True,-1.3540152311325073
317,82122,1000,True,-1.3519519567489624
318,83406,1000,True,-1.345444679260254
319,83483,1000,True,-1.3378039598464966
320,83512,1000,True,-1.3292657136917114
321,82718,1000,True,-1.3176777362823486
322,84906,1000,True,-1.3030309677124023
323,82461,1000,True,-1.2819935083389282
324,83117,1000,True,-1.2562748193740845
325,82687,1000,True,-1.2276681661605835
326,83576,1000,True,-1.1929657459259033
327,82872,1000,True,-1.1496286392211914
328,82621,1000,True,-1.0950809717178345
329,82882,1000,True,-1.0278855562210083
330,82194,1000,True,-0.9542962312698364
331,83336,1000,True,-0.8665689826011658
332,82635,1000,True,-0.7609890699386597
333,85169,1000,True,-0.6263324022293091
334,83241,1000,True,-0.4613550007343292
335,82740,1000,True,-0.2747792899608612
336,83132,1000,True,-0.08334271609783173
337,82819,1000,True,0.09975647181272507
338,83766,1000,True,0.27296188473701477
339,83452,1000,True,0.4357767403125763
340,30656461,1000,True,-0.24028226733207703
341,87218,1000,True,-0.30693739652633667
342,84453,1000,True,-0.3863624334335327
343,83773,1000,True,-0.4736209511756897
344,84054,1000,True,-0.5607803463935852
345,82211,1000,True,-0.6450552940368652
346,83295,1000,True,-0.7227338552474976
347,82914,1000,True,-0.7925189733505249
348,85555,1000,True,-0.8568748235702515
349,82543,1000,True,-0.9114580750465393
350,83098,1000,True,-0.9656143188476562
351,83007,1000,True,-1.0166444778442383
352,83449,1000,True,-1.0674688816070557
353,83100,1000,True,-1.1145856380462646
354,82878,1000,True,-1.1540170907974243
355,82854,1000,True,-1.1885720491409302
356,82999,1000,True,-1.2167845964431763
357,82379,1000,True,-1.242681860923767
358,83871,1000,True,-1.2677175998687744
359,85096,1000,True,-1.2885178327560425
360,83878,1000,True,-1.3059388399124146
361,83208,1000,True,-1.3188451528549194
362,84096,1000,True,-1.3303632736206055
363,83742,1000,True,-1.340039610862732
364,83683,1000,True,-1.3480418920516968
365,83020,1000,True,-1.3517463207244873
366,83184,1000,True,-1.3540152311325073
367,82231,1000,True,-1.3519519567489624
368,82825,1000,True,-1.345444679260254
369,83076,1000,True,-1.3378039598464966
370,84759,1000,True,-1.3292657136917114
371,83822,1000,True,-1.3176777362823486
372,83110,1000,True,-1.3030309677124023
373,82672,1000,True,-1.2819935083389282
374,83264,1000,True,-1.2562748193740845
375,83594,1000,True,-1.2276681661605835
376,83616,1000,True,-1.1929657459259033
377,82628,1000,True,-1.1496286392211914
378,82002,1000,True,-1.0950809717178345
379,83023,1000,True,-1.0278855562210083
380,82563,1000,True,-0.9542962312698364
381,85861,1000,True,-0.8665689826011658
382,84130,1000,True,-0.7609890699386597
383,83266,1000,True,-0.6263324022293091
384,82730,1000,True,-0.4613550007343292
385,82998,1000,True,-0.2747792899608612
386,83126,1000,True,-0.08334271609783173
387,82325,1000,True,0.09975647181272507
388,88641,1000,True,0.27296188473701477
389,83468,1000,True,0.4357767403125763
390,30644371,1000,True,-0.24028226733207703
391,87507,1000,True,-0.30693739652633667
392,84453,1000,True,-0.3863624334335327
393,83169,1000,True,-0.4736209511756897
394,84146,1000,True,-0.5607803463935852
395,83167,1000,True,-0.6450552940368652
396,84393,1000,True,-0.7227338552474976
397,82827,1000,True,-0.7925189733505249
398,83545,1000,True,-0.8568748235702515
399,82590,1000,True,-0.9114580750465393
400,83537,1000,True,-0.9656143188476562
401,82895,1000,True,-1.0166444778442383
402,83468,1000,True,-1.0674688816070557
403,83073,1000,True,-1.1145856380462646
404,83586,1000,True,-1.1540170907974243
405,82282,1000,True,-1.1885720491409302
406,83542,1000,True,-1.2167845964431763
407,85079,1000,True,-1.242681860923767
408,83232,1000,True,-1.2677175998687744
409,82760,1000,True,-1.2885178327560425
410,82693,1000,True,-1.3059388399124146
411,83018,1000,True,-1.3188451528549194
412,82677,1000,True,-1.3303632736206055
413,82368,1000,True,-1.340039610862732
414,84269,1000,True,-1.3480418920516968
415,82784,1000,True,-1.3517463207244873
416,83632,1000,True,-1.3540152311325073
417,84482,1000,True,-1.3519519567489624
418,83966,1000,True,-1.345444679260254
419,83271,1000,True,-1.3378039598464966
420,82670,1000,True,-1.3292657136917114
421,82120,1000,True,-1.3176777362823486
422,83343,1000,True,-1.3030309677124023
423,82247,1000,True,-1.2819935083389282
424,83754,1000,True,-1.2562748193740845
425,83472,1000,True,-1.2276681661605835
426,84109,1000,True,-1.1929657459259033
427,84870,1000,True,-1.1496286392211914
428,85885,1000,True,-1.0950809717178345
429,83161,1000,True,-1.0278855562210083
430,84015,1000,True,-0.9542962312698364
431,82635,1000,True,-0.8665689826011658
432,83117,1000,True,-0.7609890699386597
433,83201,1000,True,-0.6263324022293091
434,82952,1000,True,-0.4613550007343292
435,84411,1000,True,-0.2747792899608612
436,82781,1000,True,-0.08334271609783173
437,82637,1000,True,0.09975647181272507
438,83009,1000,True,0.27296188473701477
439,84708,1000,True,0.4357767403125763
440,30595996,1000,True,-0.24028226733207703
441,87173,1000,True,-0.30693739652633667
442,84459,1000,True,-0.3863624334335327
443,83937,1000,True,-0.4736209511756897
444,85230,1000,True,-0.5607803463935852
445,84388,1000,True,-0.6450552940368652
446,83221,1000,True,-0.7227338552474976
447,83586,1000,True,-0.7925189733505249
448,83510,1000,True,-0.8568748235702515
449,83413,1000,True,-0.9114580750465393
450,83790,1000,True,-0.9656143188476562
451,82519,1000,True,-1.0166444778442383
452,83046,1000,True,-1.0674688816070557
453,82454,1000,True,-1.1145856380462646
454,83413,1000,True,-1.1540170907974243
455,85122,1000,True,-1.1885720491409302
456,84980,1000,True,-1.2167845964431763
457,83268,1000,True,-1.242681860923767
458,83525,1000,True,-1.2677175998687744
459,83366,1000,True,-1.2885178327560425
460,82677,1000,True,-1.3059388399124146
461,82501,1000,True,-1.3188451528549194
462,83146,1000,True,-1.3303632736206055
463,82652,1000,True,-1.340039610862732
464,83062,1000,True,-1.3480418920516968
465,84491,1000,True,-1.3517463207244873
466,83928,1000,True,-1.3540152311325073
467,83304,1000,True,-1.3519519567489624
468,83076,1000,True,-1.345444679260254
469,82267,1000,True,-1.3378039598464966
470,83719,1000,True,-1.3292657136917114
471,82805,1000,True,-1.3176777362823486
472,82637,1000,True,-1.3030309677124023
473,82142,1000,True,-1.2819935083389282
474,84059,1000,True,-1.2562748193740845
475,82916,1000,True,-1.2276681661605835
476,84112,1000,True,-1.1929657459259033
477,82199,1000,True,-1.1496286392211914
478,82873,1000,True,-1.0950809717178345
479,83195,1000,True,-1.0278855562210083
480,82782,1000,True,-0.9542962312698364
481,82233,1000,True,-0.8665689826011658
482,83392,1000,True,-0.7609890699386597
483,83122,1000,True,-0.6263324022293091
484,82664,1000,True,-0.4613550007343292
485,83005,1000,True,-0.2747792899608612
486,82556,1000,True,-0.08334271609783173
487,83492,1000,True,0.09975647181272507
488,83053,1000,True,0.27296188473701477
489,83026,1000,True,0.4357767403125763
490,30463002,1000,True,-0.24028226733207703
491,86647,1000,True,-0.30693739652633667
492,83185,1000,True,-0.3863624334335327
493,84004,1000,True,-0.4736209511756897
494,83229,1000,True,-0.5607803463935852
495,82007,1000,True,-0.6450552940368652
496,82067,1000,True,-0.7227338552474976
497,82322,1000,True,-0.7925189733505249
498,82661,1000,True,-0.8568748235702515
499,81367,1000,True,-0.9114580750465393
500,81625,1000,True,-0.9656143188476562
501,81922,1000,True,-1.0166444778442383
502,82806,1000,True,-1.0674688816070557
503,82713,1000,True,-1.1145856380462646
504,83528,1000,True,-1.1540170907974243
505,81946,1000,True,-1.1885720491409302
506,82287,1000,True,-1.2167845964431763
507,82530,1000,True,-1.242681860923767
508,82749,1000,True,-1.2677175998687744
509,82102,1000,True,-1.2885178327560425
510,82462,1000,True,-1.3059388399124146
511,81640,1000,True,-1.3188451528549194
512,82714,1000,True,-1.3303632736206055
513,82134,1000,True,-1.340039610862732
514,82377,1000,True,-1.3480418920516968
515,84952,1000,True,-1.3517463207244873
516,82605,1000,True,-1.3540152311325073
517,82095,1000,True,-1.3519519567489624
518,83178,1000,True,-1.345444679260254
519,81851,1000,True,-1.3378039598464966
520,82860,1000,True,-1.3292657136917114
521,82467,1000,True,-1.3176777362823486
522,82609,1000,True,-1.3030309677124023
523,81395,1000,True,-1.2819935083389282
524,82010,1000,True,-1.2562748193740845
525,82262,1000,True,-1.2276681661605835
526,84535,1000,True,-1.1929657459259033
527,82821,1000,True,-1.1496286392211914
528,82133,1000,True,-1.0950809717178345
529,82015,1000,True,-1.0278855562210083
530,82574,1000,True,-0.9542962312698364
531,82251,1000,True,-0.8665689826011658
532,82535,1000,True,-0.7609890699386597
533,81937,1000,True,-0.6263324022293091
534,82878,1000,True,-0.4613550007343292
535,82120,1000,True,-0.2747792899608612
536,82239,1000,True,-0.08334271609783173
537,82920,1000,True,0.09975647181272507
538,82760,1000,True,0.27296188473701477
539,82566,1000,True,0.4357767403125763
540,30013949,1000,True,-0.24028226733207703
541,86818,1000,True,-0.30693739652633667
542,83926,1000,True,-0.3863624334335327
543,82621,1000,True,-0.4736209511756897
544,83209,1000,True,-0.5607803463935852
545,82104,1000,True,-0.6450552940368652
546,82423,1000,True,-0.7227338552474976
547,83475,1000,True,-0.7925189733505249
548,85556,1000,True,-0.8568748235702515
549,82774,1000,True,-0.9114580750465393
550,82684,1000,True,-0.9656143188476562
551,81824,1000,True,-1.0166444778442383
552,83035,1000,True,-1.0674688816070557
553,360669,1000,True,-1.1145856380462646
554,84596,1000,True,-1.1540170907974243
555,82748,1000,True,-1.1885720491409302
556,84213,1000,True,-1.2167845964431763
557,82295,1000,True,-1.242681860923767
558,82398,1000,True,-1.2677175998687744
559,82172,1000,True,-1.2885178327560425
560,82522,1000,True,-1.3059388399124146
561,81902,1000,True,-1.3188451528549194
562,81956,1000,True,-1.3303632736206055
563,82106,1000,True,-1.340039610862732
564,82608,1000,True,-1.3480418920516968
565,82180,1000,True,-1.3517463207244873
566,81840,1000,True,-1.3540152311325073
567,84049,1000,True,-1.3519519567489624
568,82220,1000,True,-1.345444679260254
569,82389,1000,True,-1.3378039598464966
570,83391,1000,True,-1.3292657136917114
571,81603,1000,True,-1.3176777362823486
572,83079,1000,True,-1.3030309677124023
573,84250,1000,True,-1.2819935083389282
574,81581,1000,True,-1.2562748193740845
575,82414,1000,True,-1.2276681661605835
576,82837,1000,True,-1.1929657459259033
577,81268,1000,True,-1.1496286392211914
578,83977,1000,True,-1.0950809717178345
579,82330,1000,True,-1.0278855562210083
580,81703,1000,True,-0.9542962312698364
581,81460,1000,True,-0.8665689826011658
582,82787,1000,True,-0.7609890699386597
583,81460,1000,True,-0.6263324022293091
584,81944,1000,True,-0.4613550007343292
585,81852,1000,True,-0.2747792899608612
586,82304,1000,True,-0.08334271609783173
587,82261,1000,True,0.09975647181272507
588,82299,1000,True,0.27296188473701477
589,84158,1000,True,0.4357767403125763
590,30312984,1000,True,-0.24028226733207703
591,85673,1000,True,-0.30693739652633667
592,82717,1000,True,-0.3863624334335327
593,82393,1000,True,-0.4736209511756897
594,83302,1000,True,-0.5607803463935852
595,82901,1000,True,-0.6450552940368652
596,81823,1000,True,-0.7227338552474976
597,85453,1000,True,-0.7925189733505249
598,82963,1000,True,-0.8568748235702515
599,82264,1000,True,-0.9114580750465393
600,83045,1000,True,-0.9656143188476562
601,81922,1000,True,-1.0166444778442383
602,81838,1000,True,-1.0674688816070557
603,81688,1000,True,-1.1145856380462646
604,82584,1000,True,-1.1540170907974243
605,81712,1000,True,-1.1885720491409302
606,82994,1000,True,-1.2167845964431763
607,81951,1000,True,-1.242681860923767
608,83498,1000,True,-1.2677175998687744
609,81875,1000,True,-1.2885178327560425
610,82284,1000,True,-1.3059388399124146
611,82286,1000,True,-1.3188451528549194
612,82449,1000,True,-1.3303632736206055
613,82171,1000,True,-1.340039610862732
614,82646,1000,True,-1.3480418920516968
615,82000,1000,True,-1.3517463207244873
616,82706,1000,True,-1.3540152311325073
617,82150,1000,True,-1.3519519567489624
618,82438,1000,True,-1.345444679260254
619,81510,1000,True,-1.3378039598464966
620,82527,1000,True,-1.3292657136917114
621,82259,1000,True,-1.3176777362823486
622,82589,1000,True,-1.3030309677124023
623,81403,1000,True,-1.2819935083389282
624,82784,1000,True,-1.2562748193740845
625,81645,1000,True,-1.2276681661605835
626,82328,1000,True,-1.1929657459259033
627,82848,1000,True,-1.1496286392211914
628,82988,1000,True,-1.0950809717178345
629,84133,1000,True,-1.0278855562210083
630,82913,1000,True,-0.9542962312698364
631,81611,1000,True,-0.8665689826011658
632,81711,1000,True,-0.7609890699386597
633,82329,1000,True,-0.6263324022293091
634,82821,1000,True,-0.4613550007343292
635,81603,1000,True,-0.2747792899608612
636,82848,1000,True,-0.08334271609783173
637,81900,1000,True,0.09975647181272507
638,81580,1000,True,0.27296188473701477
639,81466,1000,True,0.4357767403125763
640,30492344,1000,True,-0.24028226733207703
641,86707,1000,True,-0.30693739652633667
642,84503,1000,True,-0.3863624334335327
643,82698,1000,True,-0.4736209511756897
644,83021,1000,True,-0.5607803463935852
645,82288,1000,True,-0.6450552940368652
646,82679,1000,True,-0.7227338552474976
647,82142,1000,True,-0.7925189733505249
648,81955,1000,True,-0.8568748235702515
649,81375,1000,True,-0.9114580750465393
650,81774,1000,True,-0.9656143188476562
651,82757,1000,True,-1.0166444778442383
652,82111,1000,True,-1.0674688816070557
653,81799,1000,True,-1.1145856380462646
654,82153,1000,True,-1.1540170907974243
655,81402,1000,True,-1.1885720491409302
656,82557,1000,True,-1.2167845964431763
657,84172,1000,True,-1.242681860923767
658,82290,1000,True,-1.2677175998687744
659,81427,1000,True,-1.2885178327560425
660,82339,1000,True,-1.3059388399124146
661,82368,1000,True,-1.3188451528549194
662,82508,1000,True,-1.3303632736206055
663,82291,1000,True,-1.340039610862732
664,82820,1000,True,-1.3480418920516968
665,82527,1000,True,-1.3517463207244873
666,82926,1000,True,-1.3540152311325073
667,82351,1000,True,-1.3519519567489624
668,84964,1000,True,-1.345444679260254
669,82388,1000,True,-1.3378039598464966
670,82660,1000,True,-1.3292657136917114
671,81979,1000,True,-1.3176777362823486
672,82217,1000,True,-1.3030309677124023
673,81854,1000,True,-1.2819935083389282
674,83024,1000,True,-1.2562748193740845
675,82163,1000,True,-1.2276681661605835
676,82874,1000,True,-1.1929657459259033
677,81837,1000,True,-1.1496286392211914
678,82249,1000,True,-1.0950809717178345
679,96919,1000,True,-1.0278855562210083
680,83040,1000,True,-0.9542962312698364
681,82358,1000,True,-0.8665689826011658
682,82509,1000,True,-0.7609890699386597
683,82263,1000,True,-0.6263324022293091
684,81676,1000,True,-0.4613550007343292
685,82027,1000,True,-0.2747792899608612
686,82192,1000,True,-0.08334271609783173
687,83147,1000,True,0.09975647181272507
688,84377,1000,True,0.27296188473701477
689,82141,1000,True,0.4357767403125763
690,30370255,1000,True,-0.24028226733207703
691,86899,1000,True,-0.30693739652633667
692,83791,1000,True,-0.3863624334335327
693,82982,1000,True,-0.4736209511756897
694,83870,1000,True,-0.5607803463935852
695,81925,1000,True,-0.6450552940368652
696,81840,1000,True,-0.7227338552474976
697,84677,1000,True,-0.7925189733505249
698,82881,1000,True,-0.8568748235702515
699,82025,1000,True,-0.9114580750465393
700,83174,1000,True,-0.9656143188476562
701,82771,1000,True,-1.0166444778442383
702,86583,1000,True,-1.0674688816070557
703,82961,1000,True,-1.1145856380462646
704,82101,1000,True,-1.1540170907974243
705,82067,1000,True,-1.1885720491409302
706,82866,1000,True,-1.2167845964431763
707,81999,1000,True,-1.242681860923767
708,84132,1000,True,-1.2677175998687744
709,82124,1000,True,-1.2885178327560425
710,82300,1000,True,-1.3059388399124146
711,82566,1000,True,-1.3188451528549194
712,81990,1000,True,-1.3303632736206055
713,82058,1000,True,-1.340039610862732
714,83162,1000,True,-1.3480418920516968
715,88573,1000,True,-1.3517463207244873
716,84069,1000,True,-1.3540152311325073
717,82973,1000,True,-1.3519519567489624
718,83691,1000,True,-1.345444679260254
719,85253,1000,True,-1.3378039598464966
720,83211,1000,True,-1.3292657136917114
721,83235,1000,True,-1.3176777362823486
722,83328,1000,True,-1.3030309677124023
723,83578,1000,True,-1.2819935083389282
724,83610,1000,True,-1.2562748193740845
725,82322,1000,True,-1.2276681661605835
726,83284,1000,True,-1.1929657459259033
727,83284,1000,True,-1.1496286392211914
728,83465,1000,True,-1.0950809717178345
729,82664,1000,True,-1.0278855562210083
730,82889,1000,True,-0.9542962312698364
731,83837,1000,True,-0.8665689826011658
732,82591,1000,True,-0.7609890699386597
733,82210,1000,True,-0.6263324022293091
734,82579,1000,True,-0.4613550007343292
735,82639,1000,True,-0.2747792899608612
736,81853,1000,True,-0.08334271609783173
737,81697,1000,True,0.09975647181272507
738,82726,1000,True,0.27296188473701477
739,82216,1000,True,0.4357767403125763
740,30398896,1000,True,-0.24028226733207703
741,93098,1000,True,-0.30693739652633667
742,84648,1000,True,-0.3863624334335327
743,82091,1000,True,-0.4736209511756897
744,83049,1000,True,-0.5607803463935852
745,82757,1000,True,-0.6450552940368652
746,83795,1000,True,-0.7227338552474976
747,85014,1000,True,-0.7925189733505249
748,83346,1000,True,-0.8568748235702515
749,82392,1000,True,-0.9114580750465393
750,82979,1000,True,-0.9656143188476562
751,82852,1000,True,-1.0166444778442383
752,82720,1000,True,-1.0674688816070557
753,82231,1000,True,-1.1145856380462646
754,83141,1000,True,-1.1540170907974243
755,82704,1000,True,-1.1885720491409302
756,82450,1000,True,-1.2167845964431763
757,81800,1000,True,-1.242681860923767
758,82704,1000,True,-1.2677175998687744
759,82321,1000,True,-1.2885178327560425
760,82588,1000,True,-1.3059388399124146
761,82106,1000,True,-1.3188451528549194
762,82203,1000,True,-1.3303632736206055
763,83058,1000,True,-1.340039610862732
764,82884,1000,True,-1.3480418920516968
765,82070,1000,True,-1.3517463207244873
766,82773,1000,True,-1.3540152311325073
767,83515,1000,True,-1.3519519567489624
768,83321,1000,True,-1.345444679260254
769,82568,1000,True,-1.3378039598464966
770,83241,1000,True,-1.3292657136917114
771,82167,1000,True,-1.3176777362823486
772,82431,1000,True,-1.3030309677124023
773,81413,1000,True,-1.2819935083389282
774,82328,1000,True,-1.2562748193740845
775,81644,1000,True,-1.2276681661605835
776,82596,1000,True,-1.1929657459259033
777,81827,1000,True,-1.1496286392211914
778,81603,1000,True,-1.0950809717178345
779,82114,1000,True,-1.0278855562210083
780,82213,1000,True,-0.9542962312698364
781,81382,1000,True,-0.8665689826011658
782,82572,1000,True,-0.7609890699386597
783,81755,1000,True,-0.6263324022293091
784,81504,1000,True,-0.4613550007343292
785,81993,1000,True,-0.2747792899608612
786,82122,1000,True,-0.08334271609783173
787,81440,1000,True,0.09975647181272507
788,81559,1000,True,0.27296188473701477
789,81862,1000,True,0.4357767403125763
790,30347642,1000,True,-0.24028226733207703
791,89212,1000,True,-0.30693739652633667
792,83684,1000,True,-0.3863624334335327
793,82688,1000,True,-0.4736209511756897
794,83397,1000,True,-0.5607803463935852
795,82478,1000,True,-0.6450552940368652
796,82579,1000,True,-0.7227338552474976
797,82377,1000,True,-0.7925189733505249
798,86022,1000,True,-0.8568748235702515
799,82293,1000,True,-0.9114580750465393
800,81441,1000,True,-0.9656143188476562
801,81579,1000,True,-1.0166444778442383
802,82345,1000,True,-1.0674688816070557
803,81976,1000,True,-1.1145856380462646
804,82118,1000,True,-1.1540170907974243
805,81569,1000,True,-1.1885720491409302
806,82146,1000,True,-1.2167845964431763
807,82248,1000,True,-1.242681860923767
808,81638,1000,True,-1.2677175998687744
809,83334,1000,True,-1.2885178327560425
810,82099,1000,True,-1.3059388399124146
811,82183,1000,True,-1.3188451528549194
812,81633,1000,True,-1.3303632736206055
813,82030,1000,True,-1.340039610862732
814,83250,1000,True,-1.3480418920516968
815,82249,1000,True,-1.3517463207244873
816,81922,1000,True,-1.3540152311325073
817,81723,1000,True,-1.3519519567489624
818,82542,1000,True,-1.345444679260254
819,83458,1000,True,-1.3378039598464966
820,85457,1000,True,-1.3292657136917114
821,81658,1000,True,-1.3176777362823486
822,82966,1000,True,-1.3030309677124023
823,81662,1000,True,-1.2819935083389282
824,82830,1000,True,-1.2562748193740845
825,81712,1000,True,-1.2276681661605835
826,82542,1000,True,-1.1929657459259033
827,82678,1000,True,-1.1496286392211914
828,82184,1000,True,-1.0950809717178345
829,82485,1000,True,-1.0278855562210083
830,82615,1000,True,-0.9542962312698364
831,84292,1000,True,-0.8665689826011658
832,81670,1000,True,-0.7609890699386597
833,83270,1000,True,-0.6263324022293091
834,82380,1000,True,-0.4613550007343292
835,82242,1000,True,-0.2747792899608612
836,82429,1000,True,-0.08334271609783173
837,81101,1000,True,0.09975647181272507
838,82882,1000,True,0.27296188473701477
839,82632,1000,True,0.4357767403125763
840,30341998,1000,True,-0.24028226733207703
841,88179,1000,True,-0.30693739652633667
842,83654,1000,True,-0.3863624334335327
843,82966,1000,True,-0.4736209511756897
844,83206,1000,True,-0.5607803463935852
845,82277,1000,True,-0.6450552940368652
846,83162,1000,True,-0.7227338552474976
847,82498,1000,True,-0.7925189733505249
848,82600,1000,True,-0.8568748235702515
849,84438,1000,True,-0.9114580750465393
850,82764,1000,True,-0.9656143188476562
851,82850,1000,True,-1.0166444778442383
852,81872,1000,True,-1.0674688816070557
853,81223,1000,True,-1.1145856380462646
854,82568,1000,True,-1.1540170907974243
855,81752,1000,True,-1.1885720491409302
856,82003,1000,True,-1.2167845964431763
857,81883,1000,True,-1.242681860923767
858,82212,1000,True,-1.2677175998687744
859,81645,1000,True,-1.2885178327560425
860,83529,1000,True,-1.3059388399124146
861,81313,1000,True,-1.3188451528549194
862,82367,1000,True,-1.3303632736206055
863,81475,1000,True,-1.340039610862732
864,81870,1000,True,-1.3480418920516968
865,84232,1000,True,-1.3517463207244873
866,82166,1000,True,-1.3540152311325073
867,81888,1000,True,-1.3519519567489624
868,82839,1000,True,-1.345444679260254
869,81924,1000,True,-1.3378039598464966
870,83559,1000,True,-1.3292657136917114
871,84441,1000,True,-1.3176777362823486
872,82693,1000,True,-1.3030309677124023
873,82414,1000,True,-1.2819935083389282
874,82932,1000,True,-1.2562748193740845
875,82103,1000,True,-1.2276681661605835
876,81827,1000,True,-1.1929657459259033
877,81206,1000,True,-1.1496286392211914
878,82848,1000,True,-1.0950809717178345
879,82201,1000,True,-1.0278855562210083
880,81637,1000,True,-0.9542962312698364
881,82302,1000,True,-0.8665689826011658
882,82465,1000,True,-0.7609890699386597
883,81832,1000,True,-0.6263324022293091
884,82522,1000,True,-0.4613550007343292
885,82167,1000,True,-0.2747792899608612
886,82927,1000,True,-0.08334271609783173
887,82742,1000,True,0.09975647181272507
888,81943,1000,True,0.27296188473701477
889,81693,1000,True,0.4357767403125763
890,30336146,1000,True,-0.24028226733207703
891,87658,1000,True,-0.30693739652633667
892,83071,1000,True,-0.3863624334335327
893,82482,1000,True,-0.4736209511756897
894,82593,1000,True,-0.5607803463935852
895,81726,1000,True,-0.6450552940368652
896,81819,1000,True,-0.7227338552474976
897,82129,1000,True,-0.7925189733505249
898,81957,1000,True,-0.8568748235702515
899,81360,1000,True,-0.9114580750465393
900,81998,1000,True,-0.9656143188476562
901,84096,1000,True,-1.0166444778442383
902,82731,1000,True,-1.0674688816070557
903,81866,1000,True,-1.1145856380462646
904,82411,1000,True,-1.1540170907974243
905,81588,1000,True,-1.1885720491409302
906,82153,1000,True,-1.2167845964431763
907,81985,1000,True,-1.242681860923767
908,82120,1000,True,-1.2677175998687744
909,82430,1000,True,-1.2885178327560425
910,82972,1000,True,-1.3059388399124146
911,82035,1000,True,-1.3188451528549194
912,81596,1000,True,-1.3303632736206055
913,81398,1000,True,-1.340039610862732
914,82982,1000,True,-1.3480418920516968
915,82147,1000,True,-1.3517463207244873
916,82266,1000,True,-1.3540152311325073
917,82442,1000,True,-1.3519519567489624
918,83382,1000,True,-1.345444679260254
919,82514,1000,True,-1.3378039598464966
920,81269,1000,True,-1.3292657136917114
921,81544,1000,True,-1.3176777362823486
922,83757,1000,True,-1.3030309677124023
923,81677,1000,True,-1.2819935083389282
924,82273,1000,True,-1.2562748193740845
925,82964,1000,True,-1.2276681661605835
926,82329,1000,True,-1.1929657459259033
927,81973,1000,True,-1.1496286392211914
928,81528,1000,True,-1.0950809717178345
929,82107,1000,True,-1.0278855562210083
930,82508,1000,True,-0.9542962312698364
931,82136,1000,True,-0.8665689826011658
932,82848,1000,True,-0.7609890699386597
933,83253,1000,True,-0.6263324022293091
934,82249,1000,True,-0.4613550007343292
935,82440,1000,True,-0.2747792899608612
936,81899,1000,True,-0.08334271609783173
937,81828,1000,True,0.09975647181272507
938,81973,1000,True,0.27296188473701477
939,82283,1000,True,0.4357767403125763
940,30297495,1000,True,-0.24028226733207703
941,86729,1000,True,-0.30693739652633667
942,85795,1000,True,-0.3863624334335327
943,83001,1000,True,-0.4736209511756897
944,82624,1000,True,-0.5607803463935852
945,82733,1000,True,-0.6450552940368652
946,83048,1000,True,-0.7227338552474976
947,81628,1000,True,-0.7925189733505249
948,82134,1000,True,-0.8568748235702515
949,81933,1000,True,-0.9114580750465393
950,81991,1000,True,-0.9656143188476562
951,82563,1000,True,-1.0166444778442383
952,83744,1000,True,-1.0674688816070557
953,82907,1000,True,-1.1145856380462646
954,82779,1000,True,-1.1540170907974243
955,82029,1000,True,-1.1885720491409302
956,82198,1000,True,-1.2167845964431763
957,82518,1000,True,-1.242681860923767
958,81634,1000,True,-1.2677175998687744
959,81859,1000,True,-1.2885178327560425
960,82252,1000,True,-1.3059388399124146
961,81779,1000,True,-1.3188451528549194
962,82523,1000,True,-1.3303632736206055
963,84392,1000,True,-1.340039610862732
964,82650,1000,True,-1.3480418920516968
965,81793,1000,True,-1.3517463207244873
966,82942,1000,True,-1.3540152311325073
967,81719,1000,True,-1.3519519567489624
968,82575,1000,True,-1.345444679260254
969,82078,1000,True,-1.3378039598464966
970,82206,1000,True,-1.3292657136917114
971,82008,1000,True,-1.3176777362823486
972,82679,1000,True,-1.3030309677124023
973,81533,1000,True,-1.2819935083389282
974,82691,1000,True,-1.2562748193740845
975,82182,1000,True,-1.2276681661605835
976,82508,1000,True,-1.1929657459259033
977,82602,1000,True,-1.1496286392211914
978,82297,1000,True,-1.0950809717178345
979,82006,1000,True,-1.0278855562210083
980,82261,1000,True,-0.9542962312698364
981,82304,1000,True,-0.8665689826011658
982,81675,1000,True,-0.7609890699386597
983,82537,1000,True,-0.6263324022293091
984,82203,1000,True,-0.4613550007343292
985,83106,1000,True,-0.2747792899608612
986,82217,1000,True,-0.08334271609783173
987,81098,1000,True,0.09975647181272507
988,82316,1000,True,0.27296188473701477
989,81211,1000,True,0.4357767403125763
990,29987463,1000,True,-0.24028226733207703
991,86995,1000,True,-0.30693739652633667
992,83117,1000,True,-0.3863624334335327
993,82478,1000,True,-0.4736209511756897
994,82475,1000,True,-0.5607803463935852
995,82288,1000,True,-0.6450552940368652
996,82400,1000,True,-0.7227338552474976
997,83828,1000,True,-0.7925189733505249
998,82419,1000,True,-0.8568748235702515
999,82336,1000,True,-0.9114580750465393
1000,82072,1000,True,-0.9656143188476562
1001,82069,1000,True,-1.0166444778442383
1002,82591,1000,True,-1.0674688816070557
1003,82009,1000,True,-1.1145856380462646
1004,81842,1000,True,-1.1540170907974243
1005,81506,1000,True,-1.1885720491409302
1006,82758,1000,True,-1.2167845964431763
1007,81967,1000,True,-1.242681860923767
1008,83455,1000,True,-1.2677175998687744
1009,82172,1000,True,-1.2885178327560425
1010,105366,1000,True,-1.3059388399124146
1011,84386,1000,True,-1.3188451528549194
1012,82547,1000,True,-1.3303632736206055
1013,81565,1000,True,-1.340039610862732
1014,82924,1000,True,-1.3480418920516968
1015,82467,1000,True,-1.3517463207244873
1016,82256,1000,True,-1.3540152311325073
1017,82969,1000,True,-1.3519519567489624
1018,86108,1000,True,-1.345444679260254
1019,82120,1000,True,-1.3378039598464966
1020,82800,1000,True,-1.3292657136917114
1021,81935,1000,True,-1.3176777362823486
1022,83192,1000,True,-1.3030309677124023
1023,81312,1000,True,-1.2819935083389282
1024,373033,1000,True,-1.2562748193740845
1025,83205,1000,True,-1.2276681661605835
1026,83720,1000,True,-1.1929657459259033
1027,81213,1000,True,-1.1496286392211914
1028,81515,1000,True,-1.0950809717178345
1029,81391,1000,True,-1.0278855562210083
1030,82632,1000,True,-0.9542962312698364
1031,81609,1000,True,-0.8665689826011658
1032,81957,1000,True,-0.7609890699386597
1033,82222,1000,True,-0.6263324022293091
1034,82323,1000,True,-0.4613550007343292
1035,81956,1000,True,-0.2747792899608612
1036,81775,1000,True,-0.08334271609783173
1037,82816,1000,True,0.09975647181272507
1038,83071,1000,True,0.27296188473701477
1039,82303,1000,True,0.4357767403125763
1040,29986562,1000,True,-0.24028226733207703
1041,88790,1000,True,-0.30693739652633667
1042,83890,1000,True,-0.3863624334335327
1043,83019,1000,True,-0.4736209511756897
1044,82536,1000,True,-0.5607803463935852
1045,81577,1000,True,-0.6450552940368652
1046,82308,1000,True,-0.7227338552474976
1047,82367,1000,True,-0.7925189733505249
1048,83522,1000,True,-0.8568748235702515
1049,81614,1000,True,-0.9114580750465393
1050,82269,1000,True,-0.9656143188476562
1051,82567,1000,True,-1.0166444778442383
1052,83145,1000,True,-1.0674688816070557
1053,81282,1000,True,-1.1145856380462646
1054,81776,1000,True,-1.1540170907974243
1055,81646,1000,True,-1.1885720491409302
1056,82113,1000,True,-1.2167845964431763
1057,81541,1000,True,-1.242681860923767
1058,82977,1000,True,-1.2677175998687744
1059,85251,1000,True,-1.2885178327560425
1060,83325,1000,True,-1.3059388399124146
1061,82507,1000,True,-1.3188451528549194
1062,82444,1000,True,-1.3303632736206055
1063,81210,1000,True,-1.340039610862732
1064,82329,1000,True,-1.3480418920516968
1065,81744,1000,True,-1.3517463207244873
1066,82839,1000,True,-1.3540152311325073
1067,81726,1000,True,-1.3519519567489624
1068,83132,1000,True,-1.345444679260254
1069,81722,1000,True,-1.3378039598464966
1070,84274,1000,True,-1.3292657136917114
1071,82203,1000,True,-1.3176777362823486
1072,81830,1000,True,-1.3030309677124023
1073,81561,1000,True,-1.2819935083389282
1074,81842,1000,True,-1.2562748193740845
1075,81665,1000,True,-1.2276681661605835
1076,82455,1000,True,-1.1929657459259033
1077,81647,1000,True,-1.1496286392211914
1078,82512,1000,True,-1.0950809717178345
1079,81867,1000,True,-1.0278855562210083
1080,82598,1000,True,-0.9542962312698364
1081,84836,1000,True,-0.8665689826011658
1082,81265,1000,True,-0.7609890699386597
1083,81743,1000,True,-0.6263324022293091
1084,81911,1000,True,-0.4613550007343292
1085,80790,1000,True,-0.2747792899608612
1086,82152,1000,True,-0.08334271609783173
1087,81888,1000,True,0.09975647181272507
1088,82644,1000,True,0.27296188473701477
1089,81838,1000,True,0.4357767403125763
1090,30248916,1000,True,-0.24028226733207703
1091,86376,1000,True,-0.30693739652633667
1092,82806,1000,True,-0.3863624334335327
1093,81501,1000,True,-0.4736209511756897
1094,82811,1000,True,-0.5607803463935852
1095,82034,1000,True,-0.6450552940368652
1096,81704,1000,True,-0.7227338552474976
1097,81862,1000,True,-0.7925189733505249
1098,81266,1000,True,-0.8568748235702515
1099,81503,1000,True,-0.9114580750465393
1100,81156,1000,True,-0.9656143188476562
1101,82080,1000,True,-1.0166444778442383
1102,82477,1000,True,-1.0674688816070557
1103,82219,1000,True,-1.1145856380462646
1104,80911,1000,True,-1.1540170907974243
1105,81699,1000,True,-1.1885720491409302
1106,82516,1000,True,-1.2167845964431763
1107,82211,1000,True,-1.242681860923767
1108,82386,1000,True,-1.2677175998687744
1109,81223,1000,True,-1.2885178327560425
1110,82682,1000,True,-1.3059388399124146
1111,81099,1000,True,-1.3188451528549194
1112,82404,1000,True,-1.3303632736206055
1113,81624,1000,True,-1.340039610862732
1114,81677,1000,True,-1.3480418920516968
1115,82101,1000,True,-1.3517463207244873
1116,81623,1000,True,-1.3540152311325073
1117,80976,1000,True,-1.3519519567489624
1118,82257,1000,True,-1.345444679260254
1119,81904,1000,True,-1.3378039598464966
1120,82366,1000,True,-1.3292657136917114
1121,82569,1000,True,-1.3176777362823486
1122,82277,1000,True,-1.3030309677124023
1123,83864,1000,True,-1.2819935083389282
1124,82232,1000,True,-1.2562748193740845
1125,81415,1000,True,-1.2276681661605835
1126,83550,1000,True,-1.1929657459259033
1127,81379,1000,True,-1.1496286392211914
1128,81708,1000,True,-1.0950809717178345
1129,81697,1000,True,-1.0278855562210083
1130,82398,1000,True,-0.9542962312698364
1131,81782,1000,True,-0.8665689826011658
1132,82893,1000,True,-0.7609890699386597
1133,81540,1000,True,-0.6263324022293091
1134,84525,1000,True,-0.4613550007343292
1135,81947,1000,True,-0.2747792899608612
1136,81576,1000,True,-0.08334271609783173
1137,81740,1000,True,0.09975647181272507
1138,83071,1000,True,0.27296188473701477
1139,82182,1000,True,0.4357767403125763
1140,30247088,1000,True,-0.24028226733207703
1141,85124,1000,True,-0.30693739652633667
1142,83240,1000,True,-0.3863624334335327
1143,82239,1000,True,-0.4736209511756897
1144,82697,1000,True,-0.5607803463935852
1145,82195,1000,True,-0.6450552940368652
1146,82392,1000,True,-0.7227338552474976
1147,81749,1000,True,-0.7925189733505249
1148,82948,1000,True,-0.8568748235702515
1149,81606,1000,True,-0.9114580750465393
1150,81794,1000,True,-0.9656143188476562
1151,81450,1000,True,-1.0166444778442383
1152,82283,1000,True,-1.0674688816070557
1153,83718,1000,True,-1.1145856380462646
1154,82666,1000,True,-1.1540170907974243
1155,81780,1000,True,-1.1885720491409302
1156,82606,1000,True,-1.2167845964431763
1157,82117,1000,True,-1.242681860923767
1158,82076,1000,True,-1.2677175998687744
1159,81796,1000,True,-1.2885178327560425
1160,81398,1000,True,-1.3059388399124146
1161,81383,1000,True,-1.3188451528549194
1162,82374,1000,True,-1.3303632736206055
1163,82092,1000,True,-1.340039610862732
1164,83297,1000,True,-1.3480418920516968
1165,82364,1000,True,-1.3517463207244873
1166,82222,1000,True,-1.3540152311325073
1167,81677,1000,True,-1.3519519567489624
1168,82049,1000,True,-1.345444679260254
1169,81620,1000,True,-1.3378039598464966
1170,82163,1000,True,-1.3292657136917114
1171,81998,1000,True,-1.3176777362823486
1172,82279,1000,True,-1.3030309677124023
1173,82075,1000,True,-1.2819935083389282
1174,82823,1000,True,-1.2562748193740845
1175,83335,1000,True,-1.2276681661605835
1176,82494,1000,True,-1.1929657459259033
1177,82181,1000,True,-1.1496286392211914
1178,82141,1000,True,-1.0950809717178345
1179,81722,1000,True,-1.0278855562210083
1180,81771,1000,True,-0.9542962312698364
1181,81208,1000,True,-0.8665689826011658
1182,82452,1000,True,-0.7609890699386597
1183,82965,1000,True,-0.6263324022293091
1184,82998,1000,True,-0.4613550007343292
1185,82229,1000,True,-0.2747792899608612
1186,84474,1000,True,-0.08334271609783173
1187,81574,1000,True,0.09975647181272507
1188,82118,1000,True,0.27296188473701477
1189,81766,1000,True,0.4357767403125763
1190,30224731,1000,True,-0.24028226733207703
1191,86466,1000,True,-0.30693739652633667
1192,83767,1000,True,-0.3863624334335327
1193,82052,1000,True,-0.4736209511756897
1194,82278,1000,True,-0.5607803463935852
1195,83565,1000,True,-0.6450552940368652
1196,82111,1000,True,-0.7227338552474976
1197,81163,1000,True,-0.7925189733505249
1198,82826,1000,True,-0.8568748235702515
1199,81993,1000,True,-0.9114580750465393
1200,82383,1000,True,-0.9656143188476562
1201,81434,1000,True,-1.0166444778442383
1202,82338,1000,True,-1.0674688816070557
1203,81570,1000,True,-1.1145856380462646
1204,81878,1000,True,-1.1540170907974243
1205,81607,1000,True,-1.1885720491409302
1206,84855,1000,True,-1.2167845964431763
1207,81789,1000,True,-1.242681860923767
1208,82504,1000,True,-1.2677175998687744
1209,81601,1000,True,-1.2885178327560425
1210,82504,1000,True,-1.3059388399124146
1211,81918,1000,True,-1.3188451528549194
1212,81875,1000,True,-1.3303632736206055
1213,82470,1000,True,-1.340039610862732
1214,81635,1000,True,-1.3480418920516968
1215,81864,1000,True,-1.3517463207244873
1216,81787,1000,True,-1.3540152311325073
1217,83102,1000,True,-1.3519519567489624
1218,82578,1000,True,-1.345444679260254
1219,82088,1000,True,-1.3378039598464966
1220,82448,1000,True,-1.3292657136917114
1221,81348,1000,True,-1.3176777362823486
1222,81996,1000,True,-1.3030309677124023
1223,81349,1000,True,-1.2819935083389282
1224,81435,1000,True,-1.2562748193740845
1225,81182,1000,True,-1.2276681661605835
1226,82648,1000,True,-1.1929657459259033
1227,81593,1000,True,-1.1496286392211914
1228,84402,1000,True,-1.0950809717178345
1229,81849,1000,True,-1.0278855562210083
1230,82314,1000,True,-0.9542962312698364
1231,81818,1000,True,-0.8665689826011658
1232,81476,1000,True,-0.7609890699386597
1233,81317,1000,True,-0.6263324022293091
1234,82806,1000,True,-0.4613550007343292
1235,81986,1000,True,-0.2747792899608612
1236,82215,1000,True,-0.08334271609783173
1237,81733,1000,True,0.09975647181272507
1238,81987,1000,True,0.27296188473701477
1239,82785,1000,True,0.4357767403125763
1240,30245421,1000,True,-0.24028226733207703
1241,86221,1000,True,-0.30693739652633667
1242,83627,1000,True,-0.3863624334335327
1243,82137,1000,True,-0.4736209511756897
1244,82268,1000,True,-0.5607803463935852
1245,81183,1000,True,-0.6450552940368652
1246,81900,1000,True,-0.7227338552474976
1247,81190,1000,True,-0.7925189733505249
1248,85304,1000,True,-0.8568748235702515
1249,81726,1000,True,-0.9114580750465393
1250,81897,1000,True,-0.9656143188476562
1251,82034,1000,True,-1.0166444778442383
1252,83210,1000,True,-1.0674688816070557
1253,82125,1000,True,-1.1145856380462646
1254,82116,1000,True,-1.1540170907974243
1255,82247,1000,True,-1.1885720491409302
1256,82569,1000,True,-1.2167845964431763
1257,82173,1000,True,-1.242681860923767
1258,81933,1000,True,-1.2677175998687744
1259,83658,1000,True,-1.2885178327560425
1260,82304,1000,True,-1.3059388399124146
1261,81677,1000,True,-1.3188451528549194
1262,81982,1000,True,-1.3303632736206055
1263,81633,1000,True,-1.340039610862732
1264,82263,1000,True,-1.3480418920516968
1265,81982,1000,True,-1.3517463207244873
1266,82233,1000,True,-1.3540152311325073
1267,82540,1000,True,-1.3519519567489624
1268,82028,1000,True,-1.345444679260254
1269,81872,1000,True,-1.3378039598464966
1270,81636,1000,True,-1.3292657136917114
1271,81633,1000,True,-1.3176777362823486
1272,82390,1000,True,-1.3030309677124023
1273,81294,1000,True,-1.2819935083389282
1274,81666,1000,True,-1.2562748193740845
1275,82208,1000,True,-1.2276681661605835
1276,82866,1000,True,-1.1929657459259033
1277,81832,1000,True,-1.1496286392211914
1278,82074,1000,True,-1.0950809717178345
1279,81698,1000,True,-1.0278855562210083
1280,81877,1000,True,-0.9542962312698364
1281,82220,1000,True,-0.8665689826011658
1282,82381,1000,True,-0.7609890699386597
1283,82213,1000,True,-0.6263324022293091
1284,82581,1000,True,-0.4613550007343292
1285,80953,1000,True,-0.2747792899608612
1286,82345,1000,True,-0.08334271609783173
1287,82234,1000,True,0.09975647181272507
1288,82043,1000,True,0.27296188473701477
1289,81402,1000,True,0.4357767403125763
1290,30288965,1000,True,-0.24028226733207703
1291,86121,1000,True,-0.30693739652633667
1292,82405,1000,True,-0.3863624334335327
1293,81910,1000,True,-0.4736209511756897
1294,81561,1000,True,-0.5607803463935852
1295,82316,1000,True,-0.6450552940368652
1296,82226,1000,True,-0.7227338552474976
1297,81233,1000,True,-0.7925189733505249
1298,82617,1000,True,-0.8568748235702515
1299,81024,1000,True,-0.9114580750465393
1300,83092,1000,True,-0.9656143188476562
1301,81282,1000,True,-1.0166444778442383
1302,83810,1000,True,-1.0674688816070557
1303,81644,1000,True,-1.1145856380462646
1304,82030,1000,True,-1.1540170907974243
1305,80920,1000,True,-1.1885720491409302
1306,81843,1000,True,-1.2167845964431763
1307,82607,1000,True,-1.242681860923767
1308,82760,1000,True,-1.2677175998687744
1309,81998,1000,True,-1.2885178327560425
1310,82844,1000,True,-1.3059388399124146
1311,84404,1000,True,-1.3188451528549194
1312,81701,1000,True,-1.3303632736206055
1313,81386,1000,True,-1.340039610862732
1314,82710,1000,True,-1.3480418920516968
1315,82188,1000,True,-1.3517463207244873
1316,81242,1000,True,-1.3540152311325073
1317,81372,1000,True,-1.3519519567489624
1318,82724,1000,True,-1.345444679260254
1319,81561,1000,True,-1.3378039598464966
1320,82439,1000,True,-1.3292657136917114
1321,81995,1000,True,-1.3176777362823486
1322,84499,1000,True,-1.3030309677124023
1323,82333,1000,True,-1.2819935083389282
1324,82407,1000,True,-1.2562748193740845
1325,82465,1000,True,-1.2276681661605835
1326,83375,1000,True,-1.1929657459259033
1327,81559,1000,True,-1.1496286392211914
1328,82668,1000,True,-1.0950809717178345
1329,81831,1000,True,-1.0278855562210083
1330,82550,1000,True,-0.9542962312698364
1331,81743,1000,True,-0.8665689826011658
1332,81520,1000,True,-0.7609890699386597
1333,81670,1000,True,-0.6263324022293091
1334,82680,1000,True,-0.4613550007343292
1335,81973,1000,True,-0.2747792899608612
1336,81569,1000,True,-0.08334271609783173
1337,81684,1000,True,0.09975647181272507
1338,82278,1000,True,0.27296188473701477
1339,81286,1000,True,0.4357767403125763
1340,29944157,1000,True,-0.24028226733207703
1341,85035,1000,True,-0.30693739652633667
1342,82940,1000,True,-0.3863624334335327
1343,93754,1000,True,-0.4736209511756897
1344,83852,1000,True,-0.5607803463935852
1345,83085,1000,True,-0.6450552940368652
1346,82473,1000,True,-0.7227338552474976
1347,82098,1000,True,-0.7925189733505249
1348,82604,1000,True,-0.8568748235702515
1349,81504,1000,True,-0.9114580750465393
1350,82766,1000,True,-0.9656143188476562
1351,82767,1000,True,-1.0166444778442383
1352,82457,1000,True,-1.0674688816070557
1353,81599,1000,True,-1.1145856380462646
1354,82902,1000,True,-1.1540170907974243
1355,83510,1000,True,-1.1885720491409302
1356,82738,1000,True,-1.2167845964431763
1357,373677,1000,True,-1.242681860923767
1358,82000,1000,True,-1.2677175998687744
1359,81736,1000,True,-1.2885178327560425
1360,82291,1000,True,-1.3059388399124146
1361,81373,1000,True,-1.3188451528549194
1362,81788,1000,True,-1.3303632736206055
1363,83116,1000,True,-1.340039610862732
1364,82273,1000,True,-1.3480418920516968
1365,81708,1000,True,-1.3517463207244873
1366,81831,1000,True,-1.3540152311325073
1367,82044,1000,True,-1.3519519567489624
1368,82114,1000,True,-1.345444679260254
1369,82230,1000,True,-1.3378039598464966
1370,83003,1000,True,-1.3292657136917114
1371,82111,1000,True,-1.3176777362823486
1372,82820,1000,True,-1.3030309677124023
1373,82438,1000,True,-1.2819935083389282
1374,83102,1000,True,-1.2562748193740845
1375,81282,1000,True,-1.2276681661605835
1376,82165,1000,True,-1.1929657459259033
1377,81320,1000,True,-1.1496286392211914
1378,82368,1000,True,-1.0950809717178345
1379,81988,1000,True,-1.0278855562210083
1380,82435,1000,True,-0.9542962312698364
1381,81245,1000,True,-0.8665689826011658
1382,82116,1000,True,-0.7609890699386597
1383,82678,1000,True,-0.6263324022293091
1384,82276,1000,True,-0.4613550007343292
1385,83321,1000,True,-0.2747792899608612
1386,81912,1000,True,-0.08334271609783173
1387,82305,1000,True,0.09975647181272507
1388,82419,1000,True,0.27296188473701477
1389,81851,1000,True,0.4357767403125763
1390,29969728,1000,True,-0.24028226733207703
1391,86799,1000,True,-0.30693739652633667
1392,83047,1000,True,-0.3863624334335327
1393,81786,1000,True,-0.4736209511756897
1394,83741,1000,True,-0.5607803463935852
1395,81922,1000,True,-0.6450552940368652
1396,82086,1000,True,-0.7227338552474976
1397,84342,1000,True,-0.7925189733505249
1398,83717,1000,True,-0.8568748235702515
1399,81822,1000,True,-0.9114580750465393
1400,82283,1000,True,-0.9656143188476562
1401,82141,1000,True,-1.0166444778442383
1402,82532,1000,True,-1.0674688816070557
1403,82028,1000,True,-1.1145856380462646
1404,82209,1000,True,-1.1540170907974243
1405,81583,1000,True,-1.1885720491409302
1406,82831,1000,True,-1.2167845964431763
1407,81812,1000,True,-1.242681860923767
1408,84727,1000,True,-1.2677175998687744
1409,81250,1000,True,-1.2885178327560425
1410,81891,1000,True,-1.3059388399124146
1411,81957,1000,True,-1.3188451528549194
1412,82295,1000,True,-1.3303632736206055
1413,81954,1000,True,-1.340039610862732
1414,83511,1000,True,-1.3480418920516968
1415,81866,1000,True,-1.3517463207244873
1416,81765,1000,True,-1.3540152311325073
1417,81579,1000,True,-1.3519519567489624
1418,84463,1000,True,-1.345444679260254
1419,81763,1000,True,-1.3378039598464966
1420,82587,1000,True,-1.3292657136917114
1421,81741,1000,True,-1.3176777362823486
1422,82165,1000,True,-1.3030309677124023
1423,82077,1000,True,-1.2819935083389282
1424,82134,1000,True,-1.2562748193740845
1425,82491,1000,True,-1.2276681661605835
1426,82762,1000,True,-1.1929657459259033
1427,82749,1000,True,-1.1496286392211914
1428,82120,1000,True,-1.0950809717178345
1429,84059,1000,True,-1.0278855562210083
1430,82493,1000,True,-0.9542962312698364
1431,82283,1000,True,-0.8665689826011658
1432,81448,1000,True,-0.7609890699386597
1433,81764,1000,True,-0.6263324022293091
1434,82485,1000,True,-0.4613550007343292
1435,81303,1000,True,-0.2747792899608612
1436,82407,1000,True,-0.08334271609783173
1437,82310,1000,True,0.09975647181272507
1438,82192,1000,True,0.27296188473701477
1439,81875,1000,True,0.4357767403125763
1440,30306501,1000,True,-0.24028226733207703
1441,85627,1000,True,-0.30693739652633667
1442,83798,1000,True,-0.3863624334335327
1443,82735,1000,True,-0.4736209511756897
1444,82350,1000,True,-0.5607803463935852
1445,81799,1000,True,-0.6450552940368652
1446,82062,1000,True,-0.7227338552474976
1447,81803,1000,True,-0.7925189733505249
1448,84807,1000,True,-0.8568748235702515
1449,81317,1000,True,-0.9114580750465393
1450,82071,1000,True,-0.9656143188476562
1451,81848,1000,True,-1.0166444778442383
1452,82282,1000,True,-1.0674688816070557
1453,81744,1000,True,-1.1145856380462646
1454,82378,1000,True,-1.1540170907974243
1455,82422,1000,True,-1.1885720491409302
1456,82427,1000,True,-1.2167845964431763
1457,81745,1000,True,-1.242681860923767
1458,82623,1000,True,-1.2677175998687744
1459,84813,1000,True,-1.2885178327560425
1460,82878,1000,True,-1.3059388399124146
1461,81623,1000,True,-1.3188451528549194
1462,82605,1000,True,-1.3303632736206055
1463,81549,1000,True,-1.340039610862732
1464,82217,1000,True,-1.3480418920516968
1465,81434,1000,True,-1.3517463207244873
1466,82806,1000,True,-1.3540152311325073
1467,82459,1000,True,-1.3519519567489624
1468,82576,1000,True,-1.345444679260254
1469,82187,1000,True,-1.3378039598464966
1470,84122,1000,True,-1.3292657136917114
1471,82175,1000,True,-1.3176777362823486
1472,82292,1000,True,-1.3030309677124023
1473,82081,1000,True,-1.2819935083389282
1474,82806,1000,True,-1.2562748193740845
1475,81444,1000,True,-1.2276681661605835
1476,82146,1000,True,-1.1929657459259033
1477,82014,1000,True,-1.1496286392211914
1478,81920,1000,True,-1.0950809717178345
1479,81803,1000,True,-1.0278855562210083
1480,82339,1000,True,-0.9542962312698364
1481,83786,1000,True,-0.8665689826011658
1482,81875,1000,True,-0.7609890699386597
1483,81329,1000,True,-0.6263324022293091
1484,83285,1000,True,-0.4613550007343292
1485,81290,1000,True,-0.2747792899608612
1486,81976,1000,True,-0.08334271609783173
1487,81625,1000,True,0.09975647181272507
1488,81944,1000,True,0.27296188473701477
1489,82474,1000,True,0.4357767403125763
1490,30286207,1000,True,-0.24028226733207703
1491,86019,1000,True,-0.30693739652633667
1492,82582,1000,True,-0.3863624334335327
1493,81723,1000,True,-0.4736209511756897
1494,83244,1000,True,-0.5607803463935852
1495,82478,1000,True,-0.6450552940368652
1496,82760,1000,True,-0.7227338552474976
1497,82315,1000,True,-0.7925189733505249
1498,82642,1000,True,-0.8568748235702515
1499,82282,1000,True,-0.9114580750465393
1500,84167,1000,True,-0.9656143188476562
1501,82171,1000,True,-1.0166444778442383
1502,82372,1000,True,-1.0674688816070557
1503,81691,1000,True,-1.1145856380462646
1504,82515,1000,True,-1.1540170907974243
1505,81499,1000,True,-1.1885720491409302
1506,81916,1000,True,-1.2167845964431763
1507,82163,1000,True,-1.242681860923767
1508,81704,1000,True,-1.2677175998687744
1509,81080,1000,True,-1.2885178327560425
1510,81771,1000,True,-1.3059388399124146
1511,83576,1000,True,-1.3188451528549194
1512,81785,1000,True,-1.3303632736206055
1513,82183,1000,True,-1.340039610862732
1514,82819,1000,True,-1.3480418920516968
1515,82808,1000,True,-1.3517463207244873
1516,81425,1000,True,-1.3540152311325073
1517,81313,1000,True,-1.3519519567489624
1518,82851,1000,True,-1.345444679260254
1519,82470,1000,True,-1.3378039598464966
1520,83146,1000,True,-1.3292657136917114
1521,81514,1000,True,-1.3176777362823486
1522,84217,1000,True,-1.3030309677124023
1523,81680,1000,True,-1.2819935083389282
1524,82152,1000,True,-1.2562748193740845
1525,82053,1000,True,-1.2276681661605835
1526,82821,1000,True,-1.1929657459259033
1527,82201,1000,True,-1.1496286392211914
1528,82299,1000,True,-1.0950809717178345
1529,86883,1000,True,-1.0278855562210083
1530,83998,1000,True,-0.9542962312698364
1531,82083,1000,True,-0.8665689826011658
1532,82986,1000,True,-0.7609890699386597
1533,83554,1000,True,-0.6263324022293091
1534,82371,1000,True,-0.4613550007343292
1535,82584,1000,True,-0.2747792899608612
1536,82855,1000,True,-0.08334271609783173
1537,81421,1000,True,0.09975647181272507
1538,82210,1000,True,0.27296188473701477
1539,82039,1000,True,0.4357767403125763
1540,30280604,1000,True,-0.24028226733207703
1541,87113,1000,True,-0.30693739652633667
1542,83323,1000,True,-0.3863624334335327
1543,82168,1000,True,-0.4736209511756897
1544,82575,1000,True,-0.5607803463935852
1545,82293,1000,True,-0.6450552940368652
1546,82711,1000,True,-0.7227338552474976
1547,82214,1000,True,-0.7925189733505249
1548,82456,1000,True,-0.8568748235702515
1549,81693,1000,True,-0.9114580750465393
1550,81865,1000,True,-0.9656143188476562
1551,82162,1000,True,-1.0166444778442383
1552,84674,1000,True,-1.0674688816070557
1553,81485,1000,True,-1.1145856380462646
1554,82382,1000,True,-1.1540170907974243
1555,82447,1000,True,-1.1885720491409302
1556,82840,1000,True,-1.2167845964431763
1557,81507,1000,True,-1.242681860923767
1558,82639,1000,True,-1.2677175998687744
1559,81626,1000,True,-1.2885178327560425
1560,83446,1000,True,-1.3059388399124146
1561,81694,1000,True,-1.3188451528549194
1562,81881,1000,True,-1.3303632736206055
1563,84229,1000,True,-1.340039610862732
1564,82368,1000,True,-1.3480418920516968
1565,82523,1000,True,-1.3517463207244873
1566,82613,1000,True,-1.3540152311325073
1567,81785,1000,True,-1.3519519567489624
1568,82493,1000,True,-1.345444679260254
1569,81736,1000,True,-1.3378039598464966
1570,82172,1000,True,-1.3292657136917114
1571,82088,1000,True,-1.3176777362823486
1572,81776,1000,True,-1.3030309677124023
1573,82257,1000,True,-1.2819935083389282
1574,83770,1000,True,-1.2562748193740845
1575,82349,1000,True,-1.2276681661605835
1576,82492,1000,True,-1.1929657459259033
1577,81525,1000,True,-1.1496286392211914
1578,81600,1000,True,-1.0950809717178345
1579,81999,1000,True,-1.0278855562210083
1580,82015,1000,True,-0.9542962312698364
1581,81189,1000,True,-0.8665689826011658
1582,81595,1000,True,-0.7609890699386597
1583,81967,1000,True,-0.6263324022293091
1584,82173,1000,True,-0.4613550007343292
1585,84082,1000,True,-0.2747792899608612
1586,82685,1000,True,-0.08334271609783173
1587,81972,1000,True,0.09975647181272507
1588,81865,1000,True,0.27296188473701477
1589,81682,1000,True,0.4357767403125763
1590,30271939,1000,True,-0.24028226733207703
1591,85930,1000,True,-0.30693739652633667
1592,82544,1000,True,-0.3863624334335327
1593,81774,1000,True,-0.4736209511756897
1594,87607,1000,True,-0.5607803463935852
1595,82718,1000,True,-0.6450552940368652
1596,82006,1000,True,-0.7227338552474976
1597,81876,1000,True,-0.7925189733505249
1598,82107,1000,True,-0.8568748235702515
1599,82838,1000,True,-0.9114580750465393
1600,82038,1000,True,-0.9656143188476562
1601,81375,1000,True,-1.0166444778442383
1602,81915,1000,True,-1.0674688816070557
1603,82271,1000,True,-1.1145856380462646
1604,82850,1000,True,-1.1540170907974243
1605,82095,1000,True,-1.1885720491409302
1606,82291,1000,True,-1.2167845964431763
1607,81753,1000,True,-1.242681860923767
1608,81940,1000,True,-1.2677175998687744
1609,81342,1000,True,-1.2885178327560425
1610,81788,1000,True,-1.3059388399124146
1611,81223,1000,True,-1.3188451528549194
1612,81604,1000,True,-1.3303632736206055
1613,81152,1000,True,-1.340039610862732
1614,82191,1000,True,-1.3480418920516968
1615,81371,1000,True,-1.3517463207244873
1616,83645,1000,True,-1.3540152311325073
1617,81582,1000,True,-1.3519519567489624
1618,82741,1000,True,-1.345444679260254
1619,81450,1000,True,-1.3378039598464966
1620,81562,1000,True,-1.3292657136917114
1621,81262,1000,True,-1.3176777362823486
1622,82560,1000,True,-1.3030309677124023
1623,82637,1000,True,-1.2819935083389282
1624,82187,1000,True,-1.2562748193740845
1625,81900,1000,True,-1.2276681661605835
1626,84808,1000,True,-1.1929657459259033
1627,81504,1000,True,-1.1496286392211914
1628,81894,1000,True,-1.0950809717178345
1629,82485,1000,True,-1.0278855562210083
1630,82456,1000,True,-0.9542962312698364
1631,81390,1000,True,-0.8665689826011658
1632,82184,1000,True,-0.7609890699386597
1633,82473,1000,True,-0.6263324022293091
1634,82306,1000,True,-0.4613550007343292
1635,82607,1000,True,-0.2747792899608612
1636,81603,1000,True,-0.08334271609783173
1637,84378,1000,True,0.09975647181272507
1638,81718,1000,True,0.27296188473701477
1639,81445,1000,True,0.4357767403125763
1640,30296041,1000,True,-0.24028226733207703
1641,87252,1000,True,-0.30693739652633667
1642,84001,1000,True,-0.3863624334335327
1643,82324,1000,True,-0.4736209511756897
1644,82125,1000,True,-0.5607803463935852
1645,81726,1000,True,-0.6450552940368652
1646,82858,1000,True,-0.7227338552474976
1647,82529,1000,True,-0.7925189733505249
1648,82682,1000,True,-0.8568748235702515
1649,81985,1000,True,-0.9114580750465393
1650,82348,1000,True,-0.9656143188476562
1651,81789,1000,True,-1.0166444778442383
1652,82043,1000,True,-1.0674688816070557
1653,81136,1000,True,-1.1145856380462646
1654,81520,1000,True,-1.1540170907974243
1655,81684,1000,True,-1.1885720491409302
1656,81893,1000,True,-1.2167845964431763
1657,82224,1000,True,-1.242681860923767
1658,82232,1000,True,-1.2677175998687744
1659,81929,1000,True,-1.2885178327560425
1660,81714,1000,True,-1.3059388399124146
1661,82005,1000,True,-1.3188451528549194
1662,81902,1000,True,-1.3303632736206055
1663,81114,1000,True,-1.340039610862732
1664,82798,1000,True,-1.3480418920516968
1665,82416,1000,True,-1.3517463207244873
1666,82777,1000,True,-1.3540152311325073
1667,82685,1000,True,-1.3519519567489624
1668,82717,1000,True,-1.345444679260254
1669,82091,1000,True,-1.3378039598464966
1670,81813,1000,True,-1.3292657136917114
1671,82246,1000,True,-1.3176777362823486
1672,82212,1000,True,-1.3030309677124023
1673,81368,1000,True,-1.2819935083389282
1674,82185,1000,True,-1.2562748193740845
1675,82607,1000,True,-1.2276681661605835
1676,82289,1000,True,-1.1929657459259033
1677,81793,1000,True,-1.1496286392211914
1678,83741,1000,True,-1.0950809717178345
1679,82021,1000,True,-1.0278855562210083
1680,81913,1000,True,-0.9542962312698364
1681,81201,1000,True,-0.8665689826011658
1682,81922,1000,True,-0.7609890699386597
1683,82038,1000,True,-0.6263324022293091
1684,82410,1000,True,-0.4613550007343292
1685,81102,1000,True,-0.2747792899608612
1686,82423,1000,True,-0.08334271609783173
1687,81905,1000,True,0.09975647181272507
1688,82088,1000,True,0.27296188473701477
1689,84282,1000,True,0.4357767403125763
1690,30301360,1000,True,-0.24028226733207703
1691,87826,1000,True,-0.30693739652633667
1692,83826,1000,True,-0.3863624334335327
1693,82314,1000,True,-0.4736209511756897
1694,82413,1000,True,-0.5607803463935852
1695,82117,1000,True,-0.6450552940368652
1696,82305,1000,True,-0.7227338552474976
1697,100867,1000,True,-0.7925189733505249
1698,106274,1000,True,-0.8568748235702515
1699,109238,1000,True,-0.9114580750465393
1700,89927,1000,True,-0.9656143188476562
1701,90052,1000,True,-1.0166444778442383
1702,94685,1000,True,-1.0674688816070557
1703,89421,1000,True,-1.1145856380462646
1704,91725,1000,True,-1.1540170907974243
1705,96824,1000,True,-1.1885720491409302
1706,82038,1000,True,-1.2167845964431763
1707,87252,1000,True,-1.242681860923767
1708,82223,1000,True,-1.2677175998687744
1709,92666,1000,True,-1.2885178327560425
1710,93034,1000,True,-1.3059388399124146
1711,91491,1000,True,-1.3188451528549194
1712,89935,1000,True,-1.3303632736206055
1713,87448,1000,True,-1.340039610862732
1714,89368,1000,True,-1.3480418920516968
1715,87575,1000,True,-1.3517463207244873
1716,83414,1000,True,-1.3540152311325073
1717,83518,1000,True,-1.3519519567489624
1718,82309,1000,True,-1.345444679260254
1719,81927,1000,True,-1.3378039598464966
1720,81573,1000,True,-1.3292657136917114
1721,81198,1000,True,-1.3176777362823486
1722,82064,1000,True,-1.3030309677124023
1723,82123,1000,True,-1.2819935083389282
1724,82404,1000,True,-1.2562748193740845
1725,81454,1000,True,-1.2276681661605835
1726,82387,1000,True,-1.1929657459259033
1727,82126,1000,True,-1.1496286392211914
1728,84826,1000,True,-1.0950809717178345
1729,82034,1000,True,-1.0278855562210083
1730,81936,1000,True,-0.9542962312698364
1731,82383,1000,True,-0.8665689826011658
1732,82257,1000,True,-0.7609890699386597
1733,82040,1000,True,-0.6263324022293091
1734,83021,1000,True,-0.4613550007343292
1735,82431,1000,True,-0.2747792899608612
1736,82023,1000,True,-0.08334271609783173
1737,81649,1000,True,0.09975647181272507
1738,82954,1000,True,0.27296188473701477
1739,82148,1000,True,0.4357767403125763
1740,30024827,1000,True,-0.24028226733207703
1741,86433,1000,True,-0.30693739652633667
1742,84035,1000,True,-0.3863624334335327
1743,82820,1000,True,-0.4736209511756897
1744,83121,1000,True,-0.5607803463935852
1745,82213,1000,True,-0.6450552940368652
1746,83151,1000,True,-0.7227338552474976
1747,82657,1000,True,-0.7925189733505249
1748,82858,1000,True,-0.8568748235702515
1749,81878,1000,True,-0.9114580750465393
1750,84720,1000,True,-0.9656143188476562
1751,82339,1000,True,-1.0166444778442383
1752,83036,1000,True,-1.0674688816070557
1753,82361,1000,True,-1.1145856380462646
1754,82164,1000,True,-1.1540170907974243
1755,82285,1000,True,-1.1885720491409302
1756,82655,1000,True,-1.2167845964431763
1757,81610,1000,True,-1.242681860923767
1758,82340,1000,True,-1.2677175998687744
1759,82515,1000,True,-1.2885178327560425
1760,82499,1000,True,-1.3059388399124146
1761,83910,1000,True,-1.3188451528549194
1762,82835,1000,True,-1.3303632736206055
1763,82175,1000,True,-1.340039610862732
1764,82682,1000,True,-1.3480418920516968
1765,82419,1000,True,-1.3517463207244873
1766,82597,1000,True,-1.3540152311325073
1767,82128,1000,True,-1.3519519567489624
1768,83576,1000,True,-1.345444679260254
1769,82541,1000,True,-1.3378039598464966
1770,82590,1000,True,-1.3292657136917114
1771,83874,1000,True,-1.3176777362823486
1772,82530,1000,True,-1.3030309677124023
1773,82341,1000,True,-1.2819935083389282
1774,82466,1000,True,-1.2562748193740845
1775,81307,1000,True,-1.2276681661605835
1776,82343,1000,True,-1.1929657459259033
1777,80805,1000,True,-1.1496286392211914
1778,82068,1000,True,-1.0950809717178345
1779,81917,1000,True,-1.0278855562210083
1780,82274,1000,True,-0.9542962312698364
1781,82321,1000,True,-0.8665689826011658
1782,86305,1000,True,-0.7609890699386597
1783,82130,1000,True,-0.6263324022293091
1784,82515,1000,True,-0.4613550007343292
1785,81910,1000,True,-0.2747792899608612
1786,82333,1000,True,-0.08334271609783173
1787,82431,1000,True,0.09975647181272507
1788,82140,1000,True,0.27296188473701477
1789,81993,1000,True,0.4357767403125763
1790,30316934,1000,True,-0.24028226733207703
1791,86379,1000,True,-0.30693739652633667
1792,83033,1000,True,-0.3863624334335327
1793,81700,1000,True,-0.4736209511756897
1794,83237,1000,True,-0.5607803463935852
1795,81432,1000,True,-0.6450552940368652
1796,82186,1000,True,-0.7227338552474976
1797,82031,1000,True,-0.7925189733505249
1798,82976,1000,True,-0.8568748235702515
1799,81790,1000,True,-0.9114580750465393
1800,82834,1000,True,-0.9656143188476562
1801,84438,1000,True,-1.0166444778442383
1802,82582,1000,True,-1.0674688816070557
1803,81563,1000,True,-1.1145856380462646
1804,81354,1000,True,-1.1540170907974243
1805,81991,1000,True,-1.1885720491409302
1806,82302,1000,True,-1.2167845964431763
1807,81478,1000,True,-1.242681860923767
1808,81979,1000,True,-1.2677175998687744
1809,82448,1000,True,-1.2885178327560425
1810,82907,1000,True,-1.3059388399124146
1811,81468,1000,True,-1.3188451528549194
1812,84329,1000,True,-1.3303632736206055
1813,81987,1000,True,-1.340039610862732
1814,82451,1000,True,-1.3480418920516968
1815,82290,1000,True,-1.3517463207244873
1816,82032,1000,True,-1.3540152311325073
1817,81214,1000,True,-1.3519519567489624
1818,82325,1000,True,-1.345444679260254
1819,82441,1000,True,-1.3378039598464966
1820,82347,1000,True,-1.3292657136917114
1821,82042,1000,True,-1.3176777362823486
1822,81743,1000,True,-1.3030309677124023
1823,83626,1000,True,-1.2819935083389282
1824,82420,1000,True,-1.2562748193740845
1825,82652,1000,True,-1.2276681661605835
1826,82975,1000,True,-1.1929657459259033
1827,82558,1000,True,-1.1496286392211914
1828,82187,1000,True,-1.0950809717178345
1829,81357,1000,True,-1.0278855562210083
1830,82405,1000,True,-0.9542962312698364
1831,81576,1000,True,-0.8665689826011658
1832,81792,1000,True,-0.7609890699386597
1833,82398,1000,True,-0.6263324022293091
1834,82782,1000,True,-0.4613550007343292
1835,82210,1000,True,-0.2747792899608612
1836,81724,1000,True,-0.08334271609783173
1837,81735,1000,True,0.09975647181272507
1838,82540,1000,True,0.27296188473701477
1839,81956,1000,True,0.4357767403125763
1840,30289036,1000,True,-0.24028226733207703
1841,85408,1000,True,-0.30693739652633667
1842,85892,1000,True,-0.3863624334335327
1843,81845,1000,True,-0.4736209511756897
1844,82534,1000,True,-0.5607803463935852
1845,82323,1000,True,-0.6450552940368652
1846,81992,1000,True,-0.7227338552474976
1847,82167,1000,True,-0.7925189733505249
1848,81886,1000,True,-0.8568748235702515
1849,81661,1000,True,-0.9114580750465393
1850,82490,1000,True,-0.9656143188476562
1851,82602,1000,True,-1.0166444778442383
1852,82285,1000,True,-1.0674688816070557
1853,83757,1000,True,-1.1145856380462646
1854,82064,1000,True,-1.1540170907974243
1855,81365,1000,True,-1.1885720491409302
1856,82254,1000,True,-1.2167845964431763
1857,81601,1000,True,-1.242681860923767
1858,82460,1000,True,-1.2677175998687744
1859,82391,1000,True,-1.2885178327560425
1860,81422,1000,True,-1.3059388399124146
1861,82128,1000,True,-1.3188451528549194
1862,82277,1000,True,-1.3303632736206055
1863,82935,1000,True,-1.340039610862732
1864,83790,1000,True,-1.3480418920516968
1865,82255,1000,True,-1.3517463207244873
1866,81642,1000,True,-1.3540152311325073
1867,82405,1000,True,-1.3519519567489624
1868,81902,1000,True,-1.345444679260254
1869,80731,1000,True,-1.3378039598464966
1870,82570,1000,True,-1.3292657136917114
1871,82142,1000,True,-1.3176777362823486
1872,81815,1000,True,-1.3030309677124023
1873,81354,1000,True,-1.2819935083389282
1874,81838,1000,True,-1.2562748193740845
1875,84051,1000,True,-1.2276681661605835
1876,82794,1000,True,-1.1929657459259033
1877,82426,1000,True,-1.1496286392211914
1878,82182,1000,True,-1.0950809717178345
1879,81491,1000,True,-1.0278855562210083
1880,82007,1000,True,-0.9542962312698364
1881,81998,1000,True,-0.8665689826011658
1882,82065,1000,True,-0.7609890699386597
1883,82085,1000,True,-0.6263324022293091
1884,82871,1000,True,-0.4613550007343292
1885,81140,1000,True,-0.2747792899608612
1886,86011,1000,True,-0.08334271609783173
1887,82298,1000,True,0.09975647181272507
1888,82117,1000,True,0.27296188473701477
1889,81858,1000,True,0.4357767403125763
1890,30285430,1000,True,-0.24028226733207703
1891,86534,1000,True,-0.30693739652633667
1892,83397,1000,True,-0.3863624334335327
1893,83256,1000,True,-0.4736209511756897
1894,84169,1000,True,-0.5607803463935852
1895,82018,1000,True,-0.6450552940368652
1896,82419,1000,True,-0.7227338552474976
1897,82682,1000,True,-0.7925189733505249
1898,82734,1000,True,-0.8568748235702515
1899,82909,1000,True,-0.9114580750465393
1900,82075,1000,True,-0.9656143188476562
1901,81731,1000,True,-1.0166444778442383
1902,82606,1000,True,-1.0674688816070557
1903,81717,1000,True,-1.1145856380462646
1904,82663,1000,True,-1.1540170907974243
1905,81840,1000,True,-1.1885720491409302
1906,83630,1000,True,-1.2167845964431763
1907,82383,1000,True,-1.242681860923767
1908,82023,1000,True,-1.2677175998687744
1909,82106,1000,True,-1.2885178327560425
1910,82777,1000,True,-1.3059388399124146
1911,82364,1000,True,-1.3188451528549194
1912,81953,1000,True,-1.3303632736206055
1913,81612,1000,True,-1.340039610862732
1914,83863,1000,True,-1.3480418920516968
1915,82442,1000,True,-1.3517463207244873
1916,83268,1000,True,-1.3540152311325073
1917,82015,1000,True,-1.3519519567489624
1918,81954,1000,True,-1.345444679260254
1919,81748,1000,True,-1.3378039598464966
1920,82681,1000,True,-1.3292657136917114
1921,82388,1000,True,-1.3176777362823486
1922,81408,1000,True,-1.3030309677124023
1923,82438,1000,True,-1.2819935083389282
1924,83053,1000,True,-1.2562748193740845
1925,81105,1000,True,-1.2276681661605835
1926,82732,1000,True,-1.1929657459259033
1927,82804,1000,True,-1.1496286392211914
1928,81583,1000,True,-1.0950809717178345
1929,82021,1000,True,-1.0278855562210083
1930,81849,1000,True,-0.9542962312698364
1931,81998,1000,True,-0.8665689826011658
1932,81949,1000,True,-0.7609890699386597
1933,81310,1000,True,-0.6263324022293091
1934,82761,1000,True,-0.4613550007343292
1935,82358,1000,True,-0.2747792899608612
1936,81539,1000,True,-0.08334271609783173
1937,81206,1000,True,0.09975647181272507
1938,84351,1000,True,0.27296188473701477
1939,82132,1000,True,0.4357767403125763
1940,30303207,1000,True,-0.24028226733207703
1941,85139,1000,True,-0.30693739652633667
1942,83258,1000,True,-0.3863624334335327
1943,82180,1000,True,-0.4736209511756897
1944,82470,1000,True,-0.5607803463935852
1945,81845,1000,True,-0.6450552940368652
1946,85640,1000,True,-0.7227338552474976
1947,82928,1000,True,-0.7925189733505249
1948,82917,1000,True,-0.8568748235702515
1949,82174,1000,True,-0.9114580750465393
1950,82104,1000,True,-0.9656143188476562
1951,81668,1000,True,-1.0166444778442383
1952,83154,1000,True,-1.0674688816070557
1953,81947,1000,True,-1.1145856380462646
1954,81960,1000,True,-1.1540170907974243
1955,82311,1000,True,-1.1885720491409302
1956,81937,1000,True,-1.2167845964431763
1957,83552,1000,True,-1.242681860923767
1958,82761,1000,True,-1.2677175998687744
1959,81845,1000,True,-1.2885178327560425
1960,82175,1000,True,-1.3059388399124146
1961,82156,1000,True,-1.3188451528549194
1962,82102,1000,True,-1.3303632736206055
1963,82148,1000,True,-1.340039610862732
1964,82015,1000,True,-1.3480418920516968
1965,82018,1000,True,-1.3517463207244873
1966,82928,1000,True,-1.3540152311325073
1967,81868,1000,True,-1.3519519567489624
1968,84423,1000,True,-1.345444679260254
1969,81541,1000,True,-1.3378039598464966
1970,82176,1000,True,-1.3292657136917114
1971,81861,1000,True,-1.3176777362823486
1972,82542,1000,True,-1.3030309677124023
1973,83107,1000,True,-1.2819935083389282
1974,82200,1000,True,-1.2562748193740845
1975,82009,1000,True,-1.2276681661605835
1976,82722,1000,True,-1.1929657459259033
1977,81867,1000,True,-1.1496286392211914
1978,82268,1000,True,-1.0950809717178345
1979,84011,1000,True,-1.0278855562210083
1980,82228,1000,True,-0.9542962312698364
1981,81553,1000,True,-0.8665689826011658
1982,82049,1000,True,-0.7609890699386597
1983,82064,1000,True,-0.6263324022293091
1984,82629,1000,True,-0.4613550007343292
1985,81358,1000,True,-0.2747792899608612
1986,82905,1000,True,-0.08334271609783173
1987,81983,1000,True,0.09975647181272507
1988,83122,1000,True,0.27296188473701477
1989,82234,1000,True,0.4357767403125763
1990,30283700,1000,True,-0.24028226733207703
1991,85866,1000,True,-0.30693739652633667
1992,83796,1000,True,-0.3863624334335327
1993,82055,1000,True,-0.4736209511756897
1994,82754,1000,True,-0.5607803463935852
1995,82719,1000,True,-0.6450552940368652
1996,82136,1000,True,-0.7227338552474976
1997,81674,1000,True,-0.7925189733505249
1998,82793,1000,True,-0.8568748235702515
1999,81420,1000,True,-0.9114580750465393
2000,81720,1000,True,-0.9656143188476562
2001,81865,1000,True,-1.0166444778442383
2002,82333,1000,True,-1.0674688816070557
2003,81700,1000,True,-1.1145856380462646
2004,82785,1000,True,-1.1540170907974243
2005,82323,1000,True,-1.1885720491409302
2006,82801,1000,True,-1.2167845964431763
2007,81701,1000,True,-1.242681860923767
2008,81787,1000,True,-1.2677175998687744
2009,81854,1000,True,-1.2885178327560425
2010,82896,1000,True,-1.3059388399124146
2011,81646,1000,True,-1.3188451528549194
2012,82553,1000,True,-1.3303632736206055
2013,82494,1000,True,-1.340039610862732
2014,82197,1000,True,-1.3480418920516968
2015,81651,1000,True,-1.3517463207244873
2016,82084,1000,True,-1.3540152311325073
2017,82409,1000,True,-1.3519519567489624
2018,83345,1000,True,-1.345444679260254
2019,82642,1000,True,-1.3378039598464966
2020,82756,1000,True,-1.3292657136917114
2021,82090,1000,True,-1.3176777362823486
2022,82316,1000,True,-1.3030309677124023
2023,80874,1000,True,-1.2819935083389282
2024,81609,1000,True,-1.2562748193740845
2025,81950,1000,True,-1.2276681661605835
2026,82348,1000,True,-1.1929657459259033
2027,81831,1000,True,-1.1496286392211914
2028,82532,1000,True,-1.0950809717178345
2029,81297,1000,True,-1.0278855562210083
2030,81905,1000,True,-0.9542962312698364
2031,84021,1000,True,-0.8665689826011658
2032,82588,1000,True,-0.7609890699386597
2033,82164,1000,True,-0.6263324022293091
2034,82445,1000,True,-0.4613550007343292
2035,82176,1000,True,-0.2747792899608612
2036,81608,1000,True,-0.08334271609783173
2037,81694,1000,True,0.09975647181272507
2038,82845,1000,True,0.27296188473701477
2039,82406,1000,True,0.4357767403125763
2040,30349878,1000,True,-0.24028226733207703
2041,85904,1000,True,-0.30693739652633667
2042,83853,1000,True,-0.3863624334335327
2043,82610,1000,True,-0.4736209511756897
2044,82628,1000,True,-0.5607803463935852
2045,82307,1000,True,-0.6450552940368652
2046,82139,1000,True,-0.7227338552474976
2047,82107,1000,True,-0.7925189733505249
2048,82319,1000,True,-0.8568748235702515
2049,82016,1000,True,-0.9114580750465393
2050,85541,1000,True,-0.9656143188476562
2051,82039,1000,True,-1.0166444778442383
2052,82556,1000,True,-1.0674688816070557
2053,81380,1000,True,-1.1145856380462646
2054,82173,1000,True,-1.1540170907974243
2055,82286,1000,True,-1.1885720491409302
2056,82102,1000,True,-1.2167845964431763
2057,82962,1000,True,-1.242681860923767
2058,82169,1000,True,-1.2677175998687744
2059,81806,1000,True,-1.2885178327560425
2060,82262,1000,True,-1.3059388399124146
2061,81940,1000,True,-1.3188451528549194
2062,83112,1000,True,-1.3303632736206055
2063,82111,1000,True,-1.340039610862732
2064,82021,1000,True,-1.3480418920516968
2065,81208,1000,True,-1.3517463207244873
2066,82530,1000,True,-1.3540152311325073
2067,82164,1000,True,-1.3519519567489624
2068,81745,1000,True,-1.345444679260254
2069,82196,1000,True,-1.3378039598464966
2070,83291,1000,True,-1.3292657136917114
2071,82538,1000,True,-1.3176777362823486
2072,82424,1000,True,-1.3030309677124023
2073,82041,1000,True,-1.2819935083389282
2074,82162,1000,True,-1.2562748193740845
2075,82576,1000,True,-1.2276681661605835
2076,82506,1000,True,-1.1929657459259033
2077,82185,1000,True,-1.1496286392211914
2078,81581,1000,True,-1.0950809717178345
2079,81940,1000,True,-1.0278855562210083
2080,82643,1000,True,-0.9542962312698364
2081,81861,1000,True,-0.8665689826011658
2082,82566,1000,True,-0.7609890699386597
2083,81519,1000,True,-0.6263324022293091
2084,81989,1000,True,-0.4613550007343292
2085,81377,1000,True,-0.2747792899608612
2086,82343,1000,True,-0.08334271609783173
2087,81915,1000,True,0.09975647181272507
2088,82530,1000,True,0.27296188473701477
2089,81764,1000,True,0.4357767403125763
2090,30397708,1000,True,-0.24028226733207703
2091,86747,1000,True,-0.30693739652633667
2092,83381,1000,True,-0.3863624334335327
2093,82709,1000,True,-0.4736209511756897
2094,82635,1000,True,-0.5607803463935852
2095,82593,1000,True,-0.6450552940368652
2096,82208,1000,True,-0.7227338552474976
2097,81455,1000,True,-0.7925189733505249
2098,82505,1000,True,-0.8568748235702515
2099,82474,1000,True,-0.9114580750465393
2100,86026,1000,True,-0.9656143188476562
2101,82167,1000,True,-1.0166444778442383
2102,82808,1000,True,-1.0674688816070557
2103,81461,1000,True,-1.1145856380462646
2104,83462,1000,True,-1.1540170907974243
2105,81457,1000,True,-1.1885720491409302
2106,82173,1000,True,-1.2167845964431763
2107,81524,1000,True,-1.242681860923767
2108,81959,1000,True,-1.2677175998687744
2109,81075,1000,True,-1.2885178327560425
2110,82560,1000,True,-1.3059388399124146
2111,83965,1000,True,-1.3188451528549194
2112,82054,1000,True,-1.3303632736206055
2113,80881,1000,True,-1.340039610862732
2114,82378,1000,True,-1.3480418920516968
2115,81758,1000,True,-1.3517463207244873
2116,81523,1000,True,-1.3540152311325073
2117,81341,1000,True,-1.3519519567489624
2118,83100,1000,True,-1.345444679260254
2119,82005,1000,True,-1.3378039598464966
2120,82496,1000,True,-1.3292657136917114
2121,82640,1000,True,-1.3176777362823486
2122,95220,1000,True,-1.3030309677124023
2123,81899,1000,True,-1.2819935083389282
2124,81845,1000,True,-1.2562748193740845
2125,80907,1000,True,-1.2276681661605835
2126,82820,1000,True,-1.1929657459259033
2127,81855,1000,True,-1.1496286392211914
2128,81627,1000,True,-1.0950809717178345
2129,82383,1000,True,-1.0278855562210083
2130,83411,1000,True,-0.9542962312698364
2131,81388,1000,True,-0.8665689826011658
2132,82862,1000,True,-0.7609890699386597
2133,89804,1000,True,-0.6263324022293091
2134,82937,1000,True,-0.4613550007343292
2135,377146,1000,True,-0.2747792899608612
2136,82629,1000,True,-0.08334271609783173
2137,82148,1000,True,0.09975647181272507
2138,82904,1000,True,0.27296188473701477
2139,82119,1000,True,0.4357767403125763
2140,30020237,1000,True,-0.24028226733207703
2141,88912,1000,True,-0.30693739652633667
2142,83485,1000,True,-0.3863624334335327
2143,82761,1000,True,-0.4736209511756897
2144,82560,1000,True,-0.5607803463935852
2145,81799,1000,True,-0.6450552940368652
2146,83201,1000,True,-0.7227338552474976
2147,81989,1000,True,-0.7925189733505249
2148,82385,1000,True,-0.8568748235702515
2149,81628,1000,True,-0.9114580750465393
2150,82502,1000,True,-0.9656143188476562
2151,81997,1000,True,-1.0166444778442383
2152,85563,1000,True,-1.0674688816070557
2153,82115,1000,True,-1.1145856380462646
2154,82860,1000,True,-1.1540170907974243
2155,82078,1000,True,-1.1885720491409302
2156,82571,1000,True,-1.2167845964431763
2157,81700,1000,True,-1.242681860923767
2158,81674,1000,True,-1.2677175998687744
2159,81869,1000,True,-1.2885178327560425
2160,82677,1000,True,-1.3059388399124146
2161,82096,1000,True,-1.3188451528549194
2162,82104,1000,True,-1.3303632736206055
2163,82393,1000,True,-1.340039610862732
2164,82999,1000,True,-1.3480418920516968
2165,82717,1000,True,-1.3517463207244873
2166,82368,1000,True,-1.3540152311325073
2167,81735,1000,True,-1.3519519567489624
2168,82575,1000,True,-1.345444679260254
2169,82724,1000,True,-1.3378039598464966
2170,82567,1000,True,-1.3292657136917114
2171,82304,1000,True,-1.3176777362823486
2172,82490,1000,True,-1.3030309677124023
2173,84074,1000,True,-1.2819935083389282
2174,82542,1000,True,-1.2562748193740845
2175,82588,1000,True,-1.2276681661605835
2176,81738,1000,True,-1.1929657459259033
2177,80876,1000,True,-1.1496286392211914
2178,82481,1000,True,-1.0950809717178345
2179,81974,1000,True,-1.0278855562210083
2180,82918,1000,True,-0.9542962312698364
2181,81327,1000,True,-0.8665689826011658
2182,82537,1000,True,-0.7609890699386597
2183,82384,1000,True,-0.6263324022293091
2184,83674,1000,True,-0.4613550007343292
2185,81632,1000,True,-0.2747792899608612
2186,82326,1000,True,-0.08334271609783173
2187,81605,1000,True,0.09975647181272507
2188,82581,1000,True,0.27296188473701477
2189,81497,1000,True,0.4357767403125763
2190,30285733,1000,True,-0.24028226733207703
2191,87652,1000,True,-0.30693739652633667
2192,83538,1000,True,-0.3863624334335327
2193,84352,1000,True,-0.4736209511756897
2194,82588,1000,True,-0.5607803463935852
2195,82167,1000,True,-0.6450552940368652
2196,82232,1000,True,-0.7227338552474976
2197,82617,1000,True,-0.7925189733505249
2198,82489,1000,True,-0.8568748235702515
2199,81864,1000,True,-0.9114580750465393
2200,81663,1000,True,-0.9656143188476562
2201,81558,1000,True,-1.0166444778442383
2202,82057,1000,True,-1.0674688816070557
2203,82958,1000,True,-1.1145856380462646
2204,82611,1000,True,-1.1540170907974243
2205,81649,1000,True,-1.1885720491409302
2206,81993,1000,True,-1.2167845964431763
2207,81143,1000,True,-1.242681860923767
2208,82256,1000,True,-1.2677175998687744
2209,81287,1000,True,-1.2885178327560425
2210,82027,1000,True,-1.3059388399124146
2211,82066,1000,True,-1.3188451528549194
2212,81741,1000,True,-1.3303632736206055
2213,81198,1000,True,-1.340039610862732
2214,82425,1000,True,-1.3480418920516968
2215,82247,1000,True,-1.3517463207244873
2216,81449,1000,True,-1.3540152311325073
2217,81974,1000,True,-1.3519519567489624
2218,82282,1000,True,-1.345444679260254
2219,82410,1000,True,-1.3378039598464966
2220,81697,1000,True,-1.3292657136917114
2221,82154,1000,True,-1.3176777362823486
2222,82260,1000,True,-1.3030309677124023
2223,81678,1000,True,-1.2819935083389282
2224,81795,1000,True,-1.2562748193740845
2225,84385,1000,True,-1.2276681661605835
2226,82413,1000,True,-1.1929657459259033
2227,82539,1000,True,-1.1496286392211914
2228,81678,1000,True,-1.0950809717178345
2229,81294,1000,True,-1.0278855562210083
2230,82352,1000,True,-0.9542962312698364
2231,82165,1000,True,-0.8665689826011658
2232,81163,1000,True,-0.7609890699386597
2233,81541,1000,True,-0.6263324022293091
2234,81955,1000,True,-0.4613550007343292
2235,81849,1000,True,-0.2747792899608612
2236,82444,1000,True,-0.08334271609783173
2237,81663,1000,True,0.09975647181272507
2238,82097,1000,True,0.27296188473701477
2239,81929,1000,True,0.4357767403125763
2240,30251963,1000,True,-0.24028226733207703
2241,85009,1000,True,-0.30693739652633667
2242,82958,1000,True,-0.3863624334335327
2243,81326,1000,True,-0.4736209511756897
2244,82153,1000,True,-0.5607803463935852
2245,83153,1000,True,-0.6450552940368652
2246,81625,1000,True,-0.7227338552474976
2247,82043,1000,True,-0.7925189733505249
2248,82451,1000,True,-0.8568748235702515
2249,81734,1000,True,-0.9114580750465393
2250,81624,1000,True,-0.9656143188476562
2251,81282,1000,True,-1.0166444778442383
2252,83263,1000,True,-1.0674688816070557
2253,81203,1000,True,-1.1145856380462646
2254,81607,1000,True,-1.1540170907974243
2255,81405,1000,True,-1.1885720491409302
2256,84592,1000,True,-1.2167845964431763
2257,82060,1000,True,-1.242681860923767
2258,82626,1000,True,-1.2677175998687744
2259,81624,1000,True,-1.2885178327560425
2260,82048,1000,True,-1.3059388399124146
2261,81677,1000,True,-1.3188451528549194
2262,82306,1000,True,-1.3303632736206055
2263,82419,1000,True,-1.340039610862732
2264,82540,1000,True,-1.3480418920516968
2265,82224,1000,True,-1.3517463207244873
2266,82223,1000,True,-1.3540152311325073
2267,84821,1000,True,-1.3519519567489624
2268,83354,1000,True,-1.345444679260254
2269,81158,1000,True,-1.3378039598464966
2270,82308,1000,True,-1.3292657136917114
2271,81766,1000,True,-1.3176777362823486
2272,81675,1000,True,-1.3030309677124023
2273,80989,1000,True,-1.2819935083389282
2274,82185,1000,True,-1.2562748193740845
2275,82058,1000,True,-1.2276681661605835
2276,81615,1000,True,-1.1929657459259033
2277,81553,1000,True,-1.1496286392211914
2278,84391,1000,True,-1.0950809717178345
2279,81985,1000,True,-1.0278855562210083
2280,81849,1000,True,-0.9542962312698364
2281,81746,1000,True,-0.8665689826011658
2282,81914,1000,True,-0.7609890699386597
2283,82418,1000,True,-0.6263324022293091
2284,82702,1000,True,-0.4613550007343292
2285,81970,1000,True,-0.2747792899608612
2286,82067,1000,True,-0.08334271609783173
2287,81637,1000,True,0.09975647181272507
2288,82458,1000,True,0.27296188473701477
2289,82550,1000,True,0.4357767403125763
2290,30245903,1000,True,-0.24028226733207703
2291,86363,1000,True,-0.30693739652633667
2292,82953,1000,True,-0.3863624334335327
2293,81923,1000,True,-0.4736209511756897
2294,83043,1000,True,-0.5607803463935852
2295,81399,1000,True,-0.6450552940368652
2296,82806,1000,True,-0.7227338552474976
2297,82263,1000,True,-0.7925189733505249
2298,83721,1000,True,-0.8568748235702515
2299,81655,1000,True,-0.9114580750465393
2300,82372,1000,True,-0.9656143188476562
2301,81701,1000,True,-1.0166444778442383
2302,82501,1000,True,-1.0674688816070557
2303,82486,1000,True,-1.1145856380462646
2304,81991,1000,True,-1.1540170907974243
2305,81939,1000,True,-1.1885720491409302
2306,81842,1000,True,-1.2167845964431763
2307,81855,1000,True,-1.242681860923767
2308,81837,1000,True,-1.2677175998687744
2309,81549,1000,True,-1.2885178327560425
2310,83478,1000,True,-1.3059388399124146
2311,82106,1000,True,-1.3188451528549194
2312,82131,1000,True,-1.3303632736206055
2313,81452,1000,True,-1.340039610862732
2314,82356,1000,True,-1.3480418920516968
2315,81833,1000,True,-1.3517463207244873
2316,81955,1000,True,-1.3540152311325073
2317,81397,1000,True,-1.3519519567489624
2318,82266,1000,True,-1.345444679260254
2319,84039,1000,True,-1.3378039598464966
2320,80933,1000,True,-1.3292657136917114
2321,82347,1000,True,-1.3176777362823486
2322,83226,1000,True,-1.3030309677124023
2323,82855,1000,True,-1.2819935083389282
2324,81967,1000,True,-1.2562748193740845
2325,80918,1000,True,-1.2276681661605835
2326,82425,1000,True,-1.1929657459259033
2327,81297,1000,True,-1.1496286392211914
2328,81579,1000,True,-1.0950809717178345
2329,81629,1000,True,-1.0278855562210083
2330,84409,1000,True,-0.9542962312698364
2331,81711,1000,True,-0.8665689826011658
2332,81754,1000,True,-0.7609890699386597
2333,80930,1000,True,-0.6263324022293091
2334,81933,1000,True,-0.4613550007343292
2335,81966,1000,True,-0.2747792899608612
2336,80911,1000,True,-0.08334271609783173
2337,81805,1000,True,0.09975647181272507
2338,82010,1000,True,0.27296188473701477
2339,81456,1000,True,0.4357767403125763
2340,30243537,1000,True,-0.24028226733207703
2341,84237,1000,True,-0.30693739652633667
2342,83415,1000,True,-0.3863624334335327
2343,82508,1000,True,-0.4736209511756897
2344,82561,1000,True,-0.5607803463935852
2345,82896,1000,True,-0.6450552940368652
2346,82811,1000,True,-0.7227338552474976
2347,82037,1000,True,-0.7925189733505249
2348,82487,1000,True,-0.8568748235702515
2349,82483,1000,True,-0.9114580750465393
2350,84946,1000,True,-0.9656143188476562
2351,81701,1000,True,-1.0166444778442383
2352,81740,1000,True,-1.0674688816070557
2353,81652,1000,True,-1.1145856380462646
2354,81237,1000,True,-1.1540170907974243
2355,81764,1000,True,-1.1885720491409302
2356,82487,1000,True,-1.2167845964431763
2357,81919,1000,True,-1.242681860923767
2358,81355,1000,True,-1.2677175998687744
2359,81719,1000,True,-1.2885178327560425
2360,82127,1000,True,-1.3059388399124146
2361,84365,1000,True,-1.3188451528549194
2362,82233,1000,True,-1.3303632736206055
2363,81397,1000,True,-1.340039610862732
2364,82363,1000,True,-1.3480418920516968
2365,80883,1000,True,-1.3517463207244873
2366,81119,1000,True,-1.3540152311325073
2367,82424,1000,True,-1.3519519567489624
2368,82105,1000,True,-1.345444679260254
2369,80443,1000,True,-1.3378039598464966
2370,81394,1000,True,-1.3292657136917114
2371,81693,1000,True,-1.3176777362823486
2372,83314,1000,True,-1.3030309677124023
2373,83291,1000,True,-1.2819935083389282
2374,81519,1000,True,-1.2562748193740845
2375,81461,1000,True,-1.2276681661605835
2376,81336,1000,True,-1.1929657459259033
2377,81583,1000,True,-1.1496286392211914
2378,82004,1000,True,-1.0950809717178345
2379,81524,1000,True,-1.0278855562210083
2380,80788,1000,True,-0.9542962312698364
2381,81132,1000,True,-0.8665689826011658
2382,81797,1000,True,-0.7609890699386597
2383,83360,1000,True,-0.6263324022293091
2384,82370,1000,True,-0.4613550007343292
2385,81102,1000,True,-0.2747792899608612
2386,81832,1000,True,-0.08334271609783173
2387,81468,1000,True,0.09975647181272507
2388,81160,1000,True,0.27296188473701477
2389,81894,1000,True,0.4357767403125763
2390,30220647,1000,True,-0.24028226733207703
2391,85279,1000,True,-0.30693739652633667
2392,84935,1000,True,-0.3863624334335327
2393,82741,1000,True,-0.4736209511756897
2394,82805,1000,True,-0.5607803463935852
2395,82674,1000,True,-0.6450552940368652
2396,81961,1000,True,-0.7227338552474976
2397,82196,1000,True,-0.7925189733505249
2398,82203,1000,True,-0.8568748235702515
2399,82400,1000,True,-0.9114580750465393
2400,81728,1000,True,-0.9656143188476562
2401,81564,1000,True,-1.0166444778442383
2402,81870,1000,True,-1.0674688816070557
2403,83804,1000,True,-1.1145856380462646
2404,82189,1000,True,-1.1540170907974243
2405,81544,1000,True,-1.1885720491409302
2406,82639,1000,True,-1.2167845964431763
2407,81892,1000,True,-1.242681860923767
2408,82846,1000,True,-1.2677175998687744
2409,81282,1000,True,-1.2885178327560425
2410,82663,1000,True,-1.3059388399124146
2411,82181,1000,True,-1.3188451528549194
2412,82193,1000,True,-1.3303632736206055
2413,81239,1000,True,-1.340039610862732
2414,84996,1000,True,-1.3480418920516968
2415,82587,1000,True,-1.3517463207244873
2416,82200,1000,True,-1.3540152311325073
2417,81358,1000,True,-1.3519519567489624
2418,82273,1000,True,-1.345444679260254
2419,81927,1000,True,-1.3378039598464966
2420,82025,1000,True,-1.3292657136917114
2421,80883,1000,True,-1.3176777362823486
2422,82089,1000,True,-1.3030309677124023
2423,81570,1000,True,-1.2819935083389282
2424,81698,1000,True,-1.2562748193740845
2425,84520,1000,True,-1.2276681661605835
2426,83529,1000,True,-1.1929657459259033
2427,81462,1000,True,-1.1496286392211914
2428,81984,1000,True,-1.0950809717178345
2429,81518,1000,True,-1.0278855562210083
2430,83178,1000,True,-0.9542962312698364
2431,81803,1000,True,-0.8665689826011658
2432,81595,1000,True,-0.7609890699386597
2433,82741,1000,True,-0.6263324022293091
2434,82692,1000,True,-0.4613550007343292
2435,82084,1000,True,-0.2747792899608612
2436,84693,1000,True,-0.08334271609783173
2437,81365,1000,True,0.09975647181272507
2438,82551,1000,True,0.27296188473701477
2439,81527,1000,True,0.4357767403125763
2440,29938391,1000,True,-0.24028226733207703
2441,85028,1000,True,-0.30693739652633667
2442,83769,1000,True,-0.3863624334335327
2443,82130,1000,True,-0.4736209511756897
2444,82254,1000,True,-0.5607803463935852
2445,81216,1000,True,-0.6450552940368652
2446,82616,1000,True,-0.7227338552474976
2447,81437,1000,True,-0.7925189733505249
2448,82686,1000,True,-0.8568748235702515
2449,81562,1000,True,-0.9114580750465393
2450,81556,1000,True,-0.9656143188476562
2451,81902,1000,True,-1.0166444778442383
2452,81280,1000,True,-1.0674688816070557
2453,100597,1000,True,-1.1145856380462646
2454,82449,1000,True,-1.1540170907974243
2455,81560,1000,True,-1.1885720491409302
2456,82686,1000,True,-1.2167845964431763
2457,81596,1000,True,-1.242681860923767
2458,82294,1000,True,-1.2677175998687744
2459,82748,1000,True,-1.2885178327560425
2460,83496,1000,True,-1.3059388399124146
2461,82413,1000,True,-1.3188451528549194
2462,81677,1000,True,-1.3303632736206055
2463,80979,1000,True,-1.340039610862732
2464,82103,1000,True,-1.3480418920516968
2465,81041,1000,True,-1.3517463207244873
2466,83623,1000,True,-1.3540152311325073
2467,371699,1000,True,-1.3519519567489624
2468,82669,1000,True,-1.345444679260254
2469,82430,1000,True,-1.3378039598464966
2470,81493,1000,True,-1.3292657136917114
2471,80934,1000,True,-1.3176777362823486
2472,82194,1000,True,-1.3030309677124023
2473,80898,1000,True,-1.2819935083389282
2474,82118,1000,True,-1.2562748193740845
2475,81826,1000,True,-1.2276681661605835
2476,82343,1000,True,-1.1929657459259033
2477,81217,1000,True,-1.1496286392211914
2478,82165,1000,True,-1.0950809717178345
2479,81636,1000,True,-1.0278855562210083
2480,82077,1000,True,-0.9542962312698364
2481,81981,1000,True,-0.8665689826011658
2482,82396,1000,True,-0.7609890699386597
2483,82180,1000,True,-0.6263324022293091
2484,81975,1000,True,-0.4613550007343292
2485,81534,1000,True,-0.2747792899608612
2486,81889,1000,True,-0.08334271609783173
2487,81715,1000,True,0.09975647181272507
2488,83486,1000,True,0.27296188473701477
2489,81537,1000,True,0.4357767403125763
2490,30221281,1000,True,-0.24028226733207703
2491,86092,1000,True,-0.30693739652633667
2492,83524,1000,True,-0.3863624334335327
2493,82681,1000,True,-0.4736209511756897
2494,82852,1000,True,-0.5607803463935852
2495,82802,1000,True,-0.6450552940368652
2496,82023,1000,True,-0.7227338552474976
2497,81821,1000,True,-0.7925189733505249
2498,86073,1000,True,-0.8568748235702515
2499,82258,1000,True,-0.9114580750465393
2500,82626,1000,True,-0.9656143188476562
2501,81542,1000,True,-1.0166444778442383
2502,82564,1000,True,-1.0674688816070557
2503,81856,1000,True,-1.1145856380462646
2504,82620,1000,True,-1.1540170907974243
2505,81702,1000,True,-1.1885720491409302
2506,83031,1000,True,-1.2167845964431763
2507,81687,1000,True,-1.242681860923767
2508,84877,1000,True,-1.2677175998687744
2509,82286,1000,True,-1.2885178327560425
2510,83307,1000,True,-1.3059388399124146
2511,82386,1000,True,-1.3188451528549194
2512,82488,1000,True,-1.3303632736206055
2513,82121,1000,True,-1.340039610862732
2514,81879,1000,True,-1.3480418920516968
2515,82517,1000,True,-1.3517463207244873
2516,82582,1000,True,-1.3540152311325073
2517,82367,1000,True,-1.3519519567489624
2518,83338,1000,True,-1.345444679260254
2519,84241,1000,True,-1.3378039598464966
2520,81923,1000,True,-1.3292657136917114
2521,82085,1000,True,-1.3176777362823486
2522,82925,1000,True,-1.3030309677124023
2523,82872,1000,True,-1.2819935083389282
2524,82162,1000,True,-1.2562748193740845
2525,81294,1000,True,-1.2276681661605835
2526,82485,1000,True,-1.1929657459259033
2527,81517,1000,True,-1.1496286392211914
2528,82173,1000,True,-1.0950809717178345
2529,81942,1000,True,-1.0278855562210083
2530,84721,1000,True,-0.9542962312698364
2531,82737,1000,True,-0.8665689826011658
2532,81962,1000,True,-0.7609890699386597
2533,81586,1000,True,-0.6263324022293091
2534,82117,1000,True,-0.4613550007343292
2535,81625,1000,True,-0.2747792899608612
2536,82156,1000,True,-0.08334271609783173
2537,81068,1000,True,0.09975647181272507
2538,82503,1000,True,0.27296188473701477
2539,81570,1000,True,0.4357767403125763
2540,29992645,1000,True,-0.24028226733207703
2541,86271,1000,True,-0.30693739652633667
2542,85313,1000,True,-0.3863624334335327
2543,82237,1000,True,-0.4736209511756897
2544,82289,1000,True,-0.5607803463935852
2545,81706,1000,True,-0.6450552940368652
2546,82301,1000,True,-0.7227338552474976
2547,82217,1000,True,-0.7925189733505249
2548,82975,1000,True,-0.8568748235702515
2549,81994,1000,True,-0.9114580750465393
2550,81879,1000,True,-0.9656143188476562
2551,81618,1000,True,-1.0166444778442383
2552,83130,1000,True,-1.0674688816070557
2553,84395,1000,True,-1.1145856380462646
2554,82954,1000,True,-1.1540170907974243
2555,81986,1000,True,-1.1885720491409302
2556,82714,1000,True,-1.2167845964431763
2557,81973,1000,True,-1.242681860923767
2558,82147,1000,True,-1.2677175998687744
2559,81836,1000,True,-1.2885178327560425
2560,82855,1000,True,-1.3059388399124146
2561,82888,1000,True,-1.3188451528549194
2562,82064,1000,True,-1.3303632736206055
2563,82566,1000,True,-1.340039610862732
2564,83162,1000,True,-1.3480418920516968
2565,81835,1000,True,-1.3517463207244873
2566,82986,1000,True,-1.3540152311325073
2567,82112,1000,True,-1.3519519567489624
2568,82359,1000,True,-1.345444679260254
2569,82029,1000,True,-1.3378039598464966
2570,81728,1000,True,-1.3292657136917114
2571,82573,1000,True,-1.3176777362823486
2572,82220,1000,True,-1.3030309677124023
2573,81888,1000,True,-1.2819935083389282
2574,82605,1000,True,-1.2562748193740845
2575,82210,1000,True,-1.2276681661605835
2576,82644,1000,True,-1.1929657459259033
2577,82176,1000,True,-1.1496286392211914
2578,82446,1000,True,-1.0950809717178345
2579,82073,1000,True,-1.0278855562210083
2580,82473,1000,True,-0.9542962312698364
2581,81422,1000,True,-0.8665689826011658
2582,82123,1000,True,-0.7609890699386597
2583,81893,1000,True,-0.6263324022293091
2584,82249,1000,True,-0.4613550007343292
2585,82265,1000,True,-0.2747792899608612
2586,82563,1000,True,-0.08334271609783173
2587,82397,1000,True,0.09975647181272507
2588,81950,1000,True,0.27296188473701477
2589,81755,1000,True,0.4357767403125763
2590,30333751,1000,True,-0.24028226733207703
2591,84716,1000,True,-0.30693739652633667
2592,83901,1000,True,-0.3863624334335327
2593,82967,1000,True,-0.4736209511756897
2594,83745,1000,True,-0.5607803463935852
2595,82145,1000,True,-0.6450552940368652
2596,82252,1000,True,-0.7227338552474976
2597,82380,1000,True,-0.7925189733505249
2598,82737,1000,True,-0.8568748235702515
2599,81838,1000,True,-0.9114580750465393
2600,82157,1000,True,-0.9656143188476562
2601,81954,1000,True,-1.0166444778442383
2602,82690,1000,True,-1.0674688816070557
2603,82182,1000,True,-1.1145856380462646
2604,83713,1000,True,-1.1540170907974243
2605,81810,1000,True,-1.1885720491409302
2606,82519,1000,True,-1.2167845964431763
2607,82362,1000,True,-1.242681860923767
2608,82937,1000,True,-1.2677175998687744
2609,81907,1000,True,-1.2885178327560425
2610,83390,1000,True,-1.3059388399124146
2611,82445,1000,True,-1.3188451528549194
2612,82007,1000,True,-1.3303632736206055
2613,81604,1000,True,-1.340039610862732
2614,83127,1000,True,-1.3480418920516968
2615,84877,1000,True,-1.3517463207244873
2616,82594,1000,True,-1.3540152311325073
2617,82533,1000,True,-1.3519519567489624
2618,82273,1000,True,-1.345444679260254
2619,82624,1000,True,-1.3378039598464966
2620,82466,1000,True,-1.3292657136917114
2621,81608,1000,True,-1.3176777362823486
2622,82878,1000,True,-1.3030309677124023
2623,82373,1000,True,-1.2819935083389282
2624,82045,1000,True,-1.2562748193740845
2625,82046,1000,True,-1.2276681661605835
2626,84649,1000,True,-1.1929657459259033
2627,82269,1000,True,-1.1496286392211914
2628,82183,1000,True,-1.0950809717178345
2629,82036,1000,True,-1.0278855562210083
2630,82075,1000,True,-0.9542962312698364
2631,81903,1000,True,-0.8665689826011658
2632,82477,1000,True,-0.7609890699386597
2633,82408,1000,True,-0.6263324022293091
2634,82454,1000,True,-0.4613550007343292
2635,81815,1000,True,-0.2747792899608612
2636,82668,1000,True,-0.08334271609783173
2637,83684,1000,True,0.09975647181272507
2638,83091,1000,True,0.27296188473701477
2639,82690,1000,True,0.4357767403125763
2640,30284515,1000,True,-0.24028226733207703
2641,84775,1000,True,-0.30693739652633667
2642,83571,1000,True,-0.3863624334335327
2643,82161,1000,True,-0.4736209511756897
2644,83462,1000,True,-0.5607803463935852
2645,84920,1000,True,-0.6450552940368652
2646,82943,1000,True,-0.7227338552474976
2647,82805,1000,True,-0.7925189733505249
2648,82393,1000,True,-0.8568748235702515
2649,82161,1000,True,-0.9114580750465393
2650,82435,1000,True,-0.9656143188476562
2651,81705,1000,True,-1.0166444778442383
2652,82503,1000,True,-1.0674688816070557
2653,81707,1000,True,-1.1145856380462646
2654,82017,1000,True,-1.1540170907974243
2655,81426,1000,True,-1.1885720491409302
2656,83960,1000,True,-1.2167845964431763
2657,81829,1000,True,-1.242681860923767
2658,82327,1000,True,-1.2677175998687744
2659,81887,1000,True,-1.2885178327560425
2660,82988,1000,True,-1.3059388399124146
2661,81910,1000,True,-1.3188451528549194
2662,82321,1000,True,-1.3303632736206055
2663,82698,1000,True,-1.340039610862732
2664,82444,1000,True,-1.3480418920516968
2665,82209,1000,True,-1.3517463207244873
2666,82564,1000,True,-1.3540152311325073
2667,85769,1000,True,-1.3519519567489624
2668,82363,1000,True,-1.345444679260254
2669,82351,1000,True,-1.3378039598464966
2670,81877,1000,True,-1.3292657136917114
2671,82101,1000,True,-1.3176777362823486
2672,82201,1000,True,-1.3030309677124023
2673,82458,1000,True,-1.2819935083389282
2674,82749,1000,True,-1.2562748193740845
2675,81694,1000,True,-1.2276681661605835
2676,81800,1000,True,-1.1929657459259033
2677,81456,1000,True,-1.1496286392211914
2678,84182,1000,True,-1.0950809717178345
2679,81340,1000,True,-1.0278855562210083
2680,82401,1000,True,-0.9542962312698364
2681,81753,1000,True,-0.8665689826011658
2682,82472,1000,True,-0.7609890699386597
2683,81998,1000,True,-0.6263324022293091
2684,88357,1000,True,-0.4613550007343292
2685,83158,1000,True,-0.2747792899608612
2686,82233,1000,True,-0.08334271609783173
2687,82196,1000,True,0.09975647181272507
2688,82559,1000,True,0.27296188473701477
2689,82388,1000,True,0.4357767403125763
2690,30321694,1000,True,-0.24028226733207703
2691,85658,1000,True,-0.30693739652633667
2692,83768,1000,True,-0.3863624334335327
2693,82381,1000,True,-0.4736209511756897
2694,83043,1000,True,-0.5607803463935852
2695,82065,1000,True,-0.6450552940368652
2696,81758,1000,True,-0.7227338552474976
2697,84682,1000,True,-0.7925189733505249
2698,82476,1000,True,-0.8568748235702515
2699,82672,1000,True,-0.9114580750465393
2700,82809,1000,True,-0.9656143188476562
2701,82070,1000,True,-1.0166444778442383
2702,82438,1000,True,-1.0674688816070557
2703,82452,1000,True,-1.1145856380462646
2704,82557,1000,True,-1.1540170907974243
2705,81508,1000,True,-1.1885720491409302
2706,82149,1000,True,-1.2167845964431763
2707,82098,1000,True,-1.242681860923767
2708,83534,1000,True,-1.2677175998687744
2709,81268,1000,True,-1.2885178327560425
2710,82831,1000,True,-1.3059388399124146
2711,81699,1000,True,-1.3188451528549194
2712,81749,1000,True,-1.3303632736206055
2713,81674,1000,True,-1.340039610862732
2714,82177,1000,True,-1.3480418920516968
2715,81498,1000,True,-1.3517463207244873
2716,82587,1000,True,-1.3540152311325073
2717,82431,1000,True,-1.3519519567489624
2718,83100,1000,True,-1.345444679260254
2719,82537,1000,True,-1.3378039598464966
2720,82354,1000,True,-1.3292657136917114
2721,81943,1000,True,-1.3176777362823486
2722,82904,1000,True,-1.3030309677124023
2723,82060,1000,True,-1.2819935083389282
2724,81872,1000,True,-1.2562748193740845
2725,81520,1000,True,-1.2276681661605835
2726,82479,1000,True,-1.1929657459259033
2727,82160,1000,True,-1.1496286392211914
2728,81715,1000,True,-1.0950809717178345
2729,82738,1000,True,-1.0278855562210083
2730,82475,1000,True,-0.9542962312698364
2731,81767,1000,True,-0.8665689826011658
2732,82225,1000,True,-0.7609890699386597
2733,81142,1000,True,-0.6263324022293091
2734,81929,1000,True,-0.4613550007343292
2735,80902,1000,True,-0.2747792899608612
2736,81937,1000,True,-0.08334271609783173
2737,81777,1000,True,0.09975647181272507
2738,82663,1000,True,0.27296188473701477
2739,81553,1000,True,0.4357767403125763
2740,30276646,1000,True,-0.24028226733207703
2741,85853,1000,True,-0.30693739652633667
2742,83709,1000,True,-0.3863624334335327
2743,82943,1000,True,-0.4736209511756897
2744,82297,1000,True,-0.5607803463935852
2745,82301,1000,True,-0.6450552940368652
2746,82357,1000,True,-0.7227338552474976
2747,81648,1000,True,-0.7925189733505249
2748,82032,1000,True,-0.8568748235702515
2749,83779,1000,True,-0.9114580750465393
2750,81904,1000,True,-0.9656143188476562
2751,81271,1000,True,-1.0166444778442383
2752,81462,1000,True,-1.0674688816070557
2753,81263,1000,True,-1.1145856380462646
2754,82108,1000,True,-1.1540170907974243
2755,81464,1000,True,-1.1885720491409302
2756,81732,1000,True,-1.2167845964431763
2757,81619,1000,True,-1.242681860923767
2758,81413,1000,True,-1.2677175998687744
2759,81618,1000,True,-1.2885178327560425
2760,84180,1000,True,-1.3059388399124146
2761,82212,1000,True,-1.3188451528549194
2762,82212,1000,True,-1.3303632736206055
2763,81952,1000,True,-1.340039610862732
2764,81996,1000,True,-1.3480418920516968
2765,81772,1000,True,-1.3517463207244873
2766,81927,1000,True,-1.3540152311325073
2767,81776,1000,True,-1.3519519567489624
2768,83396,1000,True,-1.345444679260254
2769,81707,1000,True,-1.3378039598464966
2770,82314,1000,True,-1.3292657136917114
2771,84221,1000,True,-1.3176777362823486
2772,82591,1000,True,-1.3030309677124023
2773,81785,1000,True,-1.2819935083389282
2774,82613,1000,True,-1.2562748193740845
2775,82618,1000,True,-1.2276681661605835
2776,82223,1000,True,-1.1929657459259033
2777,82251,1000,True,-1.1496286392211914
2778,81656,1000,True,-1.0950809717178345
2779,81263,1000,True,-1.0278855562210083
2780,82268,1000,True,-0.9542962312698364
2781,81559,1000,True,-0.8665689826011658
2782,84983,1000,True,-0.7609890699386597
2783,82105,1000,True,-0.6263324022293091
2784,83280,1000,True,-0.4613550007343292
2785,82454,1000,True,-0.2747792899608612
2786,82068,1000,True,-0.08334271609783173
2787,81528,1000,True,0.09975647181272507
2788,81972,1000,True,0.27296188473701477
2789,82144,1000,True,0.4357767403125763
2790,29972091,1000,True,-0.24028226733207703
2791,89722,1000,True,-0.30693739652633667
2792,84303,1000,True,-0.3863624334335327
2793,84574,1000,True,-0.4736209511756897
2794,83211,1000,True,-0.5607803463935852
2795,82624,1000,True,-0.6450552940368652
2796,374559,1000,True,-0.7227338552474976
2797,82374,1000,True,-0.7925189733505249
2798,82479,1000,True,-0.8568748235702515
2799,82294,1000,True,-0.9114580750465393
2800,82433,1000,True,-0.9656143188476562
2801,84119,1000,True,-1.0166444778442383
2802,82931,1000,True,-1.0674688816070557
2803,82005,1000,True,-1.1145856380462646
2804,82266,1000,True,-1.1540170907974243
2805,82708,1000,True,-1.1885720491409302
2806,82360,1000,True,-1.2167845964431763
2807,82751,1000,True,-1.242681860923767
2808,82286,1000,True,-1.2677175998687744
2809,81563,1000,True,-1.2885178327560425
2810,83084,1000,True,-1.3059388399124146
2811,82261,1000,True,-1.3188451528549194
2812,84038,1000,True,-1.3303632736206055
2813,82287,1000,True,-1.340039610862732
2814,82809,1000,True,-1.3480418920516968
2815,82157,1000,True,-1.3517463207244873
2816,82033,1000,True,-1.3540152311325073
2817,81475,1000,True,-1.3519519567489624
2818,82911,1000,True,-1.345444679260254
2819,82085,1000,True,-1.3378039598464966
2820,82692,1000,True,-1.3292657136917114
2821,82092,1000,True,-1.3176777362823486
2822,82730,1000,True,-1.3030309677124023
2823,84173,1000,True,-1.2819935083389282
2824,82624,1000,True,-1.2562748193740845
2825,81281,1000,True,-1.2276681661605835
2826,82128,1000,True,-1.1929657459259033
2827,81124,1000,True,-1.1496286392211914
2828,82228,1000,True,-1.0950809717178345
2829,81660,1000,True,-1.0278855562210083
2830,82524,1000,True,-0.9542962312698364
2831,81817,1000,True,-0.8665689826011658
2832,81766,1000,True,-0.7609890699386597
2833,81723,1000,True,-0.6263324022293091
2834,84845,1000,True,-0.4613550007343292
2835,82073,1000,True,-0.2747792899608612
2836,81778,1000,True,-0.08334271609783173
2837,82379,1000,True,0.09975647181272507
2838,82436,1000,True,0.27296188473701477
2839,82688,1000,True,0.4357767403125763
2840,30281361,1000,True,-0.24028226733207703
2841,86253,1000,True,-0.30693739652633667
2842,85526,1000,True,-0.3863624334335327
2843,82083,1000,True,-0.4736209511756897
2844,82624,1000,True,-0.5607803463935852
2845,81716,1000,True,-0.6450552940368652
2846,82323,1000,True,-0.7227338552474976
2847,82506,1000,True,-0.7925189733505249
2848,82022,1000,True,-0.8568748235702515
2849,82135,1000,True,-0.9114580750465393
2850,82269,1000,True,-0.9656143188476562
2851,81566,1000,True,-1.0166444778442383
2852,82570,1000,True,-1.0674688816070557
2853,83598,1000,True,-1.1145856380462646
2854,82096,1000,True,-1.1540170907974243
2855,81725,1000,True,-1.1885720491409302
2856,81775,1000,True,-1.2167845964431763
2857,82467,1000,True,-1.242681860923767
2858,81983,1000,True,-1.2677175998687744
2859,82036,1000,True,-1.2885178327560425
2860,81789,1000,True,-1.3059388399124146
2861,81193,1000,True,-1.3188451528549194
2862,81459,1000,True,-1.3303632736206055
2863,81489,1000,True,-1.340039610862732
2864,83219,1000,True,-1.3480418920516968
2865,81963,1000,True,-1.3517463207244873
2866,83105,1000,True,-1.3540152311325073
2867,82626,1000,True,-1.3519519567489624
2868,81975,1000,True,-1.345444679260254
2869,82613,1000,True,-1.3378039598464966
2870,82051,1000,True,-1.3292657136917114
2871,82529,1000,True,-1.3176777362823486
2872,82247,1000,True,-1.3030309677124023
2873,82297,1000,True,-1.2819935083389282
2874,83320,1000,True,-1.2562748193740845
2875,84885,1000,True,-1.2276681661605835
2876,83297,1000,True,-1.1929657459259033
2877,81751,1000,True,-1.1496286392211914
2878,81997,1000,True,-1.0950809717178345
2879,81795,1000,True,-1.0278855562210083
2880,82340,1000,True,-0.9542962312698364
2881,82095,1000,True,-0.8665689826011658
2882,82309,1000,True,-0.7609890699386597
2883,81654,1000,True,-0.6263324022293091
2884,82014,1000,True,-0.4613550007343292
2885,82033,1000,True,-0.2747792899608612
2886,84453,1000,True,-0.08334271609783173
2887,82197,1000,True,0.09975647181272507
2888,82357,1000,True,0.27296188473701477
2889,81783,1000,True,0.4357767403125763
2890,29984889,1000,True,-0.24028226733207703
2891,85177,1000,True,-0.30693739652633667
2892,82760,1000,True,-0.3863624334335327
2893,82090,1000,True,-0.4736209511756897
2894,82424,1000,True,-0.5607803463935852
2895,81697,1000,True,-0.6450552940368652
2896,82293,1000,True,-0.7227338552474976
2897,81718,1000,True,-0.7925189733505249
2898,85243,1000,True,-0.8568748235702515
2899,81991,1000,True,-0.9114580750465393
2900,82808,1000,True,-0.9656143188476562
2901,81718,1000,True,-1.0166444778442383
2902,82725,1000,True,-1.0674688816070557
2903,82308,1000,True,-1.1145856380462646
2904,81885,1000,True,-1.1540170907974243
2905,81633,1000,True,-1.1885720491409302
2906,81675,1000,True,-1.2167845964431763
2907,82930,1000,True,-1.242681860923767
2908,84259,1000,True,-1.2677175998687744
2909,81948,1000,True,-1.2885178327560425
2910,81843,1000,True,-1.3059388399124146
2911,82167,1000,True,-1.3188451528549194
2912,82423,1000,True,-1.3303632736206055
2913,81721,1000,True,-1.340039610862732
2914,83392,1000,True,-1.3480418920516968
2915,81815,1000,True,-1.3517463207244873
2916,82466,1000,True,-1.3540152311325073
2917,81675,1000,True,-1.3519519567489624
2918,83212,1000,True,-1.345444679260254
2919,83579,1000,True,-1.3378039598464966
2920,82342,1000,True,-1.3292657136917114
2921,82431,1000,True,-1.3176777362823486
2922,82470,1000,True,-1.3030309677124023
2923,81708,1000,True,-1.2819935083389282
2924,82047,1000,True,-1.2562748193740845
2925,81532,1000,True,-1.2276681661605835
2926,83518,1000,True,-1.1929657459259033
2927,92658,1000,True,-1.1496286392211914
2928,81869,1000,True,-1.0950809717178345
2929,81324,1000,True,-1.0278855562210083
2930,87087,1000,True,-0.9542962312698364
2931,81705,1000,True,-0.8665689826011658
2932,81657,1000,True,-0.7609890699386597
2933,82017,1000,True,-0.6263324022293091
2934,83364,1000,True,-0.4613550007343292
2935,81860,1000,True,-0.2747792899608612
2936,82086,1000,True,-0.08334271609783173
2937,82123,1000,True,0.09975647181272507
2938,82825,1000,True,0.27296188473701477
2939,82590,1000,True,0.4357767403125763
2940,30260487,1000,True,-0.24028226733207703
2941,85845,1000,True,-0.30693739652633667
2942,82873,1000,True,-0.3863624334335327
2943,82163,1000,True,-0.4736209511756897
2944,81897,1000,True,-0.5607803463935852
2945,81533,1000,True,-0.6450552940368652
2946,82371,1000,True,-0.7227338552474976
2947,82154,1000,True,-0.7925189733505249
2948,82454,1000,True,-0.8568748235702515
2949,81105,1000,True,-0.9114580750465393
2950,84328,1000,True,-0.9656143188476562
2951,82504,1000,True,-1.0166444778442383
2952,81922,1000,True,-1.0674688816070557
2953,81927,1000,True,-1.1145856380462646
2954,82813,1000,True,-1.1540170907974243
2955,81666,1000,True,-1.1885720491409302
2956,82358,1000,True,-1.2167845964431763
2957,82217,1000,True,-1.242681860923767
2958,82368,1000,True,-1.2677175998687744
2959,81846,1000,True,-1.2885178327560425
2960,81753,1000,True,-1.3059388399124146
2961,81683,1000,True,-1.3188451528549194
2962,82592,1000,True,-1.3303632736206055
2963,81810,1000,True,-1.340039610862732
2964,81469,1000,True,-1.3480418920516968
2965,81512,1000,True,-1.3517463207244873
2966,82289,1000,True,-1.3540152311325073
2967,81824,1000,True,-1.3519519567489624
2968,82459,1000,True,-1.345444679260254
2969,81801,1000,True,-1.3378039598464966
2970,82148,1000,True,-1.3292657136917114
2971,84326,1000,True,-1.3176777362823486
2972,81698,1000,True,-1.3030309677124023
2973,82097,1000,True,-1.2819935083389282
2974,81621,1000,True,-1.2562748193740845
2975,80931,1000,True,-1.2276681661605835
2976,81776,1000,True,-1.1929657459259033
2977,82054,1000,True,-1.1496286392211914
2978,81806,1000,True,-1.0950809717178345
2979,81758,1000,True,-1.0278855562210083
2980,81422,1000,True,-0.9542962312698364
2981,81217,1000,True,-0.8665689826011658
2982,84476,1000,True,-0.7609890699386597
2983,81318,1000,True,-0.6263324022293091
2984,82551,1000,True,-0.4613550007343292
2985,82252,1000,True,-0.2747792899608612
2986,83079,1000,True,-0.08334271609783173
2987,83042,1000,True,0.09975647181272507
2988,82148,1000,True,0.27296188473701477
2989,81053,1000,True,0.4357767403125763
2990,30350647,1000,True,-0.24028226733207703
2991,86462,1000,True,-0.30693739652633667
2992,82796,1000,True,-0.3863624334335327
2993,82110,1000,True,-0.4736209511756897
2994,82564,1000,True,-0.5607803463935852
2995,82845,1000,True,-0.6450552940368652
2996,82326,1000,True,-0.7227338552474976
2997,82233,1000,True,-0.7925189733505249
2998,82740,1000,True,-0.8568748235702515
2999,81854,1000,True,-0.9114580750465393
3000,82266,1000,True,-0.9656143188476562
3001,83530,1000,True,-1.0166444778442383
3002,82245,1000,True,-1.0674688816070557
3003,81941,1000,True,-1.1145856380462646
3004,82507,1000,True,-1.1540170907974243
3005,81909,1000,True,-1.1885720491409302
3006,82067,1000,True,-1.2167845964431763
3007,81248,1000,True,-1.242681860923767
3008,82538,1000,True,-1.2677175998687744
3009,81659,1000,True,-1.2885178327560425
3010,82103,1000,True,-1.3059388399124146
3011,82850,1000,True,-1.3188451528549194
3012,84617,1000,True,-1.3303632736206055
3013,83044,1000,True,-1.340039610862732
3014,82447,1000,True,-1.3480418920516968
3015,83014,1000,True,-1.3517463207244873
3016,82118,1000,True,-1.3540152311325073
3017,81887,1000,True,-1.3519519567489624
3018,87307,1000,True,-1.345444679260254
3019,81943,1000,True,-1.3378039598464966
3020,81980,1000,True,-1.3292657136917114
3021,82167,1000,True,-1.3176777362823486
3022,82726,1000,True,-1.3030309677124023
3023,83726,1000,True,-1.2819935083389282
3024,82389,1000,True,-1.2562748193740845
3025,81092,1000,True,-1.2276681661605835
3026,82949,1000,True,-1.1929657459259033
3027,81674,1000,True,-1.1496286392211914
3028,83128,1000,True,-1.0950809717178345
3029,82482,1000,True,-1.0278855562210083
3030,82188,1000,True,-0.9542962312698364
3031,81882,1000,True,-0.8665689826011658
3032,82740,1000,True,-0.7609890699386597
3033,82249,1000,True,-0.6263324022293091
3034,83160,1000,True,-0.4613550007343292
3035,81778,1000,True,-0.2747792899608612
3036,81403,1000,True,-0.08334271609783173
3037,81777,1000,True,0.09975647181272507
3038,82708,1000,True,0.27296188473701477
3039,81953,1000,True,0.4357767403125763
3040,30267345,1000,True,-0.24028226733207703
3041,85361,1000,True,-0.30693739652633667
3042,86299,1000,True,-0.3863624334335327
3043,82505,1000,True,-0.4736209511756897
3044,83005,1000,True,-0.5607803463935852
3045,81781,1000,True,-0.6450552940368652
3046,82344,1000,True,-0.7227338552474976
3047,82567,1000,True,-0.7925189733505249
3048,82334,1000,True,-0.8568748235702515
3049,82032,1000,True,-0.9114580750465393
3050,81987,1000,True,-0.9656143188476562
3051,82317,1000,True,-1.0166444778442383
3052,82952,1000,True,-1.0674688816070557
3053,85573,1000,True,-1.1145856380462646
3054,82788,1000,True,-1.1540170907974243
3055,82095,1000,True,-1.1885720491409302
3056,82406,1000,True,-1.2167845964431763
3057,82142,1000,True,-1.242681860923767
3058,82895,1000,True,-1.2677175998687744
3059,82207,1000,True,-1.2885178327560425
3060,82068,1000,True,-1.3059388399124146
3061,81614,1000,True,-1.3188451528549194
3062,82364,1000,True,-1.3303632736206055
3063,82685,1000,True,-1.340039610862732
3064,82656,1000,True,-1.3480418920516968
3065,82349,1000,True,-1.3517463207244873
3066,82906,1000,True,-1.3540152311325073
3067,82100,1000,True,-1.3519519567489624
3068,82888,1000,True,-1.345444679260254
3069,82010,1000,True,-1.3378039598464966
3070,82177,1000,True,-1.3292657136917114
3071,82067,1000,True,-1.3176777362823486
3072,82536,1000,True,-1.3030309677124023
3073,81366,1000,True,-1.2819935083389282
3074,83011,1000,True,-1.2562748193740845
3075,82714,1000,True,-1.2276681661605835
3076,82452,1000,True,-1.1929657459259033
3077,81414,1000,True,-1.1496286392211914
3078,82222,1000,True,-1.0950809717178345
3079,82547,1000,True,-1.0278855562210083
3080,82454,1000,True,-0.9542962312698364
3081,81927,1000,True,-0.8665689826011658
3082,82449,1000,True,-0.7609890699386597
3083,81369,1000,True,-0.6263324022293091
3084,82427,1000,True,-0.4613550007343292
3085,82087,1000,True,-0.2747792899608612
3086,84385,1000,True,-0.08334271609783173
3087,82195,1000,True,0.09975647181272507
3088,81998,1000,True,0.27296188473701477
3089,81961,1000,True,0.4357767403125763
3090,30266546,1000,True,-0.24028226733207703
3091,87208,1000,True,-0.30693739652633667
3092,84095,1000,True,-0.3863624334335327
3093,82227,1000,True,-0.4736209511756897
3094,83529,1000,True,-0.5607803463935852
3095,82376,1000,True,-0.6450552940368652
3096,82058,1000,True,-0.7227338552474976
3097,81985,1000,True,-0.7925189733505249
3098,82510,1000,True,-0.8568748235702515
3099,82270,1000,True,-0.9114580750465393
3100,81925,1000,True,-0.9656143188476562
3101,81914,1000,True,-1.0166444778442383
3102,82836,1000,True,-1.0674688816070557
3103,82222,1000,True,-1.1145856380462646
3104,81858,1000,True,-1.1540170907974243
3105,82329,1000,True,-1.1885720491409302
3106,83956,1000,True,-1.2167845964431763
3107,82873,1000,True,-1.242681860923767
3108,82481,1000,True,-1.2677175998687744
3109,81710,1000,True,-1.2885178327560425
3110,82219,1000,True,-1.3059388399124146
3111,81943,1000,True,-1.3188451528549194
3112,82203,1000,True,-1.3303632736206055
3113,82045,1000,True,-1.340039610862732
3114,82517,1000,True,-1.3480418920516968
3115,82374,1000,True,-1.3517463207244873
3116,84072,1000,True,-1.3540152311325073
3117,82094,1000,True,-1.3519519567489624
3118,82666,1000,True,-1.345444679260254
3119,82616,1000,True,-1.3378039598464966
3120,82962,1000,True,-1.3292657136917114
3121,82426,1000,True,-1.3176777362823486
3122,82683,1000,True,-1.3030309677124023
3123,81947,1000,True,-1.2819935083389282
3124,83626,1000,True,-1.2562748193740845
3125,81302,1000,True,-1.2276681661605835
3126,82084,1000,True,-1.1929657459259033
3127,82547,1000,True,-1.1496286392211914
3128,82318,1000,True,-1.0950809717178345
3129,81499,1000,True,-1.0278855562210083
3130,81924,1000,True,-0.9542962312698364
3131,81678,1000,True,-0.8665689826011658
3132,82774,1000,True,-0.7609890699386597
3133,82032,1000,True,-0.6263324022293091
3134,82077,1000,True,-0.4613550007343292
3135,81675,1000,True,-0.2747792899608612
3136,81447,1000,True,-0.08334271609783173
3137,81690,1000,True,0.09975647181272507
3138,84966,1000,True,0.27296188473701477
3139,81443,1000,True,0.4357767403125763
3140,30256084,1000,True,-0.24028226733207703
3141,86204,1000,True,-0.30693739652633667
3142,83349,1000,True,-0.3863624334335327
3143,82600,1000,True,-0.4736209511756897
3144,82156,1000,True,-0.5607803463935852
3145,82102,1000,True,-0.6450552940368652
3146,81390,1000,True,-0.7227338552474976
3147,83402,1000,True,-0.7925189733505249
3148,81527,1000,True,-0.8568748235702515
3149,81440,1000,True,-0.9114580750465393
3150,82252,1000,True,-0.9656143188476562
3151,81781,1000,True,-1.0166444778442383
3152,82682,1000,True,-1.0674688816070557
3153,82058,1000,True,-1.1145856380462646
3154,82075,1000,True,-1.1540170907974243
3155,82044,1000,True,-1.1885720491409302
3156,82871,1000,True,-1.2167845964431763
3157,81535,1000,True,-1.242681860923767
3158,82882,1000,True,-1.2677175998687744
3159,82566,1000,True,-1.2885178327560425
3160,82547,1000,True,-1.3059388399124146
3161,81525,1000,True,-1.3188451528549194
3162,81970,1000,True,-1.3303632736206055
3163,82073,1000,True,-1.340039610862732
3164,82400,1000,True,-1.3480418920516968
3165,82359,1000,True,-1.3517463207244873
3166,81571,1000,True,-1.3540152311325073
3167,82454,1000,True,-1.3519519567489624
3168,83236,1000,True,-1.345444679260254
3169,82059,1000,True,-1.3378039598464966
3170,82163,1000,True,-1.3292657136917114
3171,81990,1000,True,-1.3176777362823486
3172,81339,1000,True,-1.3030309677124023
3173,82296,1000,True,-1.2819935083389282
3174,82361,1000,True,-1.2562748193740845
3175,82247,1000,True,-1.2276681661605835
3176,82487,1000,True,-1.1929657459259033
3177,81839,1000,True,-1.1496286392211914
3178,82549,1000,True,-1.0950809717178345
3179,84136,1000,True,-1.0278855562210083
3180,83358,1000,True,-0.9542962312698364
3181,81816,1000,True,-0.8665689826011658
3182,82215,1000,True,-0.7609890699386597
3183,81537,1000,True,-0.6263324022293091
3184,82223,1000,True,-0.4613550007343292
3185,82068,1000,True,-0.2747792899608612
3186,81540,1000,True,-0.08334271609783173
3187,82222,1000,True,0.09975647181272507
3188,82642,1000,True,0.27296188473701477
3189,81312,1000,True,0.4357767403125763
3190,30240562,1000,True,-0.24028226733207703
3191,85461,1000,True,-0.30693739652633667
3192,82664,1000,True,-0.3863624334335327
3193,81406,1000,True,-0.4736209511756897
3194,82288,1000,True,-0.5607803463935852
3195,81321,1000,True,-0.6450552940368652
3196,82169,1000,True,-0.7227338552474976
3197,81499,1000,True,-0.7925189733505249
3198,81906,1000,True,-0.8568748235702515
3199,83934,1000,True,-0.9114580750465393
3200,82605,1000,True,-0.9656143188476562
3201,81689,1000,True,-1.0166444778442383
3202,82214,1000,True,-1.0674688816070557
3203,81639,1000,True,-1.1145856380462646
3204,81904,1000,True,-1.1540170907974243
3205,82416,1000,True,-1.1885720491409302
3206,82344,1000,True,-1.2167845964431763
3207,81648,1000,True,-1.242681860923767
3208,82777,1000,True,-1.2677175998687744
3209,82437,1000,True,-1.2885178327560425
3210,84886,1000,True,-1.3059388399124146
3211,81960,1000,True,-1.3188451528549194
3212,82486,1000,True,-1.3303632736206055
3213,81317,1000,True,-1.340039610862732
3214,83157,1000,True,-1.3480418920516968
3215,81390,1000,True,-1.3517463207244873
3216,82263,1000,True,-1.3540152311325073
3217,82362,1000,True,-1.3519519567489624
3218,82462,1000,True,-1.345444679260254
3219,82082,1000,True,-1.3378039598464966
3220,81721,1000,True,-1.3292657136917114
3221,83960,1000,True,-1.3176777362823486
3222,82121,1000,True,-1.3030309677124023
3223,82394,1000,True,-1.2819935083389282
3224,82486,1000,True,-1.2562748193740845
3225,82339,1000,True,-1.2276681661605835
3226,82181,1000,True,-1.1929657459259033
3227,82479,1000,True,-1.1496286392211914
3228,82697,1000,True,-1.0950809717178345
3229,81386,1000,True,-1.0278855562210083
3230,82317,1000,True,-0.9542962312698364
3231,81621,1000,True,-0.8665689826011658
3232,84701,1000,True,-0.7609890699386597
3233,81510,1000,True,-0.6263324022293091
3234,82115,1000,True,-0.4613550007343292
3235,82411,1000,True,-0.2747792899608612
3236,81765,1000,True,-0.08334271609783173
3237,82203,1000,True,0.09975647181272507
3238,83463,1000,True,0.27296188473701477
3239,82475,1000,True,0.4357767403125763
3240,29960396,1000,True,-0.24028226733207703
3241,85406,1000,True,-0.30693739652633667
3242,83540,1000,True,-0.3863624334335327
3243,82898,1000,True,-0.4736209511756897
3244,84818,1000,True,-0.5607803463935852
3245,82056,1000,True,-0.6450552940368652
3246,82508,1000,True,-0.7227338552474976
3247,81420,1000,True,-0.7925189733505249
3248,82535,1000,True,-0.8568748235702515
3249,81818,1000,True,-0.9114580750465393
3250,82435,1000,True,-0.9656143188476562
3251,82054,1000,True,-1.0166444778442383
3252,81733,1000,True,-1.0674688816070557
3253,81217,1000,True,-1.1145856380462646
3254,81208,1000,True,-1.1540170907974243
3255,83746,1000,True,-1.1885720491409302
3256,82036,1000,True,-1.2167845964431763
3257,104492,1000,True,-1.242681860923767
3258,82594,1000,True,-1.2677175998687744
3259,81215,1000,True,-1.2885178327560425
3260,81849,1000,True,-1.3059388399124146
3261,82273,1000,True,-1.3188451528549194
3262,81906,1000,True,-1.3303632736206055
3263,81991,1000,True,-1.340039610862732
3264,83728,1000,True,-1.3480418920516968
3265,81892,1000,True,-1.3517463207244873
3266,81871,1000,True,-1.3540152311325073
3267,81585,1000,True,-1.3519519567489624
3268,81918,1000,True,-1.345444679260254
3269,80979,1000,True,-1.3378039598464966
3270,83369,1000,True,-1.3292657136917114
3271,83963,1000,True,-1.3176777362823486
3272,81940,1000,True,-1.3030309677124023
3273,81487,1000,True,-1.2819935083389282
3274,81143,1000,True,-1.2562748193740845
3275,81214,1000,True,-1.2276681661605835
3276,82058,1000,True,-1.1929657459259033
3277,82553,1000,True,-1.1496286392211914
3278,82022,1000,True,-1.0950809717178345
3279,80954,1000,True,-1.0278855562210083
3280,82657,1000,True,-0.9542962312698364
3281,80851,1000,True,-0.8665689826011658
3282,82158,1000,True,-0.7609890699386597
3283,82786,1000,True,-0.6263324022293091
3284,84848,1000,True,-0.4613550007343292
3285,81088,1000,True,-0.2747792899608612
3286,82238,1000,True,-0.08334271609783173
3287,80992,1000,True,0.09975647181272507
3288,82084,1000,True,0.27296188473701477
3289,81119,1000,True,0.4357767403125763
3290,29958948,1000,True,-0.24028226733207703
3291,85480,1000,True,-0.30693739652633667
3292,83254,1000,True,-0.3863624334335327
3293,82607,1000,True,-0.4736209511756897
3294,82079,1000,True,-0.5607803463935852
3295,82482,1000,True,-0.6450552940368652
3296,83657,1000,True,-0.7227338552474976
3297,81913,1000,True,-0.7925189733505249
3298,82285,1000,True,-0.8568748235702515
3299,81536,1000,True,-0.9114580750465393
3300,81741,1000,True,-0.9656143188476562
3301,81726,1000,True,-1.0166444778442383
3302,81927,1000,True,-1.0674688816070557
3303,82345,1000,True,-1.1145856380462646
3304,81357,1000,True,-1.1540170907974243
3305,81592,1000,True,-1.1885720491409302
3306,82417,1000,True,-1.2167845964431763
3307,84087,1000,True,-1.242681860923767
3308,81931,1000,True,-1.2677175998687744
3309,81761,1000,True,-1.2885178327560425
3310,82231,1000,True,-1.3059388399124146
3311,81417,1000,True,-1.3188451528549194
3312,82157,1000,True,-1.3303632736206055
3313,82226,1000,True,-1.340039610862732
3314,82010,1000,True,-1.3480418920516968
3315,81939,1000,True,-1.3517463207244873
3316,81829,1000,True,-1.3540152311325073
3317,81627,1000,True,-1.3519519567489624
3318,84370,1000,True,-1.345444679260254
3319,81998,1000,True,-1.3378039598464966
3320,82041,1000,True,-1.3292657136917114
3321,82215,1000,True,-1.3176777362823486
3322,82199,1000,True,-1.3030309677124023
3323,81300,1000,True,-1.2819935083389282
3324,81782,1000,True,-1.2562748193740845
3325,81485,1000,True,-1.2276681661605835
3326,82456,1000,True,-1.1929657459259033
3327,81940,1000,True,-1.1496286392211914
3328,81311,1000,True,-1.0950809717178345
3329,82333,1000,True,-1.0278855562210083
3330,82838,1000,True,-0.9542962312698364
3331,82137,1000,True,-0.8665689826011658
3332,81628,1000,True,-0.7609890699386597
3333,81158,1000,True,-0.6263324022293091
3334,82234,1000,True,-0.4613550007343292
3335,81543,1000,True,-0.2747792899608612
3336,82108,1000,True,-0.08334271609783173
3337,81952,1000,True,0.09975647181272507
3338,82352,1000,True,0.27296188473701477
3339,82358,1000,True,0.4357767403125763
3340,30258961,1000,True,-0.24028226733207703
3341,84672,1000,True,-0.30693739652633667
3342,83409,1000,True,-0.3863624334335327
3343,82858,1000,True,-0.4736209511756897
3344,84161,1000,True,-0.5607803463935852
3345,81007,1000,True,-0.6450552940368652
3346,82142,1000,True,-0.7227338552474976
3347,81838,1000,True,-0.7925189733505249
3348,81931,1000,True,-0.8568748235702515
3349,81207,1000,True,-0.9114580750465393
3350,81800,1000,True,-0.9656143188476562
3351,81241,1000,True,-1.0166444778442383
3352,82080,1000,True,-1.0674688816070557
3353,81631,1000,True,-1.1145856380462646
3354,81756,1000,True,-1.1540170907974243
3355,82080,1000,True,-1.1885720491409302
3356,82459,1000,True,-1.2167845964431763
3357,81386,1000,True,-1.242681860923767
3358,81909,1000,True,-1.2677175998687744
3359,81888,1000,True,-1.2885178327560425
3360,83071,1000,True,-1.3059388399124146
3361,82534,1000,True,-1.3188451528549194
3362,82604,1000,True,-1.3303632736206055
3363,83035,1000,True,-1.340039610862732
3364,82614,1000,True,-1.3480418920516968
3365,82381,1000,True,-1.3517463207244873
3366,81830,1000,True,-1.3540152311325073
3367,81897,1000,True,-1.3519519567489624
3368,81797,1000,True,-1.345444679260254
3369,81684,1000,True,-1.3378039598464966
3370,84411,1000,True,-1.3292657136917114
3371,82165,1000,True,-1.3176777362823486
3372,82617,1000,True,-1.3030309677124023
3373,81854,1000,True,-1.2819935083389282
3374,83104,1000,True,-1.2562748193740845
3375,81217,1000,True,-1.2276681661605835
3376,81630,1000,True,-1.1929657459259033
3377,81874,1000,True,-1.1496286392211914
3378,82295,1000,True,-1.0950809717178345
3379,81589,1000,True,-1.0278855562210083
3380,81820,1000,True,-0.9542962312698364
3381,83921,1000,True,-0.8665689826011658
3382,82276,1000,True,-0.7609890699386597
3383,81397,1000,True,-0.6263324022293091
3384,81852,1000,True,-0.4613550007343292
3385,81572,1000,True,-0.2747792899608612
3386,81053,1000,True,-0.08334271609783173
3387,82841,1000,True,0.09975647181272507
3388,82459,1000,True,0.27296188473701477
3389,81077,1000,True,0.4357767403125763
3390,30271959,1000,True,-0.24028226733207703
3391,85377,1000,True,-0.30693739652633667
3392,82706,1000,True,-0.3863624334335327
3393,82125,1000,True,-0.4736209511756897
3394,83494,1000,True,-0.5607803463935852
3395,82391,1000,True,-0.6450552940368652
3396,82238,1000,True,-0.7227338552474976
3397,81369,1000,True,-0.7925189733505249
3398,82391,1000,True,-0.8568748235702515
3399,81304,1000,True,-0.9114580750465393
3400,81565,1000,True,-0.9656143188476562
3401,81363,1000,True,-1.0166444778442383
3402,82300,1000,True,-1.0674688816070557
3403,81149,1000,True,-1.1145856380462646
3404,81431,1000,True,-1.1540170907974243
3405,81373,1000,True,-1.1885720491409302
3406,82931,1000,True,-1.2167845964431763
3407,82072,1000,True,-1.242681860923767
3408,81775,1000,True,-1.2677175998687744
3409,80957,1000,True,-1.2885178327560425
3410,82178,1000,True,-1.3059388399124146
3411,81547,1000,True,-1.3188451528549194
3412,82317,1000,True,-1.3303632736206055
3413,81240,1000,True,-1.340039610862732
3414,83244,1000,True,-1.3480418920516968
3415,82002,1000,True,-1.3517463207244873
3416,82532,1000,True,-1.3540152311325073
3417,81559,1000,True,-1.3519519567489624
3418,81922,1000,True,-1.345444679260254
3419,81198,1000,True,-1.3378039598464966
3420,81646,1000,True,-1.3292657136917114
3421,82413,1000,True,-1.3176777362823486
3422,82046,1000,True,-1.3030309677124023
3423,83516,1000,True,-1.2819935083389282
3424,82627,1000,True,-1.2562748193740845
3425,81456,1000,True,-1.2276681661605835
3426,82316,1000,True,-1.1929657459259033
3427,81859,1000,True,-1.1496286392211914
3428,81673,1000,True,-1.0950809717178345
3429,81555,1000,True,-1.0278855562210083
3430,82008,1000,True,-0.9542962312698364
3431,81819,1000,True,-0.8665689826011658
3432,81728,1000,True,-0.7609890699386597
3433,81637,1000,True,-0.6263324022293091
3434,84777,1000,True,-0.4613550007343292
3435,82564,1000,True,-0.2747792899608612
3436,82395,1000,True,-0.08334271609783173
3437,81090,1000,True,0.09975647181272507
3438,82396,1000,True,0.27296188473701477
3439,81343,1000,True,0.4357767403125763
3440,30240395,1000,True,-0.24028226733207703
3441,85909,1000,True,-0.30693739652633667
3442,83434,1000,True,-0.3863624334335327
3443,85030,1000,True,-0.4736209511756897
3444,83368,1000,True,-0.5607803463935852
3445,82094,1000,True,-0.6450552940368652
3446,82649,1000,True,-0.7227338552474976
3447,81996,1000,True,-0.7925189733505249
3448,82929,1000,True,-0.8568748235702515
3449,81493,1000,True,-0.9114580750465393
3450,82949,1000,True,-0.9656143188476562
3451,82203,1000,True,-1.0166444778442383
3452,81899,1000,True,-1.0674688816070557
3453,82491,1000,True,-1.1145856380462646
3454,82626,1000,True,-1.1540170907974243
3455,81287,1000,True,-1.1885720491409302
3456,82211,1000,True,-1.2167845964431763
3457,81653,1000,True,-1.242681860923767
3458,81738,1000,True,-1.2677175998687744
3459,82335,1000,True,-1.2885178327560425
3460,82263,1000,True,-1.3059388399124146
3461,81695,1000,True,-1.3188451528549194
3462,82463,1000,True,-1.3303632736206055
3463,82165,1000,True,-1.340039610862732
3464,83743,1000,True,-1.3480418920516968
3465,81827,1000,True,-1.3517463207244873
3466,83122,1000,True,-1.3540152311325073
3467,82587,1000,True,-1.3519519567489624
3468,82510,1000,True,-1.345444679260254
3469,81503,1000,True,-1.3378039598464966
3470,82104,1000,True,-1.3292657136917114
3471,81695,1000,True,-1.3176777362823486
3472,82709,1000,True,-1.3030309677124023
3473,81919,1000,True,-1.2819935083389282
3474,82290,1000,True,-1.2562748193740845
3475,83423,1000,True,-1.2276681661605835
3476,82205,1000,True,-1.1929657459259033
3477,81432,1000,True,-1.1496286392211914
3478,82256,1000,True,-1.0950809717178345
3479,82856,1000,True,-1.0278855562210083
3480,81890,1000,True,-0.9542962312698364
3481,81683,1000,True,-0.8665689826011658
3482,82439,1000,True,-0.7609890699386597
3483,81250,1000,True,-0.6263324022293091
3484,81869,1000,True,-0.4613550007343292
3485,81913,1000,True,-0.2747792899608612
3486,84246,1000,True,-0.08334271609783173
3487,81644,1000,True,0.09975647181272507
3488,81494,1000,True,0.27296188473701477
3489,81305,1000,True,0.4357767403125763
3490,30266085,1000,True,-0.24028226733207703
3491,85748,1000,True,-0.30693739652633667
3492,82743,1000,True,-0.3863624334335327
3493,82000,1000,True,-0.4736209511756897
3494,82759,1000,True,-0.5607803463935852
3495,84598,1000,True,-0.6450552940368652
3496,81685,1000,True,-0.7227338552474976
3497,82109,1000,True,-0.7925189733505249
3498,83010,1000,True,-0.8568748235702515
3499,81742,1000,True,-0.9114580750465393
3500,82220,1000,True,-0.9656143188476562
3501,82591,1000,True,-1.0166444778442383
3502,83576,1000,True,-1.0674688816070557
3503,81285,1000,True,-1.1145856380462646
3504,82096,1000,True,-1.1540170907974243
3505,81400,1000,True,-1.1885720491409302
3506,83508,1000,True,-1.2167845964431763
3507,81954,1000,True,-1.242681860923767
3508,81341,1000,True,-1.2677175998687744
3509,82223,1000,True,-1.2885178327560425
3510,82389,1000,True,-1.3059388399124146
3511,82539,1000,True,-1.3188451528549194
3512,81979,1000,True,-1.3303632736206055
3513,81848,1000,True,-1.340039610862732
3514,82033,1000,True,-1.3480418920516968
3515,81578,1000,True,-1.3517463207244873
3516,82107,1000,True,-1.3540152311325073
3517,82349,1000,True,-1.3519519567489624
3518,82828,1000,True,-1.345444679260254
3519,81743,1000,True,-1.3378039598464966
3520,82390,1000,True,-1.3292657136917114
3521,81620,1000,True,-1.3176777362823486
3522,82067,1000,True,-1.3030309677124023
3523,82705,1000,True,-1.2819935083389282
3524,82377,1000,True,-1.2562748193740845
3525,81670,1000,True,-1.2276681661605835
3526,82336,1000,True,-1.1929657459259033
3527,81808,1000,True,-1.1496286392211914
3528,82842,1000,True,-1.0950809717178345
3529,82166,1000,True,-1.0278855562210083
3530,81607,1000,True,-0.9542962312698364
3531,82504,1000,True,-0.8665689826011658
3532,81183,1000,True,-0.7609890699386597
3533,81195,1000,True,-0.6263324022293091
3534,82770,1000,True,-0.4613550007343292
3535,82395,1000,True,-0.2747792899608612
3536,81595,1000,True,-0.08334271609783173
3537,81930,1000,True,0.09975647181272507
3538,82122,1000,True,0.27296188473701477
3539,82989,1000,True,0.4357767403125763
3540,30612651,1000,True,-0.24028226733207703
3541,86770,1000,True,-0.30693739652633667
3542,84036,1000,True,-0.3863624334335327
3543,83276,1000,True,-0.4736209511756897
3544,83103,1000,True,-0.5607803463935852
3545,82142,1000,True,-0.6450552940368652
3546,81786,1000,True,-0.7227338552474976
3547,82043,1000,True,-0.7925189733505249
3548,82166,1000,True,-0.8568748235702515
3549,80912,1000,True,-0.9114580750465393
3550,81436,1000,True,-0.9656143188476562
3551,81766,1000,True,-1.0166444778442383
3552,81480,1000,True,-1.0674688816070557
3553,81314,1000,True,-1.1145856380462646
3554,84504,1000,True,-1.1540170907974243
3555,81798,1000,True,-1.1885720491409302
3556,82049,1000,True,-1.2167845964431763
3557,81810,1000,True,-1.242681860923767
3558,82825,1000,True,-1.2677175998687744
3559,81532,1000,True,-1.2885178327560425
3560,82467,1000,True,-1.3059388399124146
3561,81418,1000,True,-1.3188451528549194
3562,82283,1000,True,-1.3303632736206055
3563,82113,1000,True,-1.340039610862732
3564,82271,1000,True,-1.3480418920516968
3565,84439,1000,True,-1.3517463207244873
3566,83656,1000,True,-1.3540152311325073
3567,82240,1000,True,-1.3519519567489624
3568,82372,1000,True,-1.345444679260254
3569,82658,1000,True,-1.3378039598464966
3570,82385,1000,True,-1.3292657136917114
3571,82277,1000,True,-1.3176777362823486
3572,82487,1000,True,-1.3030309677124023
3573,82390,1000,True,-1.2819935083389282
3574,82062,1000,True,-1.2562748193740845
3575,82487,1000,True,-1.2276681661605835
3576,84710,1000,True,-1.1929657459259033
3577,82318,1000,True,-1.1496286392211914
3578,82979,1000,True,-1.0950809717178345
3579,81799,1000,True,-1.0278855562210083
3580,82369,1000,True,-0.9542962312698364
3581,82099,1000,True,-0.8665689826011658
3582,82841,1000,True,-0.7609890699386597
3583,81721,1000,True,-0.6263324022293091
3584,82461,1000,True,-0.4613550007343292
3585,82093,1000,True,-0.2747792899608612
3586,82425,1000,True,-0.08334271609783173
3587,84162,1000,True,0.09975647181272507
3588,82409,1000,True,0.27296188473701477
3589,81509,1000,True,0.4357767403125763
3590,29953289,1000,True,-0.24028226733207703
3591,86400,1000,True,-0.30693739652633667
3592,83000,1000,True,-0.3863624334335327
3593,82337,1000,True,-0.4736209511756897
3594,358691,1000,True,-0.5607803463935852
3595,84096,1000,True,-0.6450552940368652
3596,83315,1000,True,-0.7227338552474976
3597,81207,1000,True,-0.7925189733505249
3598,82745,1000,True,-0.8568748235702515
3599,81598,1000,True,-0.9114580750465393
3600,82418,1000,True,-0.9656143188476562
3601,81642,1000,True,-1.0166444778442383
3602,82001,1000,True,-1.0674688816070557
3603,81585,1000,True,-1.1145856380462646
3604,83294,1000,True,-1.1540170907974243
3605,82136,1000,True,-1.1885720491409302
3606,82166,1000,True,-1.2167845964431763
3607,82418,1000,True,-1.242681860923767
3608,82102,1000,True,-1.2677175998687744
3609,81693,1000,True,-1.2885178327560425
3610,81828,1000,True,-1.3059388399124146
3611,82149,1000,True,-1.3188451528549194
3612,81411,1000,True,-1.3303632736206055
3613,81323,1000,True,-1.340039610862732
3614,82479,1000,True,-1.3480418920516968
3615,81608,1000,True,-1.3517463207244873
3616,82214,1000,True,-1.3540152311325073
3617,82141,1000,True,-1.3519519567489624
3618,83378,1000,True,-1.345444679260254
3619,82455,1000,True,-1.3378039598464966
3620,82089,1000,True,-1.3292657136917114
3621,82437,1000,True,-1.3176777362823486
3622,83075,1000,True,-1.3030309677124023
3623,82588,1000,True,-1.2819935083389282
3624,82435,1000,True,-1.2562748193740845
3625,82000,1000,True,-1.2276681661605835
3626,82493,1000,True,-1.1929657459259033
3627,82583,1000,True,-1.1496286392211914
3628,82667,1000,True,-1.0950809717178345
3629,83523,1000,True,-1.0278855562210083
3630,82299,1000,True,-0.9542962312698364
3631,82281,1000,True,-0.8665689826011658
3632,82380,1000,True,-0.7609890699386597
3633,81365,1000,True,-0.6263324022293091
3634,82332,1000,True,-0.4613550007343292
3635,82233,1000,True,-0.2747792899608612
3636,83199,1000,True,-0.08334271609783173
3637,81291,1000,True,0.09975647181272507
3638,81713,1000,True,0.27296188473701477
3639,81612,1000,True,0.4357767403125763
3640,29959230,1000,True,-0.24028226733207703
3641,87550,1000,True,-0.30693739652633667
3642,82779,1000,True,-0.3863624334335327
3643,81921,1000,True,-0.4736209511756897
3644,82405,1000,True,-0.5607803463935852
3645,81029,1000,True,-0.6450552940368652
3646,82444,1000,True,-0.7227338552474976
3647,82191,1000,True,-0.7925189733505249
3648,82160,1000,True,-0.8568748235702515
3649,81391,1000,True,-0.9114580750465393
3650,82314,1000,True,-0.9656143188476562
3651,80991,1000,True,-1.0166444778442383
3652,84318,1000,True,-1.0674688816070557
3653,81427,1000,True,-1.1145856380462646
3654,81473,1000,True,-1.1540170907974243
3655,81760,1000,True,-1.1885720491409302
3656,81959,1000,True,-1.2167845964431763
3657,81395,1000,True,-1.242681860923767
3658,81697,1000,True,-1.2677175998687744
3659,81316,1000,True,-1.2885178327560425
3660,82301,1000,True,-1.3059388399124146
3661,81058,1000,True,-1.3188451528549194
3662,82796,1000,True,-1.3303632736206055
3663,82019,1000,True,-1.340039610862732
3664,82338,1000,True,-1.3480418920516968
3665,81128,1000,True,-1.3517463207244873
3666,82153,1000,True,-1.3540152311325073
3667,81661,1000,True,-1.3519519567489624
3668,82061,1000,True,-1.345444679260254
3669,81317,1000,True,-1.3378039598464966
3670,82308,1000,True,-1.3292657136917114
3671,82495,1000,True,-1.3176777362823486
3672,81398,1000,True,-1.3030309677124023
3673,81544,1000,True,-1.2819935083389282
3674,81162,1000,True,-1.2562748193740845
3675,81942,1000,True,-1.2276681661605835
3676,81941,1000,True,-1.1929657459259033
3677,81319,1000,True,-1.1496286392211914
3678,81498,1000,True,-1.0950809717178345
3679,81457,1000,True,-1.0278855562210083
3680,81698,1000,True,-0.9542962312698364
3681,81738,1000,True,-0.8665689826011658
3682,81506,1000,True,-0.7609890699386597
3683,81353,1000,True,-0.6263324022293091
3684,83678,1000,True,-0.4613550007343292
3685,81183,1000,True,-0.2747792899608612
3686,81611,1000,True,-0.08334271609783173
3687,81800,1000,True,0.09975647181272507
3688,82386,1000,True,0.27296188473701477
3689,82114,1000,True,0.4357767403125763
3690,30210008,1000,True,-0.24028226733207703
3691,85213,1000,True,-0.30693739652633667
3692,83221,1000,True,-0.3863624334335327
3693,81944,1000,True,-0.4736209511756897
3694,82848,1000,True,-0.5607803463935852
3695,81745,1000,True,-0.6450552940368652
3696,81567,1000,True,-0.7227338552474976
3697,81176,1000,True,-0.7925189733505249
3698,81508,1000,True,-0.8568748235702515
3699,82563,1000,True,-0.9114580750465393
3700,81654,1000,True,-0.9656143188476562
3701,81377,1000,True,-1.0166444778442383
3702,81674,1000,True,-1.0674688816070557
3703,81344,1000,True,-1.1145856380462646
3704,82640,1000,True,-1.1540170907974243
3705,83877,1000,True,-1.1885720491409302
3706,82683,1000,True,-1.2167845964431763
3707,81544,1000,True,-1.242681860923767
3708,81589,1000,True,-1.2677175998687744
3709,81980,1000,True,-1.2885178327560425
3710,81581,1000,True,-1.3059388399124146
3711,81381,1000,True,-1.3188451528549194
3712,82405,1000,True,-1.3303632736206055
3713,81235,1000,True,-1.340039610862732
3714,81739,1000,True,-1.3480418920516968
3715,81011,1000,True,-1.3517463207244873
3716,84598,1000,True,-1.3540152311325073
3717,81616,1000,True,-1.3519519567489624
3718,83006,1000,True,-1.345444679260254
3719,81941,1000,True,-1.3378039598464966
3720,81510,1000,True,-1.3292657136917114
3721,81229,1000,True,-1.3176777362823486
3722,82098,1000,True,-1.3030309677124023
3723,82283,1000,True,-1.2819935083389282
3724,81820,1000,True,-1.2562748193740845
3725,81287,1000,True,-1.2276681661605835
3726,82256,1000,True,-1.1929657459259033
3727,81249,1000,True,-1.1496286392211914
3728,81550,1000,True,-1.0950809717178345
3729,81136,1000,True,-1.0278855562210083
3730,82024,1000,True,-0.9542962312698364
3731,81186,1000,True,-0.8665689826011658
3732,81332,1000,True,-0.7609890699386597
3733,81791,1000,True,-0.6263324022293091
3734,81498,1000,True,-0.4613550007343292
3735,81046,1000,True,-0.2747792899608612
3736,81098,1000,True,-0.08334271609783173
3737,80895,1000,True,0.09975647181272507
3738,82659,1000,True,0.27296188473701477
3739,81405,1000,True,0.4357767403125763
3740,30266499,1000,True,-0.24028226733207703
3741,86174,1000,True,-0.30693739652633667
3742,84916,1000,True,-0.3863624334335327
3743,82367,1000,True,-0.4736209511756897
3744,83483,1000,True,-0.5607803463935852
3745,82668,1000,True,-0.6450552940368652
3746,85106,1000,True,-0.7227338552474976
3747,81861,1000,True,-0.7925189733505249
3748,81849,1000,True,-0.8568748235702515
3749,81763,1000,True,-0.9114580750465393
3750,82705,1000,True,-0.9656143188476562
3751,81049,1000,True,-1.0166444778442383
3752,81810,1000,True,-1.0674688816070557
3753,82155,1000,True,-1.1145856380462646
3754,81634,1000,True,-1.1540170907974243
3755,82335,1000,True,-1.1885720491409302
3756,81727,1000,True,-1.2167845964431763
3757,81792,1000,True,-1.242681860923767
3758,81539,1000,True,-1.2677175998687744
3759,81614,1000,True,-1.2885178327560425
3760,82501,1000,True,-1.3059388399124146
3761,81159,1000,True,-1.3188451528549194
3762,82343,1000,True,-1.3303632736206055
3763,81799,1000,True,-1.340039610862732
3764,82337,1000,True,-1.3480418920516968
3765,81202,1000,True,-1.3517463207244873
3766,82057,1000,True,-1.3540152311325073
3767,82135,1000,True,-1.3519519567489624
3768,84145,1000,True,-1.345444679260254
3769,82431,1000,True,-1.3378039598464966
3770,82023,1000,True,-1.3292657136917114
3771,81716,1000,True,-1.3176777362823486
3772,81497,1000,True,-1.3030309677124023
3773,81419,1000,True,-1.2819935083389282
3774,82361,1000,True,-1.2562748193740845
3775,81531,1000,True,-1.2276681661605835
3776,81776,1000,True,-1.1929657459259033
3777,81820,1000,True,-1.1496286392211914
3778,82137,1000,True,-1.0950809717178345
3779,83721,1000,True,-1.0278855562210083
3780,82183,1000,True,-0.9542962312698364
3781,81961,1000,True,-0.8665689826011658
3782,82953,1000,True,-0.7609890699386597
3783,81408,1000,True,-0.6263324022293091
3784,82268,1000,True,-0.4613550007343292
3785,82099,1000,True,-0.2747792899608612
3786,81683,1000,True,-0.08334271609783173
3787,82114,1000,True,0.09975647181272507
3788,81902,1000,True,0.27296188473701477
3789,80927,1000,True,0.4357767403125763
3790,30208842,1000,True,-0.24028226733207703
3791,85910,1000,True,-0.30693739652633667
3792,82498,1000,True,-0.3863624334335327
3793,82035,1000,True,-0.4736209511756897
3794,82551,1000,True,-0.5607803463935852
3795,82243,1000,True,-0.6450552940368652
3796,82076,1000,True,-0.7227338552474976
3797,81249,1000,True,-0.7925189733505249
3798,83077,1000,True,-0.8568748235702515
3799,84977,1000,True,-0.9114580750465393
3800,81805,1000,True,-0.9656143188476562
3801,80959,1000,True,-1.0166444778442383
3802,81632,1000,True,-1.0674688816070557
3803,81565,1000,True,-1.1145856380462646
3804,82232,1000,True,-1.1540170907974243
3805,81877,1000,True,-1.1885720491409302
3806,81460,1000,True,-1.2167845964431763
3807,81490,1000,True,-1.242681860923767
3808,81161,1000,True,-1.2677175998687744
3809,80874,1000,True,-1.2885178327560425
3810,84217,1000,True,-1.3059388399124146
3811,81597,1000,True,-1.3188451528549194
3812,82106,1000,True,-1.3303632736206055
3813,81666,1000,True,-1.340039610862732
3814,83027,1000,True,-1.3480418920516968
3815,81988,1000,True,-1.3517463207244873
3816,81794,1000,True,-1.3540152311325073
3817,81522,1000,True,-1.3519519567489624
3818,83496,1000,True,-1.345444679260254
3819,81842,1000,True,-1.3378039598464966
3820,81987,1000,True,-1.3292657136917114
3821,84146,1000,True,-1.3176777362823486
3822,81719,1000,True,-1.3030309677124023
3823,81310,1000,True,-1.2819935083389282
3824,82045,1000,True,-1.2562748193740845
3825,82610,1000,True,-1.2276681661605835
3826,81989,1000,True,-1.1929657459259033
3827,81497,1000,True,-1.1496286392211914
3828,82379,1000,True,-1.0950809717178345
3829,81328,1000,True,-1.0278855562210083
3830,82292,1000,True,-0.9542962312698364
3831,81063,1000,True,-0.8665689826011658
3832,83703,1000,True,-0.7609890699386597
3833,81424,1000,True,-0.6263324022293091
3834,82147,1000,True,-0.4613550007343292
3835,81603,1000,True,-0.2747792899608612
3836,82197,1000,True,-0.08334271609783173
3837,81773,1000,True,0.09975647181272507
3838,82271,1000,True,0.27296188473701477
3839,81646,1000,True,0.4357767403125763
3840,30203626,1000,True,-0.24028226733207703
3841,90120,1000,True,-0.30693739652633667
3842,83586,1000,True,-0.3863624334335327
3843,83364,1000,True,-0.4736209511756897
3844,83442,1000,True,-0.5607803463935852
3845,81909,1000,True,-0.6450552940368652
3846,81827,1000,True,-0.7227338552474976
3847,82246,1000,True,-0.7925189733505249
3848,82232,1000,True,-0.8568748235702515
3849,81668,1000,True,-0.9114580750465393
3850,81392,1000,True,-0.9656143188476562
3851,81757,1000,True,-1.0166444778442383
3852,84045,1000,True,-1.0674688816070557
3853,81948,1000,True,-1.1145856380462646
3854,81622,1000,True,-1.1540170907974243
3855,82339,1000,True,-1.1885720491409302
3856,82189,1000,True,-1.2167845964431763
3857,81176,1000,True,-1.242681860923767
3858,82142,1000,True,-1.2677175998687744
3859,82355,1000,True,-1.2885178327560425
3860,82216,1000,True,-1.3059388399124146
3861,80937,1000,True,-1.3188451528549194
3862,81936,1000,True,-1.3303632736206055
3863,82441,1000,True,-1.340039610862732
3864,82387,1000,True,-1.3480418920516968
3865,81510,1000,True,-1.3517463207244873
3866,82312,1000,True,-1.3540152311325073
3867,81531,1000,True,-1.3519519567489624
3868,81780,1000,True,-1.345444679260254
3869,81801,1000,True,-1.3378039598464966
3870,82256,1000,True,-1.3292657136917114
3871,82353,1000,True,-1.3176777362823486
3872,82632,1000,True,-1.3030309677124023
3873,82163,1000,True,-1.2819935083389282
3874,84545,1000,True,-1.2562748193740845
3875,81948,1000,True,-1.2276681661605835
3876,82614,1000,True,-1.1929657459259033
3877,81552,1000,True,-1.1496286392211914
3878,82126,1000,True,-1.0950809717178345
3879,81434,1000,True,-1.0278855562210083
3880,82295,1000,True,-0.9542962312698364
3881,82478,1000,True,-0.8665689826011658
3882,81532,1000,True,-0.7609890699386597
3883,81471,1000,True,-0.6263324022293091
3884,82003,1000,True,-0.4613550007343292
3885,81342,1000,True,-0.2747792899608612
3886,82650,1000,True,-0.08334271609783173
3887,81928,1000,True,0.09975647181272507
3888,82025,1000,True,0.27296188473701477
3889,81454,1000,True,0.4357767403125763
3890,30253790,1000,True,-0.24028226733207703
3891,85018,1000,True,-0.30693739652633667
3892,83205,1000,True,-0.3863624334335327
3893,81708,1000,True,-0.4736209511756897
3894,83978,1000,True,-0.5607803463935852
3895,81993,1000,True,-0.6450552940368652
3896,82025,1000,True,-0.7227338552474976
3897,82195,1000,True,-0.7925189733505249
3898,82089,1000,True,-0.8568748235702515
3899,81793,1000,True,-0.9114580750465393
3900,82015,1000,True,-0.9656143188476562
3901,81941,1000,True,-1.0166444778442383
3902,81774,1000,True,-1.0674688816070557
3903,82031,1000,True,-1.1145856380462646
3904,81736,1000,True,-1.1540170907974243
3905,83227,1000,True,-1.1885720491409302
3906,81574,1000,True,-1.2167845964431763
3907,81258,1000,True,-1.242681860923767
3908,82075,1000,True,-1.2677175998687744
3909,81405,1000,True,-1.2885178327560425
3910,82413,1000,True,-1.3059388399124146
3911,81804,1000,True,-1.3188451528549194
3912,81957,1000,True,-1.3303632736206055
3913,81402,1000,True,-1.340039610862732
3914,82940,1000,True,-1.3480418920516968
3915,82712,1000,True,-1.3517463207244873
3916,81867,1000,True,-1.3540152311325073
3917,81473,1000,True,-1.3519519567489624
3918,82710,1000,True,-1.345444679260254
3919,82117,1000,True,-1.3378039598464966
3920,81407,1000,True,-1.3292657136917114
3921,82673,1000,True,-1.3176777362823486
3922,81618,1000,True,-1.3030309677124023
3923,81262,1000,True,-1.2819935083389282
3924,82060,1000,True,-1.2562748193740845
3925,82486,1000,True,-1.2276681661605835
3926,82049,1000,True,-1.1929657459259033
3927,81418,1000,True,-1.1496286392211914
3928,82948,1000,True,-1.0950809717178345
3929,81149,1000,True,-1.0278855562210083
3930,82566,1000,True,-0.9542962312698364
3931,82184,1000,True,-0.8665689826011658
3932,81505,1000,True,-0.7609890699386597
3933,81923,1000,True,-0.6263324022293091
3934,82005,1000,True,-0.4613550007343292
3935,81868,1000,True,-0.2747792899608612
3936,82243,1000,True,-0.08334271609783173
3937,83315,1000,True,0.09975647181272507
3938,82310,1000,True,0.27296188473701477
3939,82238,1000,True,0.4357767403125763
3940,30237667,1000,True,-0.24028226733207703
3941,86039,1000,True,-0.30693739652633667
3942,83381,1000,True,-0.3863624334335327
3943,82646,1000,True,-0.4736209511756897
3944,82293,1000,True,-0.5607803463935852
3945,83020,1000,True,-0.6450552940368652
3946,85732,1000,True,-0.7227338552474976
3947,81874,1000,True,-0.7925189733505249
3948,82761,1000,True,-0.8568748235702515
3949,81891,1000,True,-0.9114580750465393
3950,82330,1000,True,-0.9656143188476562
3951,82478,1000,True,-1.0166444778442383
3952,82146,1000,True,-1.0674688816070557
3953,87657,1000,True,-1.1145856380462646
3954,83343,1000,True,-1.1540170907974243
3955,82917,1000,True,-1.1885720491409302
3956,82084,1000,True,-1.2167845964431763
3957,84137,1000,True,-1.242681860923767
3958,82224,1000,True,-1.2677175998687744
3959,81734,1000,True,-1.2885178327560425
3960,82981,1000,True,-1.3059388399124146
3961,81780,1000,True,-1.3188451528549194
3962,82651,1000,True,-1.3303632736206055
3963,81877,1000,True,-1.340039610862732
3964,82461,1000,True,-1.3480418920516968
3965,82462,1000,True,-1.3517463207244873
3966,82793,1000,True,-1.3540152311325073
3967,81752,1000,True,-1.3519519567489624
3968,84387,1000,True,-1.345444679260254
3969,81529,1000,True,-1.3378039598464966
3970,81986,1000,True,-1.3292657136917114
3971,81748,1000,True,-1.3176777362823486
3972,82078,1000,True,-1.3030309677124023
3973,81715,1000,True,-1.2819935083389282
3974,82076,1000,True,-1.2562748193740845
3975,82546,1000,True,-1.2276681661605835
3976,82712,1000,True,-1.1929657459259033
3977,81914,1000,True,-1.1496286392211914
3978,81836,1000,True,-1.0950809717178345
3979,83252,1000,True,-1.0278855562210083
3980,82856,1000,True,-0.9542962312698364
3981,81629,1000,True,-0.8665689826011658
3982,82428,1000,True,-0.7609890699386597
3983,81459,1000,True,-0.6263324022293091
3984,82587,1000,True,-0.4613550007343292
3985,81110,1000,True,-0.2747792899608612
3986,82697,1000,True,-0.08334271609783173
3987,81789,1000,True,0.09975647181272507
3988,82363,1000,True,0.27296188473701477
3989,81980,1000,True,0.4357767403125763
3990,29996435,1000,True,-0.24028226733207703
3991,88798,1000,True,-0.30693739652633667
3992,82767,1000,True,-0.3863624334335327
3993,82047,1000,True,-0.4736209511756897
3994,82993,1000,True,-0.5607803463935852
3995,82717,1000,True,-0.6450552940368652
3996,82425,1000,True,-0.7227338552474976
3997,82721,1000,True,-0.7925189733505249
3998,82713,1000,True,-0.8568748235702515
3999,81730,1000,True,-0.9114580750465393
4000,82075,1000,True,-0.9656143188476562
4001,84068,1000,True,-1.0166444778442383
4002,82271,1000,True,-1.0674688816070557
4003,81225,1000,True,-1.1145856380462646
4004,82070,1000,True,-1.1540170907974243
4005,80981,1000,True,-1.1885720491409302
4006,82581,1000,True,-1.2167845964431763
4007,82161,1000,True,-1.242681860923767
4008,82330,1000,True,-1.2677175998687744
4009,80794,1000,True,-1.2885178327560425
4010,81980,1000,True,-1.3059388399124146
4011,81349,1000,True,-1.3188451528549194
4012,82417,1000,True,-1.3303632736206055
4013,81682,1000,True,-1.340039610862732
4014,82059,1000,True,-1.3480418920516968
4015,82068,1000,True,-1.3517463207244873
4016,81765,1000,True,-1.3540152311325073
4017,81048,1000,True,-1.3519519567489624
4018,82824,1000,True,-1.345444679260254
4019,81483,1000,True,-1.3378039598464966
4020,81383,1000,True,-1.3292657136917114
4021,82136,1000,True,-1.3176777362823486
4022,82528,1000,True,-1.3030309677124023
4023,82092,1000,True,-1.2819935083389282
4024,82053,1000,True,-1.2562748193740845
4025,81698,1000,True,-1.2276681661605835
4026,82647,1000,True,-1.1929657459259033
4027,81808,1000,True,-1.1496286392211914
4028,81884,1000,True,-1.0950809717178345
4029,81993,1000,True,-1.0278855562210083
4030,83539,1000,True,-0.9542962312698364
4031,81874,1000,True,-0.8665689826011658
4032,81672,1000,True,-0.7609890699386597
4033,82259,1000,True,-0.6263324022293091
4034,84846,1000,True,-0.4613550007343292
4035,81417,1000,True,-0.2747792899608612
4036,101772,1000,True,-0.08334271609783173
4037,83369,1000,True,0.09975647181272507
4038,82565,1000,True,0.27296188473701477
4039,82993,1000,True,0.4357767403125763
4040,30264610,1000,True,-0.24028226733207703
4041,85698,1000,True,-0.30693739652633667
4042,83655,1000,True,-0.3863624334335327
4043,84957,1000,True,-0.4736209511756897
4044,81706,1000,True,-0.5607803463935852
4045,81640,1000,True,-0.6450552940368652
4046,82663,1000,True,-0.7227338552474976
4047,81950,1000,True,-0.7925189733505249
4048,81664,1000,True,-0.8568748235702515
4049,81554,1000,True,-0.9114580750465393
4050,82069,1000,True,-0.9656143188476562
4051,81862,1000,True,-1.0166444778442383
4052,82395,1000,True,-1.0674688816070557
4053,82144,1000,True,-1.1145856380462646
4054,81999,1000,True,-1.1540170907974243
4055,81971,1000,True,-1.1885720491409302
4056,82459,1000,True,-1.2167845964431763
4057,81779,1000,True,-1.242681860923767
4058,81751,1000,True,-1.2677175998687744
4059,81731,1000,True,-1.2885178327560425
4060,82370,1000,True,-1.3059388399124146
4061,81995,1000,True,-1.3188451528549194
4062,82133,1000,True,-1.3303632736206055
4063,81572,1000,True,-1.340039610862732
4064,83911,1000,True,-1.3480418920516968
4065,81722,1000,True,-1.3517463207244873
4066,82343,1000,True,-1.3540152311325073
4067,82395,1000,True,-1.3519519567489624
4068,81313,1000,True,-1.345444679260254
4069,82185,1000,True,-1.3378039598464966
4070,82155,1000,True,-1.3292657136917114
4071,82078,1000,True,-1.3176777362823486
4072,82233,1000,True,-1.3030309677124023
4073,81785,1000,True,-1.2819935083389282
4074,82286,1000,True,-1.2562748193740845
4075,81049,1000,True,-1.2276681661605835
4076,82462,1000,True,-1.1929657459259033
4077,82154,1000,True,-1.1496286392211914
4078,81359,1000,True,-1.0950809717178345
4079,82142,1000,True,-1.0278855562210083
4080,81953,1000,True,-0.9542962312698364
4081,82224,1000,True,-0.8665689826011658
4082,82457,1000,True,-0.7609890699386597
4083,82556,1000,True,-0.6263324022293091
4084,81531,1000,True,-0.4613550007343292
4085,81803,1000,True,-0.2747792899608612
4086,86369,1000,True,-0.08334271609783173
4087,82505,1000,True,0.09975647181272507
4088,82145,1000,True,0.27296188473701477
4089,81974,1000,True,0.4357767403125763
4090,30288934,1000,True,-0.24028226733207703
4091,86577,1000,True,-0.30693739652633667
4092,83749,1000,True,-0.3863624334335327
4093,82279,1000,True,-0.4736209511756897
4094,83121,1000,True,-0.5607803463935852
4095,84677,1000,True,-0.6450552940368652
4096,82974,1000,True,-0.7227338552474976
4097,82479,1000,True,-0.7925189733505249
4098,82272,1000,True,-0.8568748235702515
4099,82303,1000,True,-0.9114580750465393
4100,82002,1000,True,-0.9656143188476562
4101,81426,1000,True,-1.0166444778442383
4102,82783,1000,True,-1.0674688816070557
4103,82436,1000,True,-1.1145856380462646
4104,82444,1000,True,-1.1540170907974243
4105,81955,1000,True,-1.1885720491409302
4106,82857,1000,True,-1.2167845964431763
4107,81539,1000,True,-1.242681860923767
4108,81711,1000,True,-1.2677175998687744
4109,82160,1000,True,-1.2885178327560425
4110,82125,1000,True,-1.3059388399124146
4111,82184,1000,True,-1.3188451528549194
4112,82467,1000,True,-1.3303632736206055
4113,81574,1000,True,-1.340039610862732
4114,81883,1000,True,-1.3480418920516968
4115,82440,1000,True,-1.3517463207244873
4116,84872,1000,True,-1.3540152311325073
4117,82345,1000,True,-1.3519519567489624
4118,82563,1000,True,-1.345444679260254
4119,82274,1000,True,-1.3378039598464966
4120,81957,1000,True,-1.3292657136917114
4121,82640,1000,True,-1.3176777362823486
4122,82574,1000,True,-1.3030309677124023
4123,82449,1000,True,-1.2819935083389282
4124,82632,1000,True,-1.2562748193740845
4125,81717,1000,True,-1.2276681661605835
4126,82454,1000,True,-1.1929657459259033
4127,82817,1000,True,-1.1496286392211914
4128,82248,1000,True,-1.0950809717178345
4129,81963,1000,True,-1.0278855562210083
4130,82843,1000,True,-0.9542962312698364
4131,82378,1000,True,-0.8665689826011658
4132,82531,1000,True,-0.7609890699386597
4133,82135,1000,True,-0.6263324022293091
4134,81940,1000,True,-0.4613550007343292
4135,81842,1000,True,-0.2747792899608612
4136,81952,1000,True,-0.08334271609783173
4137,82088,1000,True,0.09975647181272507
4138,84603,1000,True,0.27296188473701477
4139,82069,1000,True,0.4357767403125763
4140,30317070,1000,True,-0.24028226733207703
4141,84973,1000,True,-0.30693739652633667
4142,83661,1000,True,-0.3863624334335327
4143,82098,1000,True,-0.4736209511756897
4144,82316,1000,True,-0.5607803463935852
4145,81752,1000,True,-0.6450552940368652
4146,84555,1000,True,-0.7227338552474976
4147,82888,1000,True,-0.7925189733505249
4148,82558,1000,True,-0.8568748235702515
4149,82262,1000,True,-0.9114580750465393
4150,82384,1000,True,-0.9656143188476562
4151,82321,1000,True,-1.0166444778442383
4152,82381,1000,True,-1.0674688816070557
4153,82047,1000,True,-1.1145856380462646
4154,82599,1000,True,-1.1540170907974243
4155,82339,1000,True,-1.1885720491409302
4156,82434,1000,True,-1.2167845964431763
4157,83667,1000,True,-1.242681860923767
4158,82116,1000,True,-1.2677175998687744
4159,81590,1000,True,-1.2885178327560425
4160,82337,1000,True,-1.3059388399124146
4161,82889,1000,True,-1.3188451528549194
4162,82043,1000,True,-1.3303632736206055
4163,82666,1000,True,-1.340039610862732
4164,83555,1000,True,-1.3480418920516968
4165,82099,1000,True,-1.3517463207244873
4166,83750,1000,True,-1.3540152311325073
4167,82573,1000,True,-1.3519519567489624
4168,84184,1000,True,-1.345444679260254
4169,82280,1000,True,-1.3378039598464966
4170,82217,1000,True,-1.3292657136917114
4171,81697,1000,True,-1.3176777362823486
4172,81785,1000,True,-1.3030309677124023
4173,82332,1000,True,-1.2819935083389282
4174,81773,1000,True,-1.2562748193740845
4175,82073,1000,True,-1.2276681661605835
4176,82436,1000,True,-1.1929657459259033
4177,82343,1000,True,-1.1496286392211914
4178,81472,1000,True,-1.0950809717178345
4179,83983,1000,True,-1.0278855562210083
4180,82627,1000,True,-0.9542962312698364
4181,81690,1000,True,-0.8665689826011658
4182,81570,1000,True,-0.7609890699386597
4183,82324,1000,True,-0.6263324022293091
4184,82853,1000,True,-0.4613550007343292
4185,81425,1000,True,-0.2747792899608612
4186,82564,1000,True,-0.08334271609783173
4187,82371,1000,True,0.09975647181272507
4188,81578,1000,True,0.27296188473701477
4189,82203,1000,True,0.4357767403125763
4190,30280702,1000,True,-0.24028226733207703
4191,85182,1000,True,-0.30693739652633667
4192,82605,1000,True,-0.3863624334335327
4193,81793,1000,True,-0.4736209511756897
4194,82786,1000,True,-0.5607803463935852
4195,81862,1000,True,-0.6450552940368652
4196,82208,1000,True,-0.7227338552474976
4197,81653,1000,True,-0.7925189733505249
4198,83540,1000,True,-0.8568748235702515
4199,81761,1000,True,-0.9114580750465393
4200,81910,1000,True,-0.9656143188476562
4201,82163,1000,True,-1.0166444778442383
4202,81922,1000,True,-1.0674688816070557
4203,82336,1000,True,-1.1145856380462646
4204,82389,1000,True,-1.1540170907974243
4205,81307,1000,True,-1.1885720491409302
4206,82412,1000,True,-1.2167845964431763
4207,81800,1000,True,-1.242681860923767
4208,81943,1000,True,-1.2677175998687744
4209,83874,1000,True,-1.2885178327560425
4210,83178,1000,True,-1.3059388399124146
4211,82284,1000,True,-1.3188451528549194
4212,81627,1000,True,-1.3303632736206055
4213,81993,1000,True,-1.340039610862732
4214,82674,1000,True,-1.3480418920516968
4215,82273,1000,True,-1.3517463207244873
4216,82436,1000,True,-1.3540152311325073
4217,81379,1000,True,-1.3519519567489624
4218,82329,1000,True,-1.345444679260254
4219,81595,1000,True,-1.3378039598464966
4220,83935,1000,True,-1.3292657136917114
4221,81825,1000,True,-1.3176777362823486
4222,82966,1000,True,-1.3030309677124023
4223,81543,1000,True,-1.2819935083389282
4224,81485,1000,True,-1.2562748193740845
4225,82095,1000,True,-1.2276681661605835
4226,82465,1000,True,-1.1929657459259033
4227,80909,1000,True,-1.1496286392211914
4228,81742,1000,True,-1.0950809717178345
4229,81942,1000,True,-1.0278855562210083
4230,81869,1000,True,-0.9542962312698364
4231,84272,1000,True,-0.8665689826011658
4232,82924,1000,True,-0.7609890699386597
4233,82071,1000,True,-0.6263324022293091
4234,82085,1000,True,-0.4613550007343292
4235,82028,1000,True,-0.2747792899608612
4236,81708,1000,True,-0.08334271609783173
4237,81883,1000,True,0.09975647181272507
4238,82743,1000,True,0.27296188473701477
4239,81348,1000,True,0.4357767403125763
4240,30272777,1000,True,-0.24028226733207703
4241,86618,1000,True,-0.30693739652633667
4242,82640,1000,True,-0.3863624334335327
4243,82159,1000,True,-0.4736209511756897
4244,82057,1000,True,-0.5607803463935852
4245,81155,1000,True,-0.6450552940368652
4246,82434,1000,True,-0.7227338552474976
4247,82216,1000,True,-0.7925189733505249
4248,82071,1000,True,-0.8568748235702515
4249,82794,1000,True,-0.9114580750465393
4250,82262,1000,True,-0.9656143188476562
4251,82259,1000,True,-1.0166444778442383
4252,82596,1000,True,-1.0674688816070557
4253,82189,1000,True,-1.1145856380462646
4254,82317,1000,True,-1.1540170907974243
4255,81692,1000,True,-1.1885720491409302
4256,82200,1000,True,-1.2167845964431763
4257,81924,1000,True,-1.242681860923767
4258,81479,1000,True,-1.2677175998687744
4259,81630,1000,True,-1.2885178327560425
4260,82561,1000,True,-1.3059388399124146
4261,83129,1000,True,-1.3188451528549194
4262,81654,1000,True,-1.3303632736206055
4263,82117,1000,True,-1.340039610862732
4264,81577,1000,True,-1.3480418920516968
4265,81148,1000,True,-1.3517463207244873
4266,81750,1000,True,-1.3540152311325073
4267,82629,1000,True,-1.3519519567489624
4268,82531,1000,True,-1.345444679260254
4269,82357,1000,True,-1.3378039598464966
4270,81793,1000,True,-1.3292657136917114
4271,81849,1000,True,-1.3176777362823486
4272,82297,1000,True,-1.3030309677124023
4273,81366,1000,True,-1.2819935083389282
4274,82050,1000,True,-1.2562748193740845
4275,81782,1000,True,-1.2276681661605835
4276,81598,1000,True,-1.1929657459259033
4277,81597,1000,True,-1.1496286392211914
4278,82419,1000,True,-1.0950809717178345
4279,81400,1000,True,-1.0278855562210083
4280,82836,1000,True,-0.9542962312698364
4281,81367,1000,True,-0.8665689826011658
4282,82410,1000,True,-0.7609890699386597
4283,82172,1000,True,-0.6263324022293091
4284,82012,1000,True,-0.4613550007343292
4285,81974,1000,True,-0.2747792899608612
4286,82707,1000,True,-0.08334271609783173
4287,81695,1000,True,0.09975647181272507
4288,81960,1000,True,0.27296188473701477
4289,81717,1000,True,0.4357767403125763
4290,30242128,1000,True,-0.24028226733207703
4291,85070,1000,True,-0.30693739652633667
4292,84194,1000,True,-0.3863624334335327
4293,81616,1000,True,-0.4736209511756897
4294,83577,1000,True,-0.5607803463935852
4295,82147,1000,True,-0.6450552940368652
4296,81961,1000,True,-0.7227338552474976
4297,81064,1000,True,-0.7925189733505249
4298,82512,1000,True,-0.8568748235702515
4299,81601,1000,True,-0.9114580750465393
4300,82038,1000,True,-0.9656143188476562
4301,81752,1000,True,-1.0166444778442383
4302,82205,1000,True,-1.0674688816070557
4303,83913,1000,True,-1.1145856380462646
4304,81910,1000,True,-1.1540170907974243
4305,81418,1000,True,-1.1885720491409302
4306,81662,1000,True,-1.2167845964431763
4307,81142,1000,True,-1.242681860923767
4308,81670,1000,True,-1.2677175998687744
4309,82012,1000,True,-1.2885178327560425
4310,81427,1000,True,-1.3059388399124146
4311,81526,1000,True,-1.3188451528549194
4312,82248,1000,True,-1.3303632736206055
4313,81141,1000,True,-1.340039610862732
4314,84864,1000,True,-1.3480418920516968
4315,81723,1000,True,-1.3517463207244873
4316,82035,1000,True,-1.3540152311325073
4317,82073,1000,True,-1.3519519567489624
4318,82260,1000,True,-1.345444679260254
4319,82293,1000,True,-1.3378039598464966
4320,82551,1000,True,-1.3292657136917114
4321,82298,1000,True,-1.3176777362823486
4322,82818,1000,True,-1.3030309677124023
4323,82233,1000,True,-1.2819935083389282
4324,82231,1000,True,-1.2562748193740845
4325,84365,1000,True,-1.2276681661605835
4326,82832,1000,True,-1.1929657459259033
4327,81724,1000,True,-1.1496286392211914
4328,81648,1000,True,-1.0950809717178345
4329,81557,1000,True,-1.0278855562210083
4330,82516,1000,True,-0.9542962312698364
4331,81856,1000,True,-0.8665689826011658
4332,82671,1000,True,-0.7609890699386597
4333,81878,1000,True,-0.6263324022293091
4334,81714,1000,True,-0.4613550007343292
4335,81222,1000,True,-0.2747792899608612
4336,83305,1000,True,-0.08334271609783173
4337,81944,1000,True,0.09975647181272507
4338,83323,1000,True,0.27296188473701477
4339,81775,1000,True,0.4357767403125763
4340,29955008,1000,True,-0.24028226733207703
4341,85976,1000,True,-0.30693739652633667
4342,83941,1000,True,-0.3863624334335327
4343,82019,1000,True,-0.4736209511756897
4344,82575,1000,True,-0.5607803463935852
4345,83608,1000,True,-0.6450552940368652
4346,82376,1000,True,-0.7227338552474976
4347,81811,1000,True,-0.7925189733505249
4348,83506,1000,True,-0.8568748235702515
4349,82226,1000,True,-0.9114580750465393
4350,82773,1000,True,-0.9656143188476562
4351,81429,1000,True,-1.0166444778442383
4352,81925,1000,True,-1.0674688816070557
4353,81532,1000,True,-1.1145856380462646
4354,82332,1000,True,-1.1540170907974243
4355,81703,1000,True,-1.1885720491409302
4356,82128,1000,True,-1.2167845964431763
4357,81102,1000,True,-1.242681860923767
4358,82390,1000,True,-1.2677175998687744
4359,82587,1000,True,-1.2885178327560425
4360,81654,1000,True,-1.3059388399124146
4361,81585,1000,True,-1.3188451528549194
4362,81474,1000,True,-1.3303632736206055
4363,81543,1000,True,-1.340039610862732
4364,82545,1000,True,-1.3480418920516968
4365,106137,1000,True,-1.3517463207244873
4366,82207,1000,True,-1.3540152311325073
4367,81339,1000,True,-1.3519519567489624
4368,82563,1000,True,-1.345444679260254
4369,81472,1000,True,-1.3378039598464966
4370,81902,1000,True,-1.3292657136917114
4371,82144,1000,True,-1.3176777362823486
4372,83640,1000,True,-1.3030309677124023
4373,82445,1000,True,-1.2819935083389282
4374,81787,1000,True,-1.2562748193740845
4375,82199,1000,True,-1.2276681661605835
4376,81864,1000,True,-1.1929657459259033
4377,81974,1000,True,-1.1496286392211914
4378,371215,1000,True,-1.0950809717178345
4379,82512,1000,True,-1.0278855562210083
4380,82601,1000,True,-0.9542962312698364
4381,82269,1000,True,-0.8665689826011658
4382,81270,1000,True,-0.7609890699386597
4383,82071,1000,True,-0.6263324022293091
4384,81735,1000,True,-0.4613550007343292
4385,81066,1000,True,-0.2747792899608612
4386,81662,1000,True,-0.08334271609783173
4387,82051,1000,True,0.09975647181272507
4388,81939,1000,True,0.27296188473701477
4389,81128,1000,True,0.4357767403125763
4390,29979913,1000,True,-0.24028226733207703
4391,87392,1000,True,-0.30693739652633667
4392,83097,1000,True,-0.3863624334335327
4393,83155,1000,True,-0.4736209511756897
4394,82924,1000,True,-0.5607803463935852
4395,81991,1000,True,-0.6450552940368652
4396,82321,1000,True,-0.7227338552474976
4397,82457,1000,True,-0.7925189733505249
4398,82753,1000,True,-0.8568748235702515
4399,81366,1000,True,-0.9114580750465393
4400,83630,1000,True,-0.9656143188476562
4401,81924,1000,True,-1.0166444778442383
4402,82845,1000,True,-1.0674688816070557
4403,83328,1000,True,-1.1145856380462646
4404,82536,1000,True,-1.1540170907974243
4405,82191,1000,True,-1.1885720491409302
4406,83027,1000,True,-1.2167845964431763
4407,82058,1000,True,-1.242681860923767
4408,82112,1000,True,-1.2677175998687744
4409,81869,1000,True,-1.2885178327560425
4410,82086,1000,True,-1.3059388399124146
4411,82668,1000,True,-1.3188451528549194
4412,81762,1000,True,-1.3303632736206055
4413,81376,1000,True,-1.340039610862732
4414,83223,1000,True,-1.3480418920516968
4415,82744,1000,True,-1.3517463207244873
4416,82326,1000,True,-1.3540152311325073
4417,81795,1000,True,-1.3519519567489624
4418,81871,1000,True,-1.345444679260254
4419,81829,1000,True,-1.3378039598464966
4420,81594,1000,True,-1.3292657136917114
4421,81031,1000,True,-1.3176777362823486
4422,85409,1000,True,-1.3030309677124023
4423,82052,1000,True,-1.2819935083389282
4424,82180,1000,True,-1.2562748193740845
4425,81478,1000,True,-1.2276681661605835
4426,83039,1000,True,-1.1929657459259033
4427,82016,1000,True,-1.1496286392211914
4428,81888,1000,True,-1.0950809717178345
4429,81581,1000,True,-1.0278855562210083
4430,82054,1000,True,-0.9542962312698364
4431,81463,1000,True,-0.8665689826011658
4432,82046,1000,True,-0.7609890699386597
4433,83014,1000,True,-0.6263324022293091
4434,82573,1000,True,-0.4613550007343292
4435,81501,1000,True,-0.2747792899608612
4436,81507,1000,True,-0.08334271609783173
4437,82040,1000,True,0.09975647181272507
4438,81448,1000,True,0.27296188473701477
4439,80945,1000,True,0.4357767403125763
4440,30257475,1000,True,-0.24028226733207703
4441,85668,1000,True,-0.30693739652633667
4442,83042,1000,True,-0.3863624334335327
4443,82718,1000,True,-0.4736209511756897
4444,82267,1000,True,-0.5607803463935852
4445,81734,1000,True,-0.6450552940368652
4446,81988,1000,True,-0.7227338552474976
4447,81654,1000,True,-0.7925189733505249
4448,82222,1000,True,-0.8568748235702515
4449,81222,1000,True,-0.9114580750465393
4450,82658,1000,True,-0.9656143188476562
4451,81503,1000,True,-1.0166444778442383
4452,83087,1000,True,-1.0674688816070557
4453,81376,1000,True,-1.1145856380462646
4454,81741,1000,True,-1.1540170907974243
4455,81746,1000,True,-1.1885720491409302
4456,82564,1000,True,-1.2167845964431763
4457,81711,1000,True,-1.242681860923767
4458,81664,1000,True,-1.2677175998687744
4459,82614,1000,True,-1.2885178327560425
4460,82160,1000,True,-1.3059388399124146
4461,81321,1000,True,-1.3188451528549194
4462,82728,1000,True,-1.3303632736206055
4463,83434,1000,True,-1.340039610862732
4464,81669,1000,True,-1.3480418920516968
4465,81753,1000,True,-1.3517463207244873
4466,83017,1000,True,-1.3540152311325073
4467,83677,1000,True,-1.3519519567489624
4468,82471,1000,True,-1.345444679260254
4469,82054,1000,True,-1.3378039598464966
4470,82144,1000,True,-1.3292657136917114
4471,82445,1000,True,-1.3176777362823486
4472,82495,1000,True,-1.3030309677124023
4473,82496,1000,True,-1.2819935083389282
4474,84533,1000,True,-1.2562748193740845
4475,82369,1000,True,-1.2276681661605835
4476,82923,1000,True,-1.1929657459259033
4477,82494,1000,True,-1.1496286392211914
4478,82012,1000,True,-1.0950809717178345
4479,81471,1000,True,-1.0278855562210083
4480,82342,1000,True,-0.9542962312698364
4481,81349,1000,True,-0.8665689826011658
4482,82113,1000,True,-0.7609890699386597
4483,81765,1000,True,-0.6263324022293091
4484,82378,1000,True,-0.4613550007343292
4485,89560,1000,True,-0.2747792899608612
4486,83277,1000,True,-0.08334271609783173
4487,82277,1000,True,0.09975647181272507
4488,83051,1000,True,0.27296188473701477
4489,82577,1000,True,0.4357767403125763
4490,30251699,1000,True,-0.24028226733207703
4491,86617,1000,True,-0.30693739652633667
4492,82993,1000,True,-0.3863624334335327
4493,82429,1000,True,-0.4736209511756897
4494,83502,1000,True,-0.5607803463935852
4495,82449,1000,True,-0.6450552940368652
4496,81973,1000,True,-0.7227338552474976
4497,82262,1000,True,-0.7925189733505249
4498,82325,1000,True,-0.8568748235702515
4499,82568,1000,True,-0.9114580750465393
4500,82909,1000,True,-0.9656143188476562
4501,81556,1000,True,-1.0166444778442383
4502,82948,1000,True,-1.0674688816070557
4503,83169,1000,True,-1.1145856380462646
4504,82546,1000,True,-1.1540170907974243
4505,83592,1000,True,-1.1885720491409302
4506,82561,1000,True,-1.2167845964431763
4507,82137,1000,True,-1.242681860923767
4508,81417,1000,True,-1.2677175998687744
4509,81746,1000,True,-1.2885178327560425
4510,82916,1000,True,-1.3059388399124146
4511,82884,1000,True,-1.3188451528549194
4512,81733,1000,True,-1.3303632736206055
4513,81587,1000,True,-1.340039610862732
4514,83704,1000,True,-1.3480418920516968
4515,81687,1000,True,-1.3517463207244873
4516,82734,1000,True,-1.3540152311325073
4517,82203,1000,True,-1.3519519567489624
4518,82019,1000,True,-1.345444679260254
4519,81613,1000,True,-1.3378039598464966
4520,82235,1000,True,-1.3292657136917114
4521,81456,1000,True,-1.3176777362823486
4522,81744,1000,True,-1.3030309677124023
4523,81151,1000,True,-1.2819935083389282
4524,81787,1000,True,-1.2562748193740845
4525,81100,1000,True,-1.2276681661605835
4526,82963,1000,True,-1.1929657459259033
4527,82033,1000,True,-1.1496286392211914
4528,81969,1000,True,-1.0950809717178345
4529,81507,1000,True,-1.0278855562210083
4530,82181,1000,True,-0.9542962312698364
4531,81480,1000,True,-0.8665689826011658
4532,82973,1000,True,-0.7609890699386597
4533,82074,1000,True,-0.6263324022293091
4534,82445,1000,True,-0.4613550007343292
4535,81882,1000,True,-0.2747792899608612
4536,81442,1000,True,-0.08334271609783173
4537,82082,1000,True,0.09975647181272507
4538,82242,1000,True,0.27296188473701477
4539,81869,1000,True,0.4357767403125763
4540,30210323,1000,True,-0.24028226733207703
4541,85792,1000,True,-0.30693739652633667
4542,83097,1000,True,-0.3863624334335327
4543,83304,1000,True,-0.4736209511756897
4544,82196,1000,True,-0.5607803463935852
4545,81920,1000,True,-0.6450552940368652
4546,81334,1000,True,-0.7227338552474976
4547,82983,1000,True,-0.7925189733505249
4548,81645,1000,True,-0.8568748235702515
4549,81375,1000,True,-0.9114580750465393
4550,81527,1000,True,-0.9656143188476562
4551,82161,1000,True,-1.0166444778442383
4552,81692,1000,True,-1.0674688816070557
4553,80841,1000,True,-1.1145856380462646
4554,81672,1000,True,-1.1540170907974243
4555,81540,1000,True,-1.1885720491409302
4556,82157,1000,True,-1.2167845964431763
4557,80819,1000,True,-1.242681860923767
4558,84745,1000,True,-1.2677175998687744
4559,80908,1000,True,-1.2885178327560425
4560,81734,1000,True,-1.3059388399124146
4561,80546,1000,True,-1.3188451528549194
4562,81212,1000,True,-1.3303632736206055
4563,81416,1000,True,-1.340039610862732
4564,81321,1000,True,-1.3480418920516968
4565,81416,1000,True,-1.3517463207244873
4566,81673,1000,True,-1.3540152311325073
4567,81780,1000,True,-1.3519519567489624
4568,81731,1000,True,-1.345444679260254
4569,81609,1000,True,-1.3378039598464966
4570,82603,1000,True,-1.3292657136917114
4571,81465,1000,True,-1.3176777362823486
4572,82065,1000,True,-1.3030309677124023
4573,81317,1000,True,-1.2819935083389282
4574,81504,1000,True,-1.2562748193740845
4575,81377,1000,True,-1.2276681661605835
4576,82198,1000,True,-1.1929657459259033
4577,80605,1000,True,-1.1496286392211914
4578,81763,1000,True,-1.0950809717178345
4579,80895,1000,True,-1.0278855562210083
4580,81485,1000,True,-0.9542962312698364
4581,81585,1000,True,-0.8665689826011658
4582,81212,1000,True,-0.7609890699386597
4583,81601,1000,True,-0.6263324022293091
4584,82015,1000,True,-0.4613550007343292
4585,81414,1000,True,-0.2747792899608612
4586,81985,1000,True,-0.08334271609783173
4587,81891,1000,True,0.09975647181272507
4588,81964,1000,True,0.27296188473701477
4589,81763,1000,True,0.4357767403125763
4590,30203428,1000,True,-0.24028226733207703
4591,85315,1000,True,-0.30693739652633667
4592,82843,1000,True,-0.3863624334335327
4593,82076,1000,True,-0.4736209511756897
4594,82532,1000,True,-0.5607803463935852
4595,82131,1000,True,-0.6450552940368652
4596,82700,1000,True,-0.7227338552474976
4597,81182,1000,True,-0.7925189733505249
4598,81891,1000,True,-0.8568748235702515
4599,81882,1000,True,-0.9114580750465393
4600,83875,1000,True,-0.9656143188476562
4601,81740,1000,True,-1.0166444778442383
4602,81445,1000,True,-1.0674688816070557
4603,82170,1000,True,-1.1145856380462646
4604,82168,1000,True,-1.1540170907974243
4605,81401,1000,True,-1.1885720491409302
4606,82061,1000,True,-1.2167845964431763
4607,82104,1000,True,-1.242681860923767
4608,81580,1000,True,-1.2677175998687744
4609,81180,1000,True,-1.2885178327560425
4610,81691,1000,True,-1.3059388399124146
4611,81071,1000,True,-1.3188451528549194
4612,81846,1000,True,-1.3303632736206055
4613,81540,1000,True,-1.340039610862732
4614,82189,1000,True,-1.3480418920516968
4615,81198,1000,True,-1.3517463207244873
4616,82538,1000,True,-1.3540152311325073
4617,82108,1000,True,-1.3519519567489624
4618,81579,1000,True,-1.345444679260254
4619,82309,1000,True,-1.3378039598464966
4620,81484,1000,True,-1.3292657136917114
4621,81909,1000,True,-1.3176777362823486
4622,82857,1000,True,-1.3030309677124023
4623,81973,1000,True,-1.2819935083389282
4624,82045,1000,True,-1.2562748193740845
4625,81251,1000,True,-1.2276681661605835
4626,82485,1000,True,-1.1929657459259033
4627,82151,1000,True,-1.1496286392211914
4628,81393,1000,True,-1.0950809717178345
4629,81628,1000,True,-1.0278855562210083
4630,82156,1000,True,-0.9542962312698364
4631,81952,1000,True,-0.8665689826011658
4632,81857,1000,True,-0.7609890699386597
4633,82575,1000,True,-0.6263324022293091
4634,82291,1000,True,-0.4613550007343292
4635,82286,1000,True,-0.2747792899608612
4636,82633,1000,True,-0.08334271609783173
4637,82128,1000,True,0.09975647181272507
4638,82684,1000,True,0.27296188473701477
4639,81662,1000,True,0.4357767403125763
4640,30192797,1000,True,-0.24028226733207703
4641,85184,1000,True,-0.30693739652633667
4642,85080,1000,True,-0.3863624334335327
4643,83031,1000,True,-0.4736209511756897
4644,82172,1000,True,-0.5607803463935852
4645,81520,1000,True,-0.6450552940368652
4646,82337,1000,True,-0.7227338552474976
4647,82038,1000,True,-0.7925189733505249
4648,81738,1000,True,-0.8568748235702515
4649,81452,1000,True,-0.9114580750465393
4650,82759,1000,True,-0.9656143188476562
4651,81910,1000,True,-1.0166444778442383
4652,82129,1000,True,-1.0674688816070557
4653,83628,1000,True,-1.1145856380462646
4654,82190,1000,True,-1.1540170907974243
4655,81636,1000,True,-1.1885720491409302
4656,81718,1000,True,-1.2167845964431763
4657,83384,1000,True,-1.242681860923767
4658,82151,1000,True,-1.2677175998687744
4659,82500,1000,True,-1.2885178327560425
4660,82136,1000,True,-1.3059388399124146
4661,81875,1000,True,-1.3188451528549194
4662,82433,1000,True,-1.3303632736206055
4663,81123,1000,True,-1.340039610862732
4664,85244,1000,True,-1.3480418920516968
4665,81464,1000,True,-1.3517463207244873
4666,82553,1000,True,-1.3540152311325073
4667,81787,1000,True,-1.3519519567489624
4668,82685,1000,True,-1.345444679260254
4669,82097,1000,True,-1.3378039598464966
4670,82099,1000,True,-1.3292657136917114
4671,81987,1000,True,-1.3176777362823486
4672,82429,1000,True,-1.3030309677124023
4673,82113,1000,True,-1.2819935083389282
4674,82353,1000,True,-1.2562748193740845
4675,83070,1000,True,-1.2276681661605835
4676,81769,1000,True,-1.1929657459259033
4677,81960,1000,True,-1.1496286392211914
4678,82059,1000,True,-1.0950809717178345
4679,81846,1000,True,-1.0278855562210083
4680,82043,1000,True,-0.9542962312698364
4681,81451,1000,True,-0.8665689826011658
4682,81899,1000,True,-0.7609890699386597
4683,81753,1000,True,-0.6263324022293091
4684,82472,1000,True,-0.4613550007343292
4685,81309,1000,True,-0.2747792899608612
4686,83086,1000,True,-0.08334271609783173
4687,81570,1000,True,0.09975647181272507
4688,81906,1000,True,0.27296188473701477
4689,81205,1000,True,0.4357767403125763
4690,29918356,1000,True,-0.24028226733207703
4691,86154,1000,True,-0.30693739652633667
4692,83142,1000,True,-0.3863624334335327
4693,81394,1000,True,-0.4736209511756897
4694,82231,1000,True,-0.5607803463935852
4695,82235,1000,True,-0.6450552940368652
4696,82468,1000,True,-0.7227338552474976
4697,81517,1000,True,-0.7925189733505249
4698,99495,1000,True,-0.8568748235702515
4699,82132,1000,True,-0.9114580750465393
4700,82572,1000,True,-0.9656143188476562
4701,82085,1000,True,-1.0166444778442383
4702,82160,1000,True,-1.0674688816070557
4703,82222,1000,True,-1.1145856380462646
4704,82252,1000,True,-1.1540170907974243
4705,82507,1000,True,-1.1885720491409302
4706,82285,1000,True,-1.2167845964431763
4707,81880,1000,True,-1.242681860923767
4708,82399,1000,True,-1.2677175998687744
4709,84058,1000,True,-1.2885178327560425
4710,82386,1000,True,-1.3059388399124146
4711,358596,1000,True,-1.3188451528549194
4712,83066,1000,True,-1.3303632736206055
4713,81256,1000,True,-1.340039610862732
4714,82087,1000,True,-1.3480418920516968
4715,82302,1000,True,-1.3517463207244873
4716,82259,1000,True,-1.3540152311325073
4717,83100,1000,True,-1.3519519567489624
4718,82390,1000,True,-1.345444679260254
4719,81578,1000,True,-1.3378039598464966
4720,82267,1000,True,-1.3292657136917114
4721,81387,1000,True,-1.3176777362823486
4722,82015,1000,True,-1.3030309677124023
4723,81616,1000,True,-1.2819935083389282
4724,82065,1000,True,-1.2562748193740845
4725,81127,1000,True,-1.2276681661605835
4726,82437,1000,True,-1.1929657459259033
4727,82227,1000,True,-1.1496286392211914
4728,82559,1000,True,-1.0950809717178345
4729,81468,1000,True,-1.0278855562210083
4730,82321,1000,True,-0.9542962312698364
4731,81335,1000,True,-0.8665689826011658
4732,81877,1000,True,-0.7609890699386597
4733,82088,1000,True,-0.6263324022293091
4734,81530,1000,True,-0.4613550007343292
4735,81582,1000,True,-0.2747792899608612
4736,82150,1000,True,-0.08334271609783173
4737,82194,1000,True,0.09975647181272507
4738,81931,1000,True,0.27296188473701477
4739,83317,1000,True,0.4357767403125763
4740,29913750,1000,True,-0.24028226733207703
4741,85952,1000,True,-0.30693739652633667
4742,83869,1000,True,-0.3863624334335327
4743,82123,1000,True,-0.4736209511756897
4744,82434,1000,True,-0.5607803463935852
4745,82044,1000,True,-0.6450552940368652
4746,81978,1000,True,-0.7227338552474976
4747,81106,1000,True,-0.7925189733505249
4748,82104,1000,True,-0.8568748235702515
4749,81260,1000,True,-0.9114580750465393
4750,82352,1000,True,-0.9656143188476562
4751,81369,1000,True,-1.0166444778442383
4752,82109,1000,True,-1.0674688816070557
4753,81363,1000,True,-1.1145856380462646
4754,82185,1000,True,-1.1540170907974243
4755,80692,1000,True,-1.1885720491409302
4756,81267,1000,True,-1.2167845964431763
4757,82205,1000,True,-1.242681860923767
4758,82399,1000,True,-1.2677175998687744
4759,81096,1000,True,-1.2885178327560425
4760,82030,1000,True,-1.3059388399124146
4761,82025,1000,True,-1.3188451528549194
4762,81912,1000,True,-1.3303632736206055
4763,81968,1000,True,-1.340039610862732
4764,81735,1000,True,-1.3480418920516968
4765,82732,1000,True,-1.3517463207244873
4766,82845,1000,True,-1.3540152311325073
4767,83141,1000,True,-1.3519519567489624
4768,82042,1000,True,-1.345444679260254
4769,82614,1000,True,-1.3378039598464966
4770,81813,1000,True,-1.3292657136917114
4771,81789,1000,True,-1.3176777362823486
4772,82062,1000,True,-1.3030309677124023
4773,83223,1000,True,-1.2819935083389282
4774,82492,1000,True,-1.2562748193740845
4775,81752,1000,True,-1.2276681661605835
4776,82224,1000,True,-1.1929657459259033
4777,81431,1000,True,-1.1496286392211914
4778,82618,1000,True,-1.0950809717178345
4779,81245,1000,True,-1.0278855562210083
4780,81996,1000,True,-0.9542962312698364
4781,81383,1000,True,-0.8665689826011658
4782,82335,1000,True,-0.7609890699386597
4783,82061,1000,True,-0.6263324022293091
4784,85624,1000,True,-0.4613550007343292
4785,81632,1000,True,-0.2747792899608612
4786,81855,1000,True,-0.08334271609783173
4787,82057,1000,True,0.09975647181272507
4788,81860,1000,True,0.27296188473701477
4789,81247,1000,True,0.4357767403125763
4790,30225008,1000,True,-0.24028226733207703
4791,86393,1000,True,-0.30693739652633667
4792,83106,1000,True,-0.3863624334335327
4793,84196,1000,True,-0.4736209511756897
4794,82984,1000,True,-0.5607803463935852
4795,82122,1000,True,-0.6450552940368652
4796,82100,1000,True,-0.7227338552474976
4797,81538,1000,True,-0.7925189733505249
4798,82650,1000,True,-0.8568748235702515
4799,82419,1000,True,-0.9114580750465393
4800,82310,1000,True,-0.9656143188476562
4801,81471,1000,True,-1.0166444778442383
4802,81964,1000,True,-1.0674688816070557
4803,82751,1000,True,-1.1145856380462646
4804,83679,1000,True,-1.1540170907974243
4805,81893,1000,True,-1.1885720491409302
4806,82773,1000,True,-1.2167845964431763
4807,82961,1000,True,-1.242681860923767
4808,82547,1000,True,-1.2677175998687744
4809,82137,1000,True,-1.2885178327560425
4810,81939,1000,True,-1.3059388399124146
4811,81971,1000,True,-1.3188451528549194
4812,82138,1000,True,-1.3303632736206055
4813,81642,1000,True,-1.340039610862732
4814,82292,1000,True,-1.3480418920516968
4815,84151,1000,True,-1.3517463207244873
4816,81986,1000,True,-1.3540152311325073
4817,81623,1000,True,-1.3519519567489624
4818,83400,1000,True,-1.345444679260254
4819,82352,1000,True,-1.3378039598464966
4820,82605,1000,True,-1.3292657136917114
4821,82173,1000,True,-1.3176777362823486
4822,82027,1000,True,-1.3030309677124023
4823,81398,1000,True,-1.2819935083389282
4824,81848,1000,True,-1.2562748193740845
4825,81703,1000,True,-1.2276681661605835
4826,83188,1000,True,-1.1929657459259033
4827,81895,1000,True,-1.1496286392211914
4828,82367,1000,True,-1.0950809717178345
4829,81204,1000,True,-1.0278855562210083
4830,82633,1000,True,-0.9542962312698364
4831,82062,1000,True,-0.8665689826011658
4832,81694,1000,True,-0.7609890699386597
4833,81747,1000,True,-0.6263324022293091
4834,82128,1000,True,-0.4613550007343292
4835,82615,1000,True,-0.2747792899608612
4836,82231,1000,True,-0.08334271609783173
4837,84137,1000,True,0.09975647181272507
4838,82622,1000,True,0.27296188473701477
4839,81027,1000,True,0.4357767403125763
4840,30276269,1000,True,-0.24028226733207703
4841,85513,1000,True,-0.30693739652633667
4842,83405,1000,True,-0.3863624334335327
4843,83003,1000,True,-0.4736209511756897
4844,83062,1000,True,-0.5607803463935852
4845,82644,1000,True,-0.6450552940368652
4846,82685,1000,True,-0.7227338552474976
4847,82388,1000,True,-0.7925189733505249
4848,83075,1000,True,-0.8568748235702515
4849,81374,1000,True,-0.9114580750465393
4850,83903,1000,True,-0.9656143188476562
4851,82180,1000,True,-1.0166444778442383
4852,82213,1000,True,-1.0674688816070557
4853,81886,1000,True,-1.1145856380462646
4854,82614,1000,True,-1.1540170907974243
4855,82060,1000,True,-1.1885720491409302
4856,84156,1000,True,-1.2167845964431763
4857,81707,1000,True,-1.242681860923767
4858,82276,1000,True,-1.2677175998687744
4859,81858,1000,True,-1.2885178327560425
4860,82545,1000,True,-1.3059388399124146
4861,81998,1000,True,-1.3188451528549194
4862,82111,1000,True,-1.3303632736206055
4863,82452,1000,True,-1.340039610862732
4864,81995,1000,True,-1.3480418920516968
4865,82418,1000,True,-1.3517463207244873
4866,82589,1000,True,-1.3540152311325073
4867,84366,1000,True,-1.3519519567489624
4868,83033,1000,True,-1.345444679260254
4869,82350,1000,True,-1.3378039598464966
4870,82758,1000,True,-1.3292657136917114
4871,81511,1000,True,-1.3176777362823486
4872,82554,1000,True,-1.3030309677124023
4873,82061,1000,True,-1.2819935083389282
4874,82207,1000,True,-1.2562748193740845
4875,81693,1000,True,-1.2276681661605835
4876,82903,1000,True,-1.1929657459259033
4877,82058,1000,True,-1.1496286392211914
4878,84880,1000,True,-1.0950809717178345
4879,82225,1000,True,-1.0278855562210083
4880,82663,1000,True,-0.9542962312698364
4881,82720,1000,True,-0.8665689826011658
4882,82112,1000,True,-0.7609890699386597
4883,82435,1000,True,-0.6263324022293091
4884,82389,1000,True,-0.4613550007343292
4885,81666,1000,True,-0.2747792899608612
4886,82398,1000,True,-0.08334271609783173
4887,82246,1000,True,0.09975647181272507
4888,82341,1000,True,0.27296188473701477
4889,84108,1000,True,0.4357767403125763
4890,30259274,1000,True,-0.24028226733207703
4891,86402,1000,True,-0.30693739652633667
4892,83988,1000,True,-0.3863624334335327
4893,82572,1000,True,-0.4736209511756897
4894,83716,1000,True,-0.5607803463935852
4895,82665,1000,True,-0.6450552940368652
4896,82303,1000,True,-0.7227338552474976
4897,85141,1000,True,-0.7925189733505249
4898,81973,1000,True,-0.8568748235702515
4899,81738,1000,True,-0.9114580750465393
4900,82465,1000,True,-0.9656143188476562
4901,82261,1000,True,-1.0166444778442383
4902,82034,1000,True,-1.0674688816070557
4903,81995,1000,True,-1.1145856380462646
4904,82244,1000,True,-1.1540170907974243
4905,81617,1000,True,-1.1885720491409302
4906,82888,1000,True,-1.2167845964431763
4907,81659,1000,True,-1.242681860923767
4908,83791,1000,True,-1.2677175998687744
4909,82635,1000,True,-1.2885178327560425
4910,83134,1000,True,-1.3059388399124146
4911,81942,1000,True,-1.3188451528549194
4912,82201,1000,True,-1.3303632736206055
4913,82815,1000,True,-1.340039610862732
4914,83045,1000,True,-1.3480418920516968
4915,83706,1000,True,-1.3517463207244873
4916,82525,1000,True,-1.3540152311325073
4917,81852,1000,True,-1.3519519567489624
4918,82440,1000,True,-1.345444679260254
4919,84059,1000,True,-1.3378039598464966
4920,82315,1000,True,-1.3292657136917114
4921,82316,1000,True,-1.3176777362823486
4922,82572,1000,True,-1.3030309677124023
4923,90265,1000,True,-1.2819935083389282
4924,81884,1000,True,-1.2562748193740845
4925,82385,1000,True,-1.2276681661605835
4926,82583,1000,True,-1.1929657459259033
4927,81864,1000,True,-1.1496286392211914
4928,82623,1000,True,-1.0950809717178345
4929,81350,1000,True,-1.0278855562210083
4930,84795,1000,True,-0.9542962312698364
4931,82835,1000,True,-0.8665689826011658
4932,82362,1000,True,-0.7609890699386597
4933,82742,1000,True,-0.6263324022293091
4934,82349,1000,True,-0.4613550007343292
4935,82030,1000,True,-0.2747792899608612
4936,81974,1000,True,-0.08334271609783173
4937,82363,1000,True,0.09975647181272507
4938,82647,1000,True,0.27296188473701477
4939,81748,1000,True,0.4357767403125763
4940,30582877,1000,True,-0.24028226733207703
4941,89529,1000,True,-0.30693739652633667
4942,84277,1000,True,-0.3863624334335327
4943,82766,1000,True,-0.4736209511756897
4944,82028,1000,True,-0.5607803463935852
4945,81061,1000,True,-0.6450552940368652
4946,84103,1000,True,-0.7227338552474976
4947,82306,1000,True,-0.7925189733505249
4948,82334,1000,True,-0.8568748235702515
4949,83599,1000,True,-0.9114580750465393
4950,83010,1000,True,-0.9656143188476562
4951,81998,1000,True,-1.0166444778442383
4952,82307,1000,True,-1.0674688816070557
4953,81349,1000,True,-1.1145856380462646
4954,81888,1000,True,-1.1540170907974243
4955,82519,1000,True,-1.1885720491409302
4956,82473,1000,True,-1.2167845964431763
4957,83078,1000,True,-1.242681860923767
4958,81858,1000,True,-1.2677175998687744
4959,81043,1000,True,-1.2885178327560425
4960,81812,1000,True,-1.3059388399124146
4961,80891,1000,True,-1.3188451528549194
4962,81784,1000,True,-1.3303632736206055
4963,82625,1000,True,-1.340039610862732
4964,82609,1000,True,-1.3480418920516968
4965,82312,1000,True,-1.3517463207244873
4966,83292,1000,True,-1.3540152311325073
4967,82458,1000,True,-1.3519519567489624
4968,84442,1000,True,-1.345444679260254
4969,81668,1000,True,-1.3378039598464966
4970,82658,1000,True,-1.3292657136917114
4971,82299,1000,True,-1.3176777362823486
4972,83099,1000,True,-1.3030309677124023
4973,81136,1000,True,-1.2819935083389282
4974,82571,1000,True,-1.2562748193740845
4975,81451,1000,True,-1.2276681661605835
4976,81886,1000,True,-1.1929657459259033
4977,82067,1000,True,-1.1496286392211914
4978,82204,1000,True,-1.0950809717178345
4979,82201,1000,True,-1.0278855562210083
4980,82425,1000,True,-0.9542962312698364
4981,81784,1000,True,-0.8665689826011658
4982,82525,1000,True,-0.7609890699386597
4983,81600,1000,True,-0.6263324022293091
4984,82434,1000,True,-0.4613550007343292
4985,81538,1000,True,-0.2747792899608612
4986,82773,1000,True,-0.08334271609783173
4987,81876,1000,True,0.09975647181272507
4988,82350,1000,True,0.27296188473701477
4989,81878,1000,True,0.4357767403125763
4990,30653283,1000,True,-0.24028226733207703
4991,90916,1000,True,-0.30693739652633667
4992,84616,1000,True,-0.3863624334335327
4993,82276,1000,True,-0.4736209511756897
4994,85105,1000,True,-0.5607803463935852
4995,82760,1000,True,-0.6450552940368652
4996,82389,1000,True,-0.7227338552474976
4997,81526,1000,True,-0.7925189733505249
4998,83909,1000,True,-0.8568748235702515
4999,82617,1000,True,-0.9114580750465393
5000,82481,1000,True,-0.9656143188476562
5001,82042,1000,True,-1.0166444778442383
5002,82566,1000,True,-1.0674688816070557
5003,82142,1000,True,-1.1145856380462646
5004,82527,1000,True,-1.1540170907974243
5005,81918,1000,True,-1.1885720491409302
5006,82362,1000,True,-1.2167845964431763
5007,82621,1000,True,-1.242681860923767
5008,82380,1000,True,-1.2677175998687744
5009,81839,1000,True,-1.2885178327560425
5010,82624,1000,True,-1.3059388399124146
5011,82098,1000,True,-1.3188451528549194
5012,82826,1000,True,-1.3303632736206055
5013,81952,1000,True,-1.340039610862732
5014,82892,1000,True,-1.3480418920516968
5015,82510,1000,True,-1.3517463207244873
5016,82764,1000,True,-1.3540152311325073
5017,82540,1000,True,-1.3519519567489624
5018,83147,1000,True,-1.345444679260254
5019,82393,1000,True,-1.3378039598464966
5020,82414,1000,True,-1.3292657136917114
5021,82141,1000,True,-1.3176777362823486
5022,85881,1000,True,-1.3030309677124023
5023,84135,1000,True,-1.2819935083389282
5024,82072,1000,True,-1.2562748193740845
5025,82378,1000,True,-1.2276681661605835
5026,82705,1000,True,-1.1929657459259033
5027,81539,1000,True,-1.1496286392211914
5028,81592,1000,True,-1.0950809717178345
5029,81973,1000,True,-1.0278855562210083
5030,81727,1000,True,-0.9542962312698364
5031,81372,1000,True,-0.8665689826011658
5032,81294,1000,True,-0.7609890699386597
5033,82130,1000,True,-0.6263324022293091
5034,82718,1000,True,-0.4613550007343292
5035,82161,1000,True,-0.2747792899608612
5036,82049,1000,True,-0.08334271609783173
5037,81554,1000,True,0.09975647181272507
5038,81921,1000,True,0.27296188473701477
5039,82194,1000,True,0.4357767403125763
5040,30044510,1000,True,-0.24028226733207703
5041,110320,1000,True,-0.30693739652633667
5042,103735,1000,True,-0.3863624334335327
5043,103837,1000,True,-0.4736209511756897
5044,124463,1000,True,-0.5607803463935852
5045,398765,1000,True,-0.6450552940368652
5046,82961,1000,True,-0.7227338552474976
5047,81840,1000,True,-0.7925189733505249
5048,83574,1000,True,-0.8568748235702515
5049,82038,1000,True,-0.9114580750465393
5050,82356,1000,True,-0.9656143188476562
5051,81460,1000,True,-1.0166444778442383
5052,81495,1000,True,-1.0674688816070557
5053,81463,1000,True,-1.1145856380462646
5054,83981,1000,True,-1.1540170907974243
5055,81300,1000,True,-1.1885720491409302
5056,81819,1000,True,-1.2167845964431763
5057,81396,1000,True,-1.242681860923767
5058,81666,1000,True,-1.2677175998687744
5059,82244,1000,True,-1.2885178327560425
5060,81579,1000,True,-1.3059388399124146
5061,81256,1000,True,-1.3188451528549194
5062,81758,1000,True,-1.3303632736206055
5063,81538,1000,True,-1.340039610862732
5064,82123,1000,True,-1.3480418920516968
5065,84581,1000,True,-1.3517463207244873
5066,82497,1000,True,-1.3540152311325073
5067,81975,1000,True,-1.3519519567489624
5068,82293,1000,True,-1.345444679260254
5069,82570,1000,True,-1.3378039598464966
5070,81882,1000,True,-1.3292657136917114
5071,81614,1000,True,-1.3176777362823486
5072,82193,1000,True,-1.3030309677124023
5073,81545,1000,True,-1.2819935083389282
5074,82537,1000,True,-1.2562748193740845
5075,81920,1000,True,-1.2276681661605835
5076,83903,1000,True,-1.1929657459259033
5077,82193,1000,True,-1.1496286392211914
5078,81721,1000,True,-1.0950809717178345
5079,82261,1000,True,-1.0278855562210083
5080,82189,1000,True,-0.9542962312698364
5081,81414,1000,True,-0.8665689826011658
5082,81959,1000,True,-0.7609890699386597
5083,81111,1000,True,-0.6263324022293091
5084,82324,1000,True,-0.4613550007343292
5085,82134,1000,True,-0.2747792899608612
5086,82016,1000,True,-0.08334271609783173
5087,82109,1000,True,0.09975647181272507
5088,81968,1000,True,0.27296188473701477
5089,80965,1000,True,0.4357767403125763
5090,30012685,1000,True,-0.24028226733207703
5091,87979,1000,True,-0.30693739652633667
5092,83943,1000,True,-0.3863624334335327
5093,83321,1000,True,-0.4736209511756897
5094,83291,1000,True,-0.5607803463935852
5095,83815,1000,True,-0.6450552940368652
5096,82536,1000,True,-0.7227338552474976
5097,82590,1000,True,-0.7925189733505249
5098,83127,1000,True,-0.8568748235702515
5099,81812,1000,True,-0.9114580750465393
5100,83045,1000,True,-0.9656143188476562
5101,81675,1000,True,-1.0166444778442383
5102,82453,1000,True,-1.0674688816070557
5103,81304,1000,True,-1.1145856380462646
5104,81553,1000,True,-1.1540170907974243
5105,82283,1000,True,-1.1885720491409302
5106,82704,1000,True,-1.2167845964431763
5107,81377,1000,True,-1.242681860923767
5108,81314,1000,True,-1.2677175998687744
5109,82354,1000,True,-1.2885178327560425
5110,83014,1000,True,-1.3059388399124146
5111,81636,1000,True,-1.3188451528549194
5112,82402,1000,True,-1.3303632736206055
5113,81305,1000,True,-1.340039610862732
5114,82507,1000,True,-1.3480418920516968
5115,86276,1000,True,-1.3517463207244873
5116,84050,1000,True,-1.3540152311325073
5117,81645,1000,True,-1.3519519567489624
5118,82099,1000,True,-1.345444679260254
5119,81227,1000,True,-1.3378039598464966
5120,83186,1000,True,-1.3292657136917114
5121,82736,1000,True,-1.3176777362823486
5122,81766,1000,True,-1.3030309677124023
5123,81109,1000,True,-1.2819935083389282
5124,81818,1000,True,-1.2562748193740845
5125,81288,1000,True,-1.2276681661605835
5126,82455,1000,True,-1.1929657459259033
5127,82557,1000,True,-1.1496286392211914
5128,81837,1000,True,-1.0950809717178345
5129,81789,1000,True,-1.0278855562210083
5130,82469,1000,True,-0.9542962312698364
5131,84100,1000,True,-0.8665689826011658
5132,82285,1000,True,-0.7609890699386597
5133,82381,1000,True,-0.6263324022293091
5134,82703,1000,True,-0.4613550007343292
5135,81596,1000,True,-0.2747792899608612
5136,81907,1000,True,-0.08334271609783173
5137,81687,1000,True,0.09975647181272507
5138,82303,1000,True,0.27296188473701477
5139,81837,1000,True,0.4357767403125763
5140,30334939,1000,True,-0.24028226733207703
5141,88136,1000,True,-0.30693739652633667
5142,84748,1000,True,-0.3863624334335327
5143,82938,1000,True,-0.4736209511756897
5144,83552,1000,True,-0.5607803463935852
5145,82345,1000,True,-0.6450552940368652
5146,82642,1000,True,-0.7227338552474976
5147,82001,1000,True,-0.7925189733505249
5148,82562,1000,True,-0.8568748235702515
5149,81912,1000,True,-0.9114580750465393
5150,84254,1000,True,-0.9656143188476562
5151,81149,1000,True,-1.0166444778442383
5152,83000,1000,True,-1.0674688816070557
5153,82194,1000,True,-1.1145856380462646
5154,81787,1000,True,-1.1540170907974243
5155,81529,1000,True,-1.1885720491409302
5156,81812,1000,True,-1.2167845964431763
5157,82161,1000,True,-1.242681860923767
5158,82520,1000,True,-1.2677175998687744
5159,81499,1000,True,-1.2885178327560425
5160,82136,1000,True,-1.3059388399124146
5161,84205,1000,True,-1.3188451528549194
5162,81525,1000,True,-1.3303632736206055
5163,82364,1000,True,-1.340039610862732
5164,83183,1000,True,-1.3480418920516968
5165,82259,1000,True,-1.3517463207244873
5166,81759,1000,True,-1.3540152311325073
5167,81397,1000,True,-1.3519519567489624
5168,82200,1000,True,-1.345444679260254
5169,81674,1000,True,-1.3378039598464966
5170,82266,1000,True,-1.3292657136917114
5171,84566,1000,True,-1.3176777362823486
5172,81383,1000,True,-1.3030309677124023
5173,81785,1000,True,-1.2819935083389282
5174,94646,1000,True,-1.2562748193740845
5175,112671,1000,True,-1.2276681661605835
5176,108153,1000,True,-1.1929657459259033
5177,106554,1000,True,-1.1496286392211914
5178,107512,1000,True,-1.0950809717178345
5179,106057,1000,True,-1.0278855562210083
5180,109228,1000,True,-0.9542962312698364
5181,106004,1000,True,-0.8665689826011658
5182,107004,1000,True,-0.7609890699386597
5183,106478,1000,True,-0.6263324022293091
5184,108480,1000,True,-0.4613550007343292
5185,113616,1000,True,-0.2747792899608612
5186,104879,1000,True,-0.08334271609783173
5187,102727,1000,True,0.09975647181272507
5188,102124,1000,True,0.27296188473701477
5189,105628,1000,True,0.4357767403125763
5190,30334907,1000,True,-0.24028226733207703
5191,93321,1000,True,-0.30693739652633667
5192,83973,1000,True,-0.3863624334335327
5193,82685,1000,True,-0.4736209511756897
5194,83490,1000,True,-0.5607803463935852
5195,81959,1000,True,-0.6450552940368652
5196,86067,1000,True,-0.7227338552474976
5197,82338,1000,True,-0.7925189733505249
5198,82429,1000,True,-0.8568748235702515
5199,81373,1000,True,-0.9114580750465393
5200,82341,1000,True,-0.9656143188476562
5201,82031,1000,True,-1.0166444778442383
5202,83308,1000,True,-1.0674688816070557
5203,82138,1000,True,-1.1145856380462646
5204,82321,1000,True,-1.1540170907974243
5205,82577,1000,True,-1.1885720491409302
5206,83062,1000,True,-1.2167845964431763
5207,82462,1000,True,-1.242681860923767
5208,82443,1000,True,-1.2677175998687744
5209,82365,1000,True,-1.2885178327560425
5210,82945,1000,True,-1.3059388399124146
5211,81328,1000,True,-1.3188451528549194
5212,81912,1000,True,-1.3303632736206055
5213,81640,1000,True,-1.340039610862732
5214,83386,1000,True,-1.3480418920516968
5215,81857,1000,True,-1.3517463207244873
5216,82414,1000,True,-1.3540152311325073
5217,81162,1000,True,-1.3519519567489624
5218,91929,1000,True,-1.345444679260254
5219,81882,1000,True,-1.3378039598464966
5220,82628,1000,True,-1.3292657136917114
5221,81867,1000,True,-1.3176777362823486
5222,82481,1000,True,-1.3030309677124023
5223,82357,1000,True,-1.2819935083389282
5224,82121,1000,True,-1.2562748193740845
5225,81762,1000,True,-1.2276681661605835
5226,82427,1000,True,-1.1929657459259033
5227,82167,1000,True,-1.1496286392211914
5228,82602,1000,True,-1.0950809717178345
5229,86081,1000,True,-1.0278855562210083
5230,82569,1000,True,-0.9542962312698364
5231,82387,1000,True,-0.8665689826011658
5232,82014,1000,True,-0.7609890699386597
5233,83350,1000,True,-0.6263324022293091
5234,82705,1000,True,-0.4613550007343292
5235,81383,1000,True,-0.2747792899608612
5236,82177,1000,True,-0.08334271609783173
5237,81587,1000,True,0.09975647181272507
5238,82972,1000,True,0.27296188473701477
5239,81768,1000,True,0.4357767403125763
5240,30683180,1000,True,-0.24028226733207703
5241,88323,1000,True,-0.30693739652633667
5242,83999,1000,True,-0.3863624334335327
5243,83338,1000,True,-0.4736209511756897
5244,82688,1000,True,-0.5607803463935852
5245,82458,1000,True,-0.6450552940368652
5246,83687,1000,True,-0.7227338552474976
5247,82167,1000,True,-0.7925189733505249
5248,82107,1000,True,-0.8568748235702515
5249,82274,1000,True,-0.9114580750465393
5250,82770,1000,True,-0.9656143188476562
5251,83409,1000,True,-1.0166444778442383
5252,82699,1000,True,-1.0674688816070557
5253,82605,1000,True,-1.1145856380462646
5254,82583,1000,True,-1.1540170907974243
5255,82158,1000,True,-1.1885720491409302
5256,83648,1000,True,-1.2167845964431763
5257,81855,1000,True,-1.242681860923767
5258,83060,1000,True,-1.2677175998687744
5259,82339,1000,True,-1.2885178327560425
5260,82583,1000,True,-1.3059388399124146
5261,82844,1000,True,-1.3188451528549194
5262,83098,1000,True,-1.3303632736206055
5263,82830,1000,True,-1.340039610862732
5264,82258,1000,True,-1.3480418920516968
5265,84054,1000,True,-1.3517463207244873
5266,82878,1000,True,-1.3540152311325073
5267,81786,1000,True,-1.3519519567489624
5268,82360,1000,True,-1.345444679260254
5269,82565,1000,True,-1.3378039598464966
5270,83139,1000,True,-1.3292657136917114
5271,82559,1000,True,-1.3176777362823486
5272,82713,1000,True,-1.3030309677124023
5273,82423,1000,True,-1.2819935083389282
5274,82334,1000,True,-1.2562748193740845
5275,82509,1000,True,-1.2276681661605835
5276,84175,1000,True,-1.1929657459259033
5277,82205,1000,True,-1.1496286392211914
5278,82368,1000,True,-1.0950809717178345
5279,82052,1000,True,-1.0278855562210083
5280,82592,1000,True,-0.9542962312698364
5281,82245,1000,True,-0.8665689826011658
5282,82148,1000,True,-0.7609890699386597
5283,81351,1000,True,-0.6263324022293091
5284,82286,1000,True,-0.4613550007343292
5285,82062,1000,True,-0.2747792899608612
5286,82272,1000,True,-0.08334271609783173
5287,84120,1000,True,0.09975647181272507
5288,81775,1000,True,0.27296188473701477
5289,81818,1000,True,0.4357767403125763
5290,30285560,1000,True,-0.24028226733207703
5291,86193,1000,True,-0.30693739652633667
5292,83472,1000,True,-0.3863624334335327
5293,82830,1000,True,-0.4736209511756897
5294,82260,1000,True,-0.5607803463935852
5295,82837,1000,True,-0.6450552940368652
5296,82329,1000,True,-0.7227338552474976
5297,81627,1000,True,-0.7925189733505249
5298,82523,1000,True,-0.8568748235702515
5299,82860,1000,True,-0.9114580750465393
5300,81872,1000,True,-0.9656143188476562
5301,81981,1000,True,-1.0166444778442383
5302,82566,1000,True,-1.0674688816070557
5303,81519,1000,True,-1.1145856380462646
5304,82711,1000,True,-1.1540170907974243
5305,82169,1000,True,-1.1885720491409302
5306,82304,1000,True,-1.2167845964431763
5307,82127,1000,True,-1.242681860923767
5308,82633,1000,True,-1.2677175998687744
5309,82576,1000,True,-1.2885178327560425
5310,83472,1000,True,-1.3059388399124146
5311,82137,1000,True,-1.3188451528549194
5312,82438,1000,True,-1.3303632736206055
5313,82008,1000,True,-1.340039610862732
5314,82465,1000,True,-1.3480418920516968
5315,82355,1000,True,-1.3517463207244873
5316,82207,1000,True,-1.3540152311325073
5317,83818,1000,True,-1.3519519567489624
5318,82435,1000,True,-1.345444679260254
5319,82108,1000,True,-1.3378039598464966
5320,82377,1000,True,-1.3292657136917114
5321,82311,1000,True,-1.3176777362823486
5322,82451,1000,True,-1.3030309677124023
5323,81515,1000,True,-1.2819935083389282
5324,81699,1000,True,-1.2562748193740845
5325,82258,1000,True,-1.2276681661605835
5326,82096,1000,True,-1.1929657459259033
5327,82217,1000,True,-1.1496286392211914
5328,84305,1000,True,-1.0950809717178345
5329,82565,1000,True,-1.0278855562210083
5330,82797,1000,True,-0.9542962312698364
5331,81932,1000,True,-0.8665689826011658
5332,82243,1000,True,-0.7609890699386597
5333,82350,1000,True,-0.6263324022293091
5334,82892,1000,True,-0.4613550007343292
5335,82924,1000,True,-0.2747792899608612
5336,81986,1000,True,-0.08334271609783173
5337,82141,1000,True,0.09975647181272507
5338,82763,1000,True,0.27296188473701477
5339,82687,1000,True,0.4357767403125763
5340,30285739,1000,True,-0.24028226733207703
5341,85201,1000,True,-0.30693739652633667
5342,83162,1000,True,-0.3863624334335327
5343,82085,1000,True,-0.4736209511756897
5344,83850,1000,True,-0.5607803463935852
5345,82632,1000,True,-0.6450552940368652
5346,83251,1000,True,-0.7227338552474976
5347,83612,1000,True,-0.7925189733505249
5348,83084,1000,True,-0.8568748235702515
5349,82521,1000,True,-0.9114580750465393
5350,82475,1000,True,-0.9656143188476562
5351,82131,1000,True,-1.0166444778442383
5352,82709,1000,True,-1.0674688816070557
5353,82718,1000,True,-1.1145856380462646
5354,82947,1000,True,-1.1540170907974243
5355,81748,1000,True,-1.1885720491409302
5356,82547,1000,True,-1.2167845964431763
5357,81740,1000,True,-1.242681860923767
5358,83225,1000,True,-1.2677175998687744
5359,81699,1000,True,-1.2885178327560425
5360,82978,1000,True,-1.3059388399124146
5361,81568,1000,True,-1.3188451528549194
5362,82460,1000,True,-1.3303632736206055
5363,81435,1000,True,-1.340039610862732
5364,81981,1000,True,-1.3480418920516968
5365,80965,1000,True,-1.3517463207244873
5366,81760,1000,True,-1.3540152311325073
5367,82190,1000,True,-1.3519519567489624
5368,82438,1000,True,-1.345444679260254
5369,83932,1000,True,-1.3378039598464966
5370,82211,1000,True,-1.3292657136917114
5371,82657,1000,True,-1.3176777362823486
5372,82799,1000,True,-1.3030309677124023
5373,82181,1000,True,-1.2819935083389282
5374,82957,1000,True,-1.2562748193740845
5375,82149,1000,True,-1.2276681661605835
5376,82375,1000,True,-1.1929657459259033
5377,82285,1000,True,-1.1496286392211914
5378,82691,1000,True,-1.0950809717178345
5379,81811,1000,True,-1.0278855562210083
5380,84644,1000,True,-0.9542962312698364
5381,82071,1000,True,-0.8665689826011658
5382,82532,1000,True,-0.7609890699386597
5383,82710,1000,True,-0.6263324022293091
5384,81941,1000,True,-0.4613550007343292
5385,81588,1000,True,-0.2747792899608612
5386,83035,1000,True,-0.08334271609783173
5387,82507,1000,True,0.09975647181272507
5388,81932,1000,True,0.27296188473701477
5389,81707,1000,True,0.4357767403125763
5390,30262867,1000,True,-0.24028226733207703
5391,87016,1000,True,-0.30693739652633667
5392,83728,1000,True,-0.3863624334335327
5393,82416,1000,True,-0.4736209511756897
5394,82166,1000,True,-0.5607803463935852
5395,81979,1000,True,-0.6450552940368652
5396,82055,1000,True,-0.7227338552474976
5397,81285,1000,True,-0.7925189733505249
5398,82480,1000,True,-0.8568748235702515
5399,81774,1000,True,-0.9114580750465393
5400,82131,1000,True,-0.9656143188476562
5401,81420,1000,True,-1.0166444778442383
5402,82122,1000,True,-1.0674688816070557
5403,82380,1000,True,-1.1145856380462646
5404,82078,1000,True,-1.1540170907974243
5405,82003,1000,True,-1.1885720491409302
5406,81712,1000,True,-1.2167845964431763
5407,82137,1000,True,-1.242681860923767
5408,82116,1000,True,-1.2677175998687744
5409,82139,1000,True,-1.2885178327560425
5410,85501,1000,True,-1.3059388399124146
5411,81721,1000,True,-1.3188451528549194
5412,82902,1000,True,-1.3303632736206055
5413,81180,1000,True,-1.340039610862732
5414,83045,1000,True,-1.3480418920516968
5415,82179,1000,True,-1.3517463207244873
5416,82032,1000,True,-1.3540152311325073
5417,81696,1000,True,-1.3519519567489624
5418,81952,1000,True,-1.345444679260254
5419,81403,1000,True,-1.3378039598464966
5420,81713,1000,True,-1.3292657136917114
5421,84000,1000,True,-1.3176777362823486
5422,83303,1000,True,-1.3030309677124023
5423,82115,1000,True,-1.2819935083389282
5424,82667,1000,True,-1.2562748193740845
5425,81860,1000,True,-1.2276681661605835
5426,82551,1000,True,-1.1929657459259033
5427,82644,1000,True,-1.1496286392211914
5428,82423,1000,True,-1.0950809717178345
5429,81937,1000,True,-1.0278855562210083
5430,82453,1000,True,-0.9542962312698364
5431,81787,1000,True,-0.8665689826011658
5432,83937,1000,True,-0.7609890699386597
5433,81795,1000,True,-0.6263324022293091
5434,82277,1000,True,-0.4613550007343292
5435,81341,1000,True,-0.2747792899608612
5436,82729,1000,True,-0.08334271609783173
5437,81714,1000,True,0.09975647181272507
5438,82000,1000,True,0.27296188473701477
5439,82008,1000,True,0.4357767403125763
5440,30237883,1000,True,-0.24028226733207703
5441,88381,1000,True,-0.30693739652633667
5442,83856,1000,True,-0.3863624334335327
5443,82223,1000,True,-0.4736209511756897
5444,82962,1000,True,-0.5607803463935852
5445,82462,1000,True,-0.6450552940368652
5446,82049,1000,True,-0.7227338552474976
5447,82494,1000,True,-0.7925189733505249
5448,82443,1000,True,-0.8568748235702515
5449,81253,1000,True,-0.9114580750465393
5450,81968,1000,True,-0.9656143188476562
5451,81372,1000,True,-1.0166444778442383
5452,83663,1000,True,-1.0674688816070557
5453,81590,1000,True,-1.1145856380462646
5454,82029,1000,True,-1.1540170907974243
5455,81646,1000,True,-1.1885720491409302
5456,82297,1000,True,-1.2167845964431763
5457,81975,1000,True,-1.242681860923767
5458,82733,1000,True,-1.2677175998687744
5459,81365,1000,True,-1.2885178327560425
5460,81675,1000,True,-1.3059388399124146
5461,81596,1000,True,-1.3188451528549194
5462,82641,1000,True,-1.3303632736206055
5463,83796,1000,True,-1.340039610862732
5464,83326,1000,True,-1.3480418920516968
5465,81551,1000,True,-1.3517463207244873
5466,82441,1000,True,-1.3540152311325073
5467,82982,1000,True,-1.3519519567489624
5468,82803,1000,True,-1.345444679260254
5469,81387,1000,True,-1.3378039598464966
5470,82938,1000,True,-1.3292657136917114
5471,82845,1000,True,-1.3176777362823486
5472,82405,1000,True,-1.3030309677124023
5473,81175,1000,True,-1.2819935083389282
5474,82790,1000,True,-1.2562748193740845
5475,81978,1000,True,-1.2276681661605835
5476,82418,1000,True,-1.1929657459259033
5477,82344,1000,True,-1.1496286392211914
5478,82163,1000,True,-1.0950809717178345
5479,82410,1000,True,-1.0278855562210083
5480,82329,1000,True,-0.9542962312698364
5481,82142,1000,True,-0.8665689826011658
5482,82040,1000,True,-0.7609890699386597
5483,81933,1000,True,-0.6263324022293091
5484,81606,1000,True,-0.4613550007343292
5485,81786,1000,True,-0.2747792899608612
5486,82169,1000,True,-0.08334271609783173
5487,82325,1000,True,0.09975647181272507
5488,82425,1000,True,0.27296188473701477
5489,81762,1000,True,0.4357767403125763
5490,29968518,1000,True,-0.24028226733207703
5491,86721,1000,True,-0.30693739652633667
5492,82366,1000,True,-0.3863624334335327
5493,81694,1000,True,-0.4736209511756897
5494,83144,1000,True,-0.5607803463935852
5495,81852,1000,True,-0.6450552940368652
5496,81268,1000,True,-0.7227338552474976
5497,83919,1000,True,-0.7925189733505249
5498,82874,1000,True,-0.8568748235702515
5499,82185,1000,True,-0.9114580750465393
5500,82159,1000,True,-0.9656143188476562
5501,81971,1000,True,-1.0166444778442383
5502,82357,1000,True,-1.0674688816070557
5503,82243,1000,True,-1.1145856380462646
5504,93917,1000,True,-1.1540170907974243
5505,82574,1000,True,-1.1885720491409302
5506,82634,1000,True,-1.2167845964431763
5507,82166,1000,True,-1.242681860923767
5508,81755,1000,True,-1.2677175998687744
5509,82203,1000,True,-1.2885178327560425
5510,82887,1000,True,-1.3059388399124146
5511,82801,1000,True,-1.3188451528549194
5512,83794,1000,True,-1.3303632736206055
5513,81919,1000,True,-1.340039610862732
5514,83222,1000,True,-1.3480418920516968
5515,82247,1000,True,-1.3517463207244873
5516,81915,1000,True,-1.3540152311325073
5517,82954,1000,True,-1.3519519567489624
5518,366080,1000,True,-1.345444679260254
5519,82286,1000,True,-1.3378039598464966
5520,81817,1000,True,-1.3292657136917114
5521,81877,1000,True,-1.3176777362823486
5522,81986,1000,True,-1.3030309677124023
5523,81681,1000,True,-1.2819935083389282
5524,82062,1000,True,-1.2562748193740845
5525,81307,1000,True,-1.2276681661605835
5526,84225,1000,True,-1.1929657459259033
5527,82544,1000,True,-1.1496286392211914
5528,82157,1000,True,-1.0950809717178345
5529,82626,1000,True,-1.0278855562210083
5530,82982,1000,True,-0.9542962312698364
5531,82206,1000,True,-0.8665689826011658
5532,82656,1000,True,-0.7609890699386597
5533,81645,1000,True,-0.6263324022293091
5534,82112,1000,True,-0.4613550007343292
5535,81579,1000,True,-0.2747792899608612
5536,82170,1000,True,-0.08334271609783173
5537,83867,1000,True,0.09975647181272507
5538,82438,1000,True,0.27296188473701477
5539,82511,1000,True,0.4357767403125763
5540,29975903,1000,True,-0.24028226733207703
5541,86961,1000,True,-0.30693739652633667
5542,84084,1000,True,-0.3863624334335327
5543,83272,1000,True,-0.4736209511756897
5544,83015,1000,True,-0.5607803463935852
5545,81910,1000,True,-0.6450552940368652
5546,82541,1000,True,-0.7227338552474976
5547,82544,1000,True,-0.7925189733505249
5548,82284,1000,True,-0.8568748235702515
5549,83971,1000,True,-0.9114580750465393
5550,82982,1000,True,-0.9656143188476562
5551,82047,1000,True,-1.0166444778442383
5552,82147,1000,True,-1.0674688816070557
5553,81592,1000,True,-1.1145856380462646
5554,82372,1000,True,-1.1540170907974243
5555,82179,1000,True,-1.1885720491409302
5556,82257,1000,True,-1.2167845964431763
5557,81355,1000,True,-1.242681860923767
5558,82684,1000,True,-1.2677175998687744
5559,81310,1000,True,-1.2885178327560425
5560,82258,1000,True,-1.3059388399124146
5561,81398,1000,True,-1.3188451528549194
5562,82215,1000,True,-1.3303632736206055
5563,81841,1000,True,-1.340039610862732
5564,82331,1000,True,-1.3480418920516968
5565,81073,1000,True,-1.3517463207244873
5566,81292,1000,True,-1.3540152311325073
5567,82740,1000,True,-1.3519519567489624
5568,82100,1000,True,-1.345444679260254
5569,82052,1000,True,-1.3378039598464966
5570,83042,1000,True,-1.3292657136917114
5571,81568,1000,True,-1.3176777362823486
5572,82426,1000,True,-1.3030309677124023
5573,81143,1000,True,-1.2819935083389282
5574,81225,1000,True,-1.2562748193740845
5575,81560,1000,True,-1.2276681661605835
5576,81884,1000,True,-1.1929657459259033
5577,80012,1000,True,-1.1496286392211914
5578,81027,1000,True,-1.0950809717178345
5579,81712,1000,True,-1.0278855562210083
5580,82044,1000,True,-0.9542962312698364
5581,83239,1000,True,-0.8665689826011658
5582,82087,1000,True,-0.7609890699386597
5583,81640,1000,True,-0.6263324022293091
5584,82234,1000,True,-0.4613550007343292
5585,81479,1000,True,-0.2747792899608612
5586,82194,1000,True,-0.08334271609783173
5587,81583,1000,True,0.09975647181272507
5588,81679,1000,True,0.27296188473701477
5589,82093,1000,True,0.4357767403125763
5590,30245584,1000,True,-0.24028226733207703
5591,86164,1000,True,-0.30693739652633667
5592,83944,1000,True,-0.3863624334335327
5593,82741,1000,True,-0.4736209511756897
5594,84350,1000,True,-0.5607803463935852
5595,82645,1000,True,-0.6450552940368652
5596,81382,1000,True,-0.7227338552474976
5597,80734,1000,True,-0.7925189733505249
5598,82440,1000,True,-0.8568748235702515
5599,81026,1000,True,-0.9114580750465393
5600,81745,1000,True,-0.9656143188476562
5601,83885,1000,True,-1.0166444778442383
5602,83288,1000,True,-1.0674688816070557
5603,82590,1000,True,-1.1145856380462646
5604,82010,1000,True,-1.1540170907974243
5605,81591,1000,True,-1.1885720491409302
5606,83295,1000,True,-1.2167845964431763
5607,82577,1000,True,-1.242681860923767
5608,81683,1000,True,-1.2677175998687744
5609,82054,1000,True,-1.2885178327560425
5610,82483,1000,True,-1.3059388399124146
5611,82141,1000,True,-1.3188451528549194
5612,84469,1000,True,-1.3303632736206055
5613,82601,1000,True,-1.340039610862732
5614,81462,1000,True,-1.3480418920516968
5615,81763,1000,True,-1.3517463207244873
5616,82090,1000,True,-1.3540152311325073
5617,82096,1000,True,-1.3519519567489624
5618,81964,1000,True,-1.345444679260254
5619,82029,1000,True,-1.3378039598464966
5620,82385,1000,True,-1.3292657136917114
5621,82197,1000,True,-1.3176777362823486
5622,81792,1000,True,-1.3030309677124023
5623,84381,1000,True,-1.2819935083389282
5624,82173,1000,True,-1.2562748193740845
5625,81949,1000,True,-1.2276681661605835
5626,82281,1000,True,-1.1929657459259033
5627,81369,1000,True,-1.1496286392211914
5628,81613,1000,True,-1.0950809717178345
5629,82490,1000,True,-1.0278855562210083
5630,81945,1000,True,-0.9542962312698364
5631,81886,1000,True,-0.8665689826011658
5632,81190,1000,True,-0.7609890699386597
5633,81043,1000,True,-0.6263324022293091
5634,83350,1000,True,-0.4613550007343292
5635,82443,1000,True,-0.2747792899608612
5636,82329,1000,True,-0.08334271609783173
5637,81854,1000,True,0.09975647181272507
5638,82459,1000,True,0.27296188473701477
5639,82961,1000,True,0.4357767403125763
5640,30247887,1000,True,-0.24028226733207703
5641,85730,1000,True,-0.30693739652633667
5642,83507,1000,True,-0.3863624334335327
5643,85004,1000,True,-0.4736209511756897
5644,83182,1000,True,-0.5607803463935852
5645,81448,1000,True,-0.6450552940368652
5646,82936,1000,True,-0.7227338552474976
5647,81795,1000,True,-0.7925189733505249
5648,82301,1000,True,-0.8568748235702515
5649,81991,1000,True,-0.9114580750465393
5650,82633,1000,True,-0.9656143188476562
5651,82182,1000,True,-1.0166444778442383
5652,82498,1000,True,-1.0674688816070557
5653,82158,1000,True,-1.1145856380462646
5654,82475,1000,True,-1.1540170907974243
5655,82281,1000,True,-1.1885720491409302
5656,81819,1000,True,-1.2167845964431763
5657,81696,1000,True,-1.242681860923767
5658,81020,1000,True,-1.2677175998687744
5659,81337,1000,True,-1.2885178327560425
5660,82360,1000,True,-1.3059388399124146
5661,81359,1000,True,-1.3188451528549194
5662,81955,1000,True,-1.3303632736206055
5663,81667,1000,True,-1.340039610862732
5664,83644,1000,True,-1.3480418920516968
5665,84728,1000,True,-1.3517463207244873
5666,82715,1000,True,-1.3540152311325073
5667,81365,1000,True,-1.3519519567489624
5668,82691,1000,True,-1.345444679260254
5669,82021,1000,True,-1.3378039598464966
5670,82255,1000,True,-1.3292657136917114
5671,81386,1000,True,-1.3176777362823486
5672,81663,1000,True,-1.3030309677124023
5673,82136,1000,True,-1.2819935083389282
5674,81736,1000,True,-1.2562748193740845
5675,82549,1000,True,-1.2276681661605835
5676,82094,1000,True,-1.1929657459259033
5677,82295,1000,True,-1.1496286392211914
5678,82644,1000,True,-1.0950809717178345
5679,81425,1000,True,-1.0278855562210083
5680,82202,1000,True,-0.9542962312698364
5681,82293,1000,True,-0.8665689826011658
5682,82453,1000,True,-0.7609890699386597
5683,82163,1000,True,-0.6263324022293091
5684,82391,1000,True,-0.4613550007343292
5685,82021,1000,True,-0.2747792899608612
5686,84216,1000,True,-0.08334271609783173
5687,82788,1000,True,0.09975647181272507
5688,81781,1000,True,0.27296188473701477
5689,81657,1000,True,0.4357767403125763
5690,30242089,1000,True,-0.24028226733207703
5691,96261,1000,True,-0.30693739652633667
5692,90024,1000,True,-0.3863624334335327
5693,94474,1000,True,-0.4736209511756897
5694,89788,1000,True,-0.5607803463935852
5695,91179,1000,True,-0.6450552940368652
5696,82423,1000,True,-0.7227338552474976
5697,88200,1000,True,-0.7925189733505249
5698,81737,1000,True,-0.8568748235702515
5699,81494,1000,True,-0.9114580750465393
5700,88823,1000,True,-0.9656143188476562
5701,82934,1000,True,-1.0166444778442383
5702,89193,1000,True,-1.0674688816070557
5703,87382,1000,True,-1.1145856380462646
5704,82301,1000,True,-1.1540170907974243
5705,83345,1000,True,-1.1885720491409302
5706,82542,1000,True,-1.2167845964431763
5707,82010,1000,True,-1.242681860923767
5708,82426,1000,True,-1.2677175998687744
5709,81662,1000,True,-1.2885178327560425
5710,82984,1000,True,-1.3059388399124146
5711,81583,1000,True,-1.3188451528549194
5712,82175,1000,True,-1.3303632736206055
5713,81722,1000,True,-1.340039610862732
5714,82072,1000,True,-1.3480418920516968
5715,81624,1000,True,-1.3517463207244873
5716,82999,1000,True,-1.3540152311325073
5717,81963,1000,True,-1.3519519567489624
5718,82681,1000,True,-1.345444679260254
5719,82683,1000,True,-1.3378039598464966
5720,81795,1000,True,-1.3292657136917114
5721,82289,1000,True,-1.3176777362823486
5722,82207,1000,True,-1.3030309677124023
5723,81591,1000,True,-1.2819935083389282
5724,82467,1000,True,-1.2562748193740845
5725,81366,1000,True,-1.2276681661605835
5726,81643,1000,True,-1.1929657459259033
5727,84522,1000,True,-1.1496286392211914
5728,82177,1000,True,-1.0950809717178345
5729,81317,1000,True,-1.0278855562210083
5730,82150,1000,True,-0.9542962312698364
5731,81798,1000,True,-0.8665689826011658
5732,82329,1000,True,-0.7609890699386597
5733,81594,1000,True,-0.6263324022293091
5734,82942,1000,True,-0.4613550007343292
5735,82231,1000,True,-0.2747792899608612
5736,82213,1000,True,-0.08334271609783173
5737,81977,1000,True,0.09975647181272507
5738,84759,1000,True,0.27296188473701477
5739,81796,1000,True,0.4357767403125763
5740,30225993,1000,True,-0.24028226733207703
5741,85944,1000,True,-0.30693739652633667
5742,83721,1000,True,-0.3863624334335327
5743,82392,1000,True,-0.4736209511756897
5744,81964,1000,True,-0.5607803463935852
5745,82585,1000,True,-0.6450552940368652
5746,81880,1000,True,-0.7227338552474976
5747,84826,1000,True,-0.7925189733505249
5748,81727,1000,True,-0.8568748235702515
5749,81267,1000,True,-0.9114580750465393
5750,82664,1000,True,-0.9656143188476562
5751,81887,1000,True,-1.0166444778442383
5752,81813,1000,True,-1.0674688816070557
5753,80924,1000,True,-1.1145856380462646
5754,82485,1000,True,-1.1540170907974243
5755,81753,1000,True,-1.1885720491409302
5756,81738,1000,True,-1.2167845964431763
5757,81661,1000,True,-1.242681860923767
5758,82384,1000,True,-1.2677175998687744
5759,81119,1000,True,-1.2885178327560425
5760,81476,1000,True,-1.3059388399124146
5761,81275,1000,True,-1.3188451528549194
5762,82200,1000,True,-1.3303632736206055
5763,81855,1000,True,-1.340039610862732
5764,82219,1000,True,-1.3480418920516968
5765,81994,1000,True,-1.3517463207244873
5766,82498,1000,True,-1.3540152311325073
5767,82325,1000,True,-1.3519519567489624
5768,81984,1000,True,-1.345444679260254
5769,83347,1000,True,-1.3378039598464966
5770,81739,1000,True,-1.3292657136917114
5771,82519,1000,True,-1.3176777362823486
5772,82443,1000,True,-1.3030309677124023
5773,80645,1000,True,-1.2819935083389282
5774,82765,1000,True,-1.2562748193740845
5775,81596,1000,True,-1.2276681661605835
5776,81249,1000,True,-1.1929657459259033
5777,81010,1000,True,-1.1496286392211914
5778,80833,1000,True,-1.0950809717178345
5779,81276,1000,True,-1.0278855562210083
5780,83574,1000,True,-0.9542962312698364
5781,81489,1000,True,-0.8665689826011658
5782,81957,1000,True,-0.7609890699386597
5783,81654,1000,True,-0.6263324022293091
5784,82417,1000,True,-0.4613550007343292
5785,82062,1000,True,-0.2747792899608612
5786,82768,1000,True,-0.08334271609783173
5787,81397,1000,True,0.09975647181272507
5788,82439,1000,True,0.27296188473701477
5789,81733,1000,True,0.4357767403125763
5790,30203033,1000,True,-0.24028226733207703
5791,93887,1000,True,-0.30693739652633667
5792,91039,1000,True,-0.3863624334335327
5793,82845,1000,True,-0.4736209511756897
5794,83618,1000,True,-0.5607803463935852
5795,82138,1000,True,-0.6450552940368652
5796,82409,1000,True,-0.7227338552474976
5797,81862,1000,True,-0.7925189733505249
5798,82288,1000,True,-0.8568748235702515
5799,82172,1000,True,-0.9114580750465393
5800,84393,1000,True,-0.9656143188476562
5801,81201,1000,True,-1.0166444778442383
5802,81573,1000,True,-1.0674688816070557
5803,82245,1000,True,-1.1145856380462646
5804,81845,1000,True,-1.1540170907974243
5805,82076,1000,True,-1.1885720491409302
5806,82115,1000,True,-1.2167845964431763
5807,82214,1000,True,-1.242681860923767
5808,82163,1000,True,-1.2677175998687744
5809,82342,1000,True,-1.2885178327560425
5810,83159,1000,True,-1.3059388399124146
5811,84901,1000,True,-1.3188451528549194
5812,82297,1000,True,-1.3303632736206055
5813,82101,1000,True,-1.340039610862732
5814,81780,1000,True,-1.3480418920516968
5815,82032,1000,True,-1.3517463207244873
5816,82301,1000,True,-1.3540152311325073
5817,81189,1000,True,-1.3519519567489624
5818,82768,1000,True,-1.345444679260254
5819,82522,1000,True,-1.3378039598464966
5820,82161,1000,True,-1.3292657136917114
5821,81644,1000,True,-1.3176777362823486
5822,83907,1000,True,-1.3030309677124023
5823,81756,1000,True,-1.2819935083389282
5824,82343,1000,True,-1.2562748193740845
5825,81664,1000,True,-1.2276681661605835
5826,82142,1000,True,-1.1929657459259033
5827,81940,1000,True,-1.1496286392211914
5828,82499,1000,True,-1.0950809717178345
5829,81946,1000,True,-1.0278855562210083
5830,82418,1000,True,-0.9542962312698364
5831,81820,1000,True,-0.8665689826011658
5832,81448,1000,True,-0.7609890699386597
5833,83343,1000,True,-0.6263324022293091
5834,82589,1000,True,-0.4613550007343292
5835,82092,1000,True,-0.2747792899608612
5836,81817,1000,True,-0.08334271609783173
5837,82164,1000,True,0.09975647181272507
5838,83056,1000,True,0.27296188473701477
5839,81749,1000,True,0.4357767403125763
5840,30052680,1000,True,-0.24028226733207703
5841,86505,1000,True,-0.30693739652633667
5842,83735,1000,True,-0.3863624334335327
5843,82425,1000,True,-0.4736209511756897
5844,83636,1000,True,-0.5607803463935852
5845,81913,1000,True,-0.6450552940368652
5846,83383,1000,True,-0.7227338552474976
5847,81981,1000,True,-0.7925189733505249
5848,81959,1000,True,-0.8568748235702515
5849,82428,1000,True,-0.9114580750465393
5850,378225,1000,True,-0.9656143188476562
5851,87126,1000,True,-1.0166444778442383
5852,82107,1000,True,-1.0674688816070557
5853,81274,1000,True,-1.1145856380462646
5854,82323,1000,True,-1.1540170907974243
5855,82331,1000,True,-1.1885720491409302
5856,82758,1000,True,-1.2167845964431763
5857,81604,1000,True,-1.242681860923767
5858,82329,1000,True,-1.2677175998687744
5859,82176,1000,True,-1.2885178327560425
5860,82423,1000,True,-1.3059388399124146
5861,81136,1000,True,-1.3188451528549194
5862,84269,1000,True,-1.3303632736206055
5863,82202,1000,True,-1.340039610862732
5864,82036,1000,True,-1.3480418920516968
5865,82208,1000,True,-1.3517463207244873
5866,82066,1000,True,-1.3540152311325073
5867,81649,1000,True,-1.3519519567489624
5868,81920,1000,True,-1.345444679260254
5869,81925,1000,True,-1.3378039598464966
5870,81515,1000,True,-1.3292657136917114
5871,81743,1000,True,-1.3176777362823486
5872,82430,1000,True,-1.3030309677124023
5873,81790,1000,True,-1.2819935083389282
5874,82363,1000,True,-1.2562748193740845
5875,81662,1000,True,-1.2276681661605835
5876,82007,1000,True,-1.1929657459259033
5877,82533,1000,True,-1.1496286392211914
5878,81748,1000,True,-1.0950809717178345
5879,81419,1000,True,-1.0278855562210083
5880,82224,1000,True,-0.9542962312698364
5881,81058,1000,True,-0.8665689826011658
5882,81656,1000,True,-0.7609890699386597
5883,82258,1000,True,-0.6263324022293091
5884,84547,1000,True,-0.4613550007343292
5885,81772,1000,True,-0.2747792899608612
5886,82085,1000,True,-0.08334271609783173
5887,82063,1000,True,0.09975647181272507
5888,82226,1000,True,0.27296188473701477
5889,82186,1000,True,0.4357767403125763
5890,29914655,1000,True,-0.24028226733207703
5891,86468,1000,True,-0.30693739652633667
5892,82826,1000,True,-0.3863624334335327
5893,82198,1000,True,-0.4736209511756897
5894,83006,1000,True,-0.5607803463935852
5895,81977,1000,True,-0.6450552940368652
5896,82382,1000,True,-0.7227338552474976
5897,81991,1000,True,-0.7925189733505249
5898,82256,1000,True,-0.8568748235702515
5899,83097,1000,True,-0.9114580750465393
5900,82440,1000,True,-0.9656143188476562
5901,81119,1000,True,-1.0166444778442383
5902,82255,1000,True,-1.0674688816070557
5903,81682,1000,True,-1.1145856380462646
5904,82225,1000,True,-1.1540170907974243
5905,81314,1000,True,-1.1885720491409302
5906,82334,1000,True,-1.2167845964431763
5907,81431,1000,True,-1.242681860923767
5908,82010,1000,True,-1.2677175998687744
5909,81041,1000,True,-1.2885178327560425
5910,81571,1000,True,-1.3059388399124146
5911,81494,1000,True,-1.3188451528549194
5912,81353,1000,True,-1.3303632736206055
5913,80812,1000,True,-1.340039610862732
5914,82868,1000,True,-1.3480418920516968
5915,82217,1000,True,-1.3517463207244873
5916,81816,1000,True,-1.3540152311325073
5917,81871,1000,True,-1.3519519567489624
5918,83841,1000,True,-1.345444679260254
5919,81385,1000,True,-1.3378039598464966
5920,81521,1000,True,-1.3292657136917114
5921,81732,1000,True,-1.3176777362823486
5922,81969,1000,True,-1.3030309677124023
5923,82471,1000,True,-1.2819935083389282
5924,81863,1000,True,-1.2562748193740845
5925,82339,1000,True,-1.2276681661605835
5926,81582,1000,True,-1.1929657459259033
5927,82112,1000,True,-1.1496286392211914
5928,81422,1000,True,-1.0950809717178345
5929,82557,1000,True,-1.0278855562210083
5930,82700,1000,True,-0.9542962312698364
5931,81595,1000,True,-0.8665689826011658
5932,82129,1000,True,-0.7609890699386597
5933,81748,1000,True,-0.6263324022293091
5934,82332,1000,True,-0.4613550007343292
5935,81702,1000,True,-0.2747792899608612
5936,82295,1000,True,-0.08334271609783173
5937,80932,1000,True,0.09975647181272507
5938,82809,1000,True,0.27296188473701477
5939,81067,1000,True,0.4357767403125763
5940,30246501,1000,True,-0.24028226733207703
5941,85950,1000,True,-0.30693739652633667
5942,83168,1000,True,-0.3863624334335327
5943,82096,1000,True,-0.4736209511756897
5944,83125,1000,True,-0.5607803463935852
5945,82108,1000,True,-0.6450552940368652
5946,81993,1000,True,-0.7227338552474976
5947,82414,1000,True,-0.7925189733505249
5948,82504,1000,True,-0.8568748235702515
5949,84824,1000,True,-0.9114580750465393
5950,82331,1000,True,-0.9656143188476562
5951,82452,1000,True,-1.0166444778442383
5952,82468,1000,True,-1.0674688816070557
5953,81258,1000,True,-1.1145856380462646
5954,81929,1000,True,-1.1540170907974243
5955,81979,1000,True,-1.1885720491409302
5956,82670,1000,True,-1.2167845964431763
5957,82546,1000,True,-1.242681860923767
5958,82559,1000,True,-1.2677175998687744
5959,82278,1000,True,-1.2885178327560425
5960,84379,1000,True,-1.3059388399124146
5961,81330,1000,True,-1.3188451528549194
5962,82033,1000,True,-1.3303632736206055
5963,82742,1000,True,-1.340039610862732
5964,82455,1000,True,-1.3480418920516968
5965,81868,1000,True,-1.3517463207244873
5966,82921,1000,True,-1.3540152311325073
5967,82146,1000,True,-1.3519519567489624
5968,82380,1000,True,-1.345444679260254
5969,82946,1000,True,-1.3378039598464966
5970,84244,1000,True,-1.3292657136917114
5971,84154,1000,True,-1.3176777362823486
5972,83140,1000,True,-1.3030309677124023
5973,81813,1000,True,-1.2819935083389282
5974,82252,1000,True,-1.2562748193740845
5975,82024,1000,True,-1.2276681661605835
5976,82101,1000,True,-1.1929657459259033
5977,81503,1000,True,-1.1496286392211914
5978,82007,1000,True,-1.0950809717178345
5979,81548,1000,True,-1.0278855562210083
5980,82482,1000,True,-0.9542962312698364
5981,81508,1000,True,-0.8665689826011658
5982,84225,1000,True,-0.7609890699386597
5983,81940,1000,True,-0.6263324022293091
5984,82668,1000,True,-0.4613550007343292
5985,81724,1000,True,-0.2747792899608612
5986,82420,1000,True,-0.08334271609783173
5987,82304,1000,True,0.09975647181272507
5988,82711,1000,True,0.27296188473701477
5989,82160,1000,True,0.4357767403125763
5990,30325862,1000,True,-0.24028226733207703
5991,86561,1000,True,-0.30693739652633667
5992,83048,1000,True,-0.3863624334335327
5993,82859,1000,True,-0.4736209511756897
5994,82642,1000,True,-0.5607803463935852
5995,82073,1000,True,-0.6450552940368652
5996,82075,1000,True,-0.7227338552474976
5997,81518,1000,True,-0.7925189733505249
5998,82454,1000,True,-0.8568748235702515
5999,81936,1000,True,-0.9114580750465393
6000,82531,1000,True,-0.9656143188476562
6001,82489,1000,True,-1.0166444778442383
6002,82982,1000,True,-1.0674688816070557
6003,82152,1000,True,-1.1145856380462646
6004,81674,1000,True,-1.1540170907974243
6005,81934,1000,True,-1.1885720491409302
6006,82799,1000,True,-1.2167845964431763
6007,82008,1000,True,-1.242681860923767
6008,82494,1000,True,-1.2677175998687744
6009,81239,1000,True,-1.2885178327560425
6010,82357,1000,True,-1.3059388399124146
6011,82419,1000,True,-1.3188451528549194
6012,83123,1000,True,-1.3303632736206055
6013,82051,1000,True,-1.340039610862732
6014,82669,1000,True,-1.3480418920516968
6015,82838,1000,True,-1.3517463207244873
6016,81660,1000,True,-1.3540152311325073
6017,82624,1000,True,-1.3519519567489624
6018,83217,1000,True,-1.345444679260254
6019,82134,1000,True,-1.3378039598464966
6020,81908,1000,True,-1.3292657136917114
6021,81744,1000,True,-1.3176777362823486
6022,84290,1000,True,-1.3030309677124023
6023,81920,1000,True,-1.2819935083389282
6024,81727,1000,True,-1.2562748193740845
6025,82463,1000,True,-1.2276681661605835
6026,82334,1000,True,-1.1929657459259033
6027,81624,1000,True,-1.1496286392211914
6028,82287,1000,True,-1.0950809717178345
6029,82326,1000,True,-1.0278855562210083
6030,82952,1000,True,-0.9542962312698364
6031,82018,1000,True,-0.8665689826011658
6032,81748,1000,True,-0.7609890699386597
6033,83928,1000,True,-0.6263324022293091
6034,83148,1000,True,-0.4613550007343292
6035,81721,1000,True,-0.2747792899608612
6036,81997,1000,True,-0.08334271609783173
6037,82734,1000,True,0.09975647181272507
6038,82333,1000,True,0.27296188473701477
6039,81927,1000,True,0.4357767403125763
6040,30269062,1000,True,-0.24028226733207703
6041,85940,1000,True,-0.30693739652633667
6042,84021,1000,True,-0.3863624334335327
6043,82393,1000,True,-0.4736209511756897
6044,82929,1000,True,-0.5607803463935852
6045,81784,1000,True,-0.6450552940368652
6046,81973,1000,True,-0.7227338552474976
6047,81632,1000,True,-0.7925189733505249
6048,82712,1000,True,-0.8568748235702515
6049,81297,1000,True,-0.9114580750465393
6050,82743,1000,True,-0.9656143188476562
6051,82447,1000,True,-1.0166444778442383
6052,82981,1000,True,-1.0674688816070557
6053,83673,1000,True,-1.1145856380462646
6054,82570,1000,True,-1.1540170907974243
6055,81724,1000,True,-1.1885720491409302
6056,82723,1000,True,-1.2167845964431763
6057,82305,1000,True,-1.242681860923767
6058,82842,1000,True,-1.2677175998687744
6059,81823,1000,True,-1.2885178327560425
6060,83126,1000,True,-1.3059388399124146
6061,81167,1000,True,-1.3188451528549194
6062,83104,1000,True,-1.3303632736206055
6063,82122,1000,True,-1.340039610862732
6064,82649,1000,True,-1.3480418920516968
6065,81795,1000,True,-1.3517463207244873
6066,82679,1000,True,-1.3540152311325073
6067,81310,1000,True,-1.3519519567489624
6068,82690,1000,True,-1.345444679260254
6069,82307,1000,True,-1.3378039598464966
6070,82090,1000,True,-1.3292657136917114
6071,81789,1000,True,-1.3176777362823486
6072,81628,1000,True,-1.3030309677124023
6073,81191,1000,True,-1.2819935083389282
6074,84428,1000,True,-1.2562748193740845
6075,82592,1000,True,-1.2276681661605835
6076,82659,1000,True,-1.1929657459259033
6077,81976,1000,True,-1.1496286392211914
6078,81866,1000,True,-1.0950809717178345
6079,82208,1000,True,-1.0278855562210083
6080,82789,1000,True,-0.9542962312698364
6081,81943,1000,True,-0.8665689826011658
6082,82596,1000,True,-0.7609890699386597
6083,81222,1000,True,-0.6263324022293091
6084,82618,1000,True,-0.4613550007343292
6085,82736,1000,True,-0.2747792899608612
6086,82501,1000,True,-0.08334271609783173
6087,82008,1000,True,0.09975647181272507
6088,82523,1000,True,0.27296188473701477
6089,81550,1000,True,0.4357767403125763
6090,30273589,1000,True,-0.24028226733207703
6091,86165,1000,True,-0.30693739652633667
6092,83772,1000,True,-0.3863624334335327
6093,82820,1000,True,-0.4736209511756897
6094,85429,1000,True,-0.5607803463935852
6095,81570,1000,True,-0.6450552940368652
6096,82844,1000,True,-0.7227338552474976
6097,81676,1000,True,-0.7925189733505249
6098,82460,1000,True,-0.8568748235702515
6099,82520,1000,True,-0.9114580750465393
6100,83027,1000,True,-0.9656143188476562
6101,81770,1000,True,-1.0166444778442383
6102,83324,1000,True,-1.0674688816070557
6103,81800,1000,True,-1.1145856380462646
6104,81547,1000,True,-1.1540170907974243
6105,83581,1000,True,-1.1885720491409302
6106,82796,1000,True,-1.2167845964431763
6107,81796,1000,True,-1.242681860923767
6108,81815,1000,True,-1.2677175998687744
6109,82062,1000,True,-1.2885178327560425
6110,83041,1000,True,-1.3059388399124146
6111,82506,1000,True,-1.3188451528549194
6112,81514,1000,True,-1.3303632736206055
6113,81636,1000,True,-1.340039610862732
6114,82302,1000,True,-1.3480418920516968
6115,82052,1000,True,-1.3517463207244873
6116,84819,1000,True,-1.3540152311325073
6117,81733,1000,True,-1.3519519567489624
6118,82597,1000,True,-1.345444679260254
6119,82395,1000,True,-1.3378039598464966
6120,81485,1000,True,-1.3292657136917114
6121,81315,1000,True,-1.3176777362823486
6122,82158,1000,True,-1.3030309677124023
6123,81302,1000,True,-1.2819935083389282
6124,82092,1000,True,-1.2562748193740845
6125,81661,1000,True,-1.2276681661605835
6126,81842,1000,True,-1.1929657459259033
6127,81915,1000,True,-1.1496286392211914
6128,82178,1000,True,-1.0950809717178345
6129,81587,1000,True,-1.0278855562210083
6130,82238,1000,True,-0.9542962312698364
6131,81543,1000,True,-0.8665689826011658
6132,82599,1000,True,-0.7609890699386597
6133,81806,1000,True,-0.6263324022293091
6134,82262,1000,True,-0.4613550007343292
6135,81662,1000,True,-0.2747792899608612
6136,82141,1000,True,-0.08334271609783173
6137,82666,1000,True,0.09975647181272507
6138,82167,1000,True,0.27296188473701477
6139,81898,1000,True,0.4357767403125763
6140,30330021,1000,True,-0.24028226733207703
6141,86035,1000,True,-0.30693739652633667
6142,82697,1000,True,-0.3863624334335327
6143,82079,1000,True,-0.4736209511756897
6144,82741,1000,True,-0.5607803463935852
6145,84913,1000,True,-0.6450552940368652
6146,83176,1000,True,-0.7227338552474976
6147,82340,1000,True,-0.7925189733505249
6148,82441,1000,True,-0.8568748235702515
6149,81621,1000,True,-0.9114580750465393
6150,83108,1000,True,-0.9656143188476562
6151,82425,1000,True,-1.0166444778442383
6152,83187,1000,True,-1.0674688816070557
6153,82066,1000,True,-1.1145856380462646
6154,82328,1000,True,-1.1540170907974243
6155,81476,1000,True,-1.1885720491409302
6156,85264,1000,True,-1.2167845964431763
6157,82510,1000,True,-1.242681860923767
6158,82123,1000,True,-1.2677175998687744
6159,81934,1000,True,-1.2885178327560425
6160,81815,1000,True,-1.3059388399124146
6161,82021,1000,True,-1.3188451528549194
6162,82276,1000,True,-1.3303632736206055
6163,82463,1000,True,-1.340039610862732
6164,83124,1000,True,-1.3480418920516968
6165,81791,1000,True,-1.3517463207244873
6166,82824,1000,True,-1.3540152311325073
6167,83968,1000,True,-1.3519519567489624
6168,82867,1000,True,-1.345444679260254
6169,82008,1000,True,-1.3378039598464966
6170,82332,1000,True,-1.3292657136917114
6171,82119,1000,True,-1.3176777362823486
6172,82466,1000,True,-1.3030309677124023
6173,81259,1000,True,-1.2819935083389282
6174,83146,1000,True,-1.2562748193740845
6175,81611,1000,True,-1.2276681661605835
6176,82396,1000,True,-1.1929657459259033
6177,82153,1000,True,-1.1496286392211914
6178,84768,1000,True,-1.0950809717178345
6179,82267,1000,True,-1.0278855562210083
6180,81883,1000,True,-0.9542962312698364
6181,81985,1000,True,-0.8665689826011658
6182,82801,1000,True,-0.7609890699386597
6183,81851,1000,True,-0.6263324022293091
6184,82661,1000,True,-0.4613550007343292
6185,81896,1000,True,-0.2747792899608612
6186,82640,1000,True,-0.08334271609783173
6187,83022,1000,True,0.09975647181272507
6188,82018,1000,True,0.27296188473701477
6189,83933,1000,True,0.4357767403125763
6190,30257221,1000,True,-0.24028226733207703
6191,85649,1000,True,-0.30693739652633667
6192,82898,1000,True,-0.3863624334335327
6193,82441,1000,True,-0.4736209511756897
6194,82661,1000,True,-0.5607803463935852
6195,81429,1000,True,-0.6450552940368652
6196,82083,1000,True,-0.7227338552474976
6197,81310,1000,True,-0.7925189733505249
6198,84082,1000,True,-0.8568748235702515
6199,82419,1000,True,-0.9114580750465393
6200,82042,1000,True,-0.9656143188476562
6201,82006,1000,True,-1.0166444778442383
6202,82429,1000,True,-1.0674688816070557
6203,81763,1000,True,-1.1145856380462646
6204,82483,1000,True,-1.1540170907974243
6205,81405,1000,True,-1.1885720491409302
6206,82659,1000,True,-1.2167845964431763
6207,81425,1000,True,-1.242681860923767
6208,81764,1000,True,-1.2677175998687744
6209,84158,1000,True,-1.2885178327560425
6210,82407,1000,True,-1.3059388399124146
6211,81183,1000,True,-1.3188451528549194
6212,81815,1000,True,-1.3303632736206055
6213,81772,1000,True,-1.340039610862732
6214,82446,1000,True,-1.3480418920516968
6215,81234,1000,True,-1.3517463207244873
6216,83097,1000,True,-1.3540152311325073
6217,81812,1000,True,-1.3519519567489624
6218,82107,1000,True,-1.345444679260254
6219,82181,1000,True,-1.3378039598464966
6220,82192,1000,True,-1.3292657136917114
6221,81694,1000,True,-1.3176777362823486
6222,82419,1000,True,-1.3030309677124023
6223,82401,1000,True,-1.2819935083389282
6224,82333,1000,True,-1.2562748193740845
6225,81446,1000,True,-1.2276681661605835
6226,82395,1000,True,-1.1929657459259033
6227,81460,1000,True,-1.1496286392211914
6228,83762,1000,True,-1.0950809717178345
6229,81381,1000,True,-1.0278855562210083
6230,84760,1000,True,-0.9542962312698364
6231,81638,1000,True,-0.8665689826011658
6232,81569,1000,True,-0.7609890699386597
6233,81775,1000,True,-0.6263324022293091
6234,82581,1000,True,-0.4613550007343292
6235,81273,1000,True,-0.2747792899608612
6236,81610,1000,True,-0.08334271609783173
6237,82433,1000,True,0.09975647181272507
6238,83174,1000,True,0.27296188473701477
6239,82564,1000,True,0.4357767403125763
6240,29991931,1000,True,-0.24028226733207703
6241,86993,1000,True,-0.30693739652633667
6242,84511,1000,True,-0.3863624334335327
6243,82517,1000,True,-0.4736209511756897
6244,83000,1000,True,-0.5607803463935852
6245,82107,1000,True,-0.6450552940368652
6246,82885,1000,True,-0.7227338552474976
6247,82594,1000,True,-0.7925189733505249
6248,82272,1000,True,-0.8568748235702515
6249,81607,1000,True,-0.9114580750465393
6250,82633,1000,True,-0.9656143188476562
6251,82245,1000,True,-1.0166444778442383
6252,82753,1000,True,-1.0674688816070557
6253,83934,1000,True,-1.1145856380462646
6254,82041,1000,True,-1.1540170907974243
6255,81320,1000,True,-1.1885720491409302
6256,83545,1000,True,-1.2167845964431763
6257,82462,1000,True,-1.242681860923767
6258,82112,1000,True,-1.2677175998687744
6259,82065,1000,True,-1.2885178327560425
6260,82172,1000,True,-1.3059388399124146
6261,81591,1000,True,-1.3188451528549194
6262,81866,1000,True,-1.3303632736206055
6263,82162,1000,True,-1.340039610862732
6264,83041,1000,True,-1.3480418920516968
6265,81613,1000,True,-1.3517463207244873
6266,82063,1000,True,-1.3540152311325073
6267,83177,1000,True,-1.3519519567489624
6268,83311,1000,True,-1.345444679260254
6269,90178,1000,True,-1.3378039598464966
6270,83242,1000,True,-1.3292657136917114
6271,82160,1000,True,-1.3176777362823486
6272,82314,1000,True,-1.3030309677124023
6273,81151,1000,True,-1.2819935083389282
6274,81714,1000,True,-1.2562748193740845
6275,82198,1000,True,-1.2276681661605835
6276,82356,1000,True,-1.1929657459259033
6277,82266,1000,True,-1.1496286392211914
6278,81956,1000,True,-1.0950809717178345
6279,80979,1000,True,-1.0278855562210083
6280,82127,1000,True,-0.9542962312698364
6281,81645,1000,True,-0.8665689826011658
6282,83082,1000,True,-0.7609890699386597
6283,82092,1000,True,-0.6263324022293091
6284,82203,1000,True,-0.4613550007343292
6285,84668,1000,True,-0.2747792899608612
6286,82089,1000,True,-0.08334271609783173
6287,81864,1000,True,0.09975647181272507
6288,81303,1000,True,0.27296188473701477
6289,81327,1000,True,0.4357767403125763
6290,30339008,1000,True,-0.24028226733207703
6291,86480,1000,True,-0.30693739652633667
6292,83402,1000,True,-0.3863624334335327
6293,83414,1000,True,-0.4736209511756897
6294,83272,1000,True,-0.5607803463935852
6295,81934,1000,True,-0.6450552940368652
6296,81814,1000,True,-0.7227338552474976
6297,81605,1000,True,-0.7925189733505249
6298,82374,1000,True,-0.8568748235702515
6299,81660,1000,True,-0.9114580750465393
6300,82235,1000,True,-0.9656143188476562
6301,81579,1000,True,-1.0166444778442383
6302,81655,1000,True,-1.0674688816070557
6303,81795,1000,True,-1.1145856380462646
6304,82492,1000,True,-1.1540170907974243
6305,81492,1000,True,-1.1885720491409302
6306,81571,1000,True,-1.2167845964431763
6307,81846,1000,True,-1.242681860923767
6308,81711,1000,True,-1.2677175998687744
6309,81666,1000,True,-1.2885178327560425
6310,82599,1000,True,-1.3059388399124146
6311,82270,1000,True,-1.3188451528549194
6312,82201,1000,True,-1.3303632736206055
6313,82438,1000,True,-1.340039610862732
6314,82655,1000,True,-1.3480418920516968
6315,84852,1000,True,-1.3517463207244873
6316,82642,1000,True,-1.3540152311325073
6317,81924,1000,True,-1.3519519567489624
6318,83110,1000,True,-1.345444679260254
6319,82186,1000,True,-1.3378039598464966
6320,83053,1000,True,-1.3292657136917114
6321,82155,1000,True,-1.3176777362823486
6322,83115,1000,True,-1.3030309677124023
6323,81625,1000,True,-1.2819935083389282
6324,82087,1000,True,-1.2562748193740845
6325,81469,1000,True,-1.2276681661605835
6326,85746,1000,True,-1.1929657459259033
6327,82288,1000,True,-1.1496286392211914
6328,82421,1000,True,-1.0950809717178345
6329,82243,1000,True,-1.0278855562210083
6330,82578,1000,True,-0.9542962312698364
6331,81499,1000,True,-0.8665689826011658
6332,81753,1000,True,-0.7609890699386597
6333,81749,1000,True,-0.6263324022293091
6334,82135,1000,True,-0.4613550007343292
6335,81137,1000,True,-0.2747792899608612
6336,81649,1000,True,-0.08334271609783173
6337,84761,1000,True,0.09975647181272507
6338,83524,1000,True,0.27296188473701477
6339,81894,1000,True,0.4357767403125763
6340,30293548,1000,True,-0.24028226733207703
6341,86718,1000,True,-0.30693739652633667
6342,84234,1000,True,-0.3863624334335327
6343,82943,1000,True,-0.4736209511756897
6344,82306,1000,True,-0.5607803463935852
6345,84304,1000,True,-0.6450552940368652
6346,82587,1000,True,-0.7227338552474976
6347,81596,1000,True,-0.7925189733505249
6348,82812,1000,True,-0.8568748235702515
6349,82793,1000,True,-0.9114580750465393
6350,81382,1000,True,-0.9656143188476562
6351,81881,1000,True,-1.0166444778442383
6352,82278,1000,True,-1.0674688816070557
6353,81403,1000,True,-1.1145856380462646
6354,81910,1000,True,-1.1540170907974243
6355,81722,1000,True,-1.1885720491409302
6356,85102,1000,True,-1.2167845964431763
6357,82245,1000,True,-1.242681860923767
6358,81844,1000,True,-1.2677175998687744
6359,82126,1000,True,-1.2885178327560425
6360,82905,1000,True,-1.3059388399124146
6361,82863,1000,True,-1.3188451528549194
6362,82476,1000,True,-1.3303632736206055
6363,81665,1000,True,-1.340039610862732
6364,81762,1000,True,-1.3480418920516968
6365,82040,1000,True,-1.3517463207244873
6366,82634,1000,True,-1.3540152311325073
6367,83563,1000,True,-1.3519519567489624
6368,82757,1000,True,-1.345444679260254
6369,81620,1000,True,-1.3378039598464966
6370,81709,1000,True,-1.3292657136917114
6371,82031,1000,True,-1.3176777362823486
6372,82523,1000,True,-1.3030309677124023
6373,80937,1000,True,-1.2819935083389282
6374,81941,1000,True,-1.2562748193740845
6375,81829,1000,True,-1.2276681661605835
6376,83119,1000,True,-1.1929657459259033
6377,81451,1000,True,-1.1496286392211914
6378,86356,1000,True,-1.0950809717178345
6379,82263,1000,True,-1.0278855562210083
6380,82004,1000,True,-0.9542962312698364
6381,81553,1000,True,-0.8665689826011658
6382,82089,1000,True,-0.7609890699386597
6383,81576,1000,True,-0.6263324022293091
6384,82566,1000,True,-0.4613550007343292
6385,81533,1000,True,-0.2747792899608612
6386,82785,1000,True,-0.08334271609783173
6387,81969,1000,True,0.09975647181272507
6388,82065,1000,True,0.27296188473701477
6389,83830,1000,True,0.4357767403125763
6390,30820083,1000,True,-0.24028226733207703
6391,86937,1000,True,-0.30693739652633667
6392,83983,1000,True,-0.3863624334335327
6393,82054,1000,True,-0.4736209511756897
6394,82914,1000,True,-0.5607803463935852
6395,82485,1000,True,-0.6450552940368652
6396,82335,1000,True,-0.7227338552474976
6397,82401,1000,True,-0.7925189733505249
6398,82815,1000,True,-0.8568748235702515
6399,82284,1000,True,-0.9114580750465393
6400,82528,1000,True,-0.9656143188476562
6401,81641,1000,True,-1.0166444778442383
6402,84762,1000,True,-1.0674688816070557
6403,82165,1000,True,-1.1145856380462646
6404,83032,1000,True,-1.1540170907974243
6405,82557,1000,True,-1.1885720491409302
6406,83079,1000,True,-1.2167845964431763
6407,82993,1000,True,-1.242681860923767
6408,83022,1000,True,-1.2677175998687744
6409,81878,1000,True,-1.2885178327560425
6410,83377,1000,True,-1.3059388399124146
6411,82340,1000,True,-1.3188451528549194
6412,82029,1000,True,-1.3303632736206055
6413,82844,1000,True,-1.340039610862732
6414,83053,1000,True,-1.3480418920516968
6415,82703,1000,True,-1.3517463207244873
6416,82624,1000,True,-1.3540152311325073
6417,81918,1000,True,-1.3519519567489624
6418,82528,1000,True,-1.345444679260254
6419,81616,1000,True,-1.3378039598464966
6420,82114,1000,True,-1.3292657136917114
6421,81393,1000,True,-1.3176777362823486
6422,82373,1000,True,-1.3030309677124023
6423,81761,1000,True,-1.2819935083389282
6424,84147,1000,True,-1.2562748193740845
6425,82657,1000,True,-1.2276681661605835
6426,82898,1000,True,-1.1929657459259033
6427,82144,1000,True,-1.1496286392211914
6428,82421,1000,True,-1.0950809717178345
6429,82224,1000,True,-1.0278855562210083
6430,82066,1000,True,-0.9542962312698364
6431,81780,1000,True,-0.8665689826011658
6432,82137,1000,True,-0.7609890699386597
6433,81976,1000,True,-0.6263324022293091
6434,82531,1000,True,-0.4613550007343292
6435,83154,1000,True,-0.2747792899608612
6436,81733,1000,True,-0.08334271609783173
6437,81927,1000,True,0.09975647181272507
6438,82270,1000,True,0.27296188473701477
6439,82514,1000,True,0.4357767403125763
6440,30286096,1000,True,-0.24028226733207703
6441,86352,1000,True,-0.30693739652633667
6442,84147,1000,True,-0.3863624334335327
6443,84562,1000,True,-0.4736209511756897
6444,83219,1000,True,-0.5607803463935852
6445,81277,1000,True,-0.6450552940368652
6446,82499,1000,True,-0.7227338552474976
6447,81993,1000,True,-0.7925189733505249
6448,82099,1000,True,-0.8568748235702515
6449,82185,1000,True,-0.9114580750465393
6450,82542,1000,True,-0.9656143188476562
6451,81943,1000,True,-1.0166444778442383
6452,82136,1000,True,-1.0674688816070557
6453,81609,1000,True,-1.1145856380462646
6454,84217,1000,True,-1.1540170907974243
6455,82567,1000,True,-1.1885720491409302
6456,82548,1000,True,-1.2167845964431763
6457,82450,1000,True,-1.242681860923767
6458,82049,1000,True,-1.2677175998687744
6459,82392,1000,True,-1.2885178327560425
6460,82610,1000,True,-1.3059388399124146
6461,82608,1000,True,-1.3188451528549194
6462,82617,1000,True,-1.3303632736206055
6463,82034,1000,True,-1.340039610862732
6464,82485,1000,True,-1.3480418920516968
6465,83875,1000,True,-1.3517463207244873
6466,82830,1000,True,-1.3540152311325073
6467,82245,1000,True,-1.3519519567489624
6468,82510,1000,True,-1.345444679260254
6469,81208,1000,True,-1.3378039598464966
6470,82199,1000,True,-1.3292657136917114
6471,82204,1000,True,-1.3176777362823486
6472,82668,1000,True,-1.3030309677124023
6473,82271,1000,True,-1.2819935083389282
6474,82270,1000,True,-1.2562748193740845
6475,82220,1000,True,-1.2276681661605835
6476,85042,1000,True,-1.1929657459259033
6477,81943,1000,True,-1.1496286392211914
6478,82006,1000,True,-1.0950809717178345
6479,81917,1000,True,-1.0278855562210083
6480,82408,1000,True,-0.9542962312698364
6481,81572,1000,True,-0.8665689826011658
6482,82468,1000,True,-0.7609890699386597
6483,81692,1000,True,-0.6263324022293091
6484,82600,1000,True,-0.4613550007343292
6485,82140,1000,True,-0.2747792899608612
6486,82677,1000,True,-0.08334271609783173
6487,84182,1000,True,0.09975647181272507
6488,82817,1000,True,0.27296188473701477
6489,82177,1000,True,0.4357767403125763
6490,30295244,1000,True,-0.24028226733207703
6491,85232,1000,True,-0.30693739652633667
6492,82773,1000,True,-0.3863624334335327
6493,83044,1000,True,-0.4736209511756897
6494,82852,1000,True,-0.5607803463935852
6495,85482,1000,True,-0.6450552940368652
6496,81990,1000,True,-0.7227338552474976
6497,81971,1000,True,-0.7925189733505249
6498,82579,1000,True,-0.8568748235702515
6499,80992,1000,True,-0.9114580750465393
6500,82448,1000,True,-0.9656143188476562
6501,82619,1000,True,-1.0166444778442383
6502,81842,1000,True,-1.0674688816070557
6503,81261,1000,True,-1.1145856380462646
6504,81522,1000,True,-1.1540170907974243
6505,81765,1000,True,-1.1885720491409302
6506,84223,1000,True,-1.2167845964431763
6507,81317,1000,True,-1.242681860923767
6508,81828,1000,True,-1.2677175998687744
6509,81542,1000,True,-1.2885178327560425
6510,82836,1000,True,-1.3059388399124146
6511,82274,1000,True,-1.3188451528549194
6512,81841,1000,True,-1.3303632736206055
6513,82023,1000,True,-1.340039610862732
6514,82503,1000,True,-1.3480418920516968
6515,81110,1000,True,-1.3517463207244873
6516,82438,1000,True,-1.3540152311325073
6517,84972,1000,True,-1.3519519567489624
6518,82990,1000,True,-1.345444679260254
6519,82200,1000,True,-1.3378039598464966
6520,82555,1000,True,-1.3292657136917114
6521,83203,1000,True,-1.3176777362823486
6522,82621,1000,True,-1.3030309677124023
6523,82188,1000,True,-1.2819935083389282
6524,82155,1000,True,-1.2562748193740845
6525,81596,1000,True,-1.2276681661605835
6526,83609,1000,True,-1.1929657459259033
6527,82010,1000,True,-1.1496286392211914
6528,84334,1000,True,-1.0950809717178345
6529,81706,1000,True,-1.0278855562210083
6530,82725,1000,True,-0.9542962312698364
6531,82526,1000,True,-0.8665689826011658
6532,81984,1000,True,-0.7609890699386597
6533,82298,1000,True,-0.6263324022293091
6534,81941,1000,True,-0.4613550007343292
6535,82429,1000,True,-0.2747792899608612
6536,81169,1000,True,-0.08334271609783173
6537,82056,1000,True,0.09975647181272507
6538,83020,1000,True,0.27296188473701477
6539,84183,1000,True,0.4357767403125763
6540,30228934,1000,True,-0.24028226733207703
6541,86327,1000,True,-0.30693739652633667
6542,83020,1000,True,-0.3863624334335327
6543,82604,1000,True,-0.4736209511756897
6544,82620,1000,True,-0.5607803463935852
6545,81907,1000,True,-0.6450552940368652
6546,82243,1000,True,-0.7227338552474976
6547,81249,1000,True,-0.7925189733505249
6548,83326,1000,True,-0.8568748235702515
6549,81283,1000,True,-0.9114580750465393
6550,82091,1000,True,-0.9656143188476562
6551,81161,1000,True,-1.0166444778442383
6552,82300,1000,True,-1.0674688816070557
6553,83257,1000,True,-1.1145856380462646
6554,81846,1000,True,-1.1540170907974243
6555,80920,1000,True,-1.1885720491409302
6556,82649,1000,True,-1.2167845964431763
6557,81405,1000,True,-1.242681860923767
6558,82075,1000,True,-1.2677175998687744
6559,83175,1000,True,-1.2885178327560425
6560,82437,1000,True,-1.3059388399124146
6561,81770,1000,True,-1.3188451528549194
6562,81913,1000,True,-1.3303632736206055
6563,81785,1000,True,-1.340039610862732
6564,82285,1000,True,-1.3480418920516968
6565,81491,1000,True,-1.3517463207244873
6566,81587,1000,True,-1.3540152311325073
6567,81367,1000,True,-1.3519519567489624
6568,81668,1000,True,-1.345444679260254
6569,82181,1000,True,-1.3378039598464966
6570,82471,1000,True,-1.3292657136917114
6571,81783,1000,True,-1.3176777362823486
6572,81921,1000,True,-1.3030309677124023
6573,81299,1000,True,-1.2819935083389282
6574,82172,1000,True,-1.2562748193740845
6575,81601,1000,True,-1.2276681661605835
6576,81983,1000,True,-1.1929657459259033
6577,82224,1000,True,-1.1496286392211914
6578,82701,1000,True,-1.0950809717178345
6579,82514,1000,True,-1.0278855562210083
6580,84746,1000,True,-0.9542962312698364
6581,82001,1000,True,-0.8665689826011658
6582,81669,1000,True,-0.7609890699386597
6583,83028,1000,True,-0.6263324022293091
6584,81724,1000,True,-0.4613550007343292
6585,81906,1000,True,-0.2747792899608612
6586,81551,1000,True,-0.08334271609783173
6587,82039,1000,True,0.09975647181272507
6588,82315,1000,True,0.27296188473701477
6589,81074,1000,True,0.4357767403125763
6590,29919668,1000,True,-0.24028226733207703
6591,85734,1000,True,-0.30693739652633667
6592,83415,1000,True,-0.3863624334335327
6593,84123,1000,True,-0.4736209511756897
6594,82409,1000,True,-0.5607803463935852
6595,82234,1000,True,-0.6450552940368652
6596,82663,1000,True,-0.7227338552474976
6597,81819,1000,True,-0.7925189733505249
6598,82403,1000,True,-0.8568748235702515
6599,81839,1000,True,-0.9114580750465393
6600,82344,1000,True,-0.9656143188476562
6601,81295,1000,True,-1.0166444778442383
6602,82317,1000,True,-1.0674688816070557
6603,81419,1000,True,-1.1145856380462646
6604,81997,1000,True,-1.1540170907974243
6605,81953,1000,True,-1.1885720491409302
6606,82413,1000,True,-1.2167845964431763
6607,81453,1000,True,-1.242681860923767
6608,82207,1000,True,-1.2677175998687744
6609,81171,1000,True,-1.2885178327560425
6610,82308,1000,True,-1.3059388399124146
6611,81814,1000,True,-1.3188451528549194
6612,81429,1000,True,-1.3303632736206055
6613,81816,1000,True,-1.340039610862732
6614,82363,1000,True,-1.3480418920516968
6615,83170,1000,True,-1.3517463207244873
6616,81864,1000,True,-1.3540152311325073
6617,82479,1000,True,-1.3519519567489624
6618,82290,1000,True,-1.345444679260254
6619,103134,1000,True,-1.3378039598464966
6620,81889,1000,True,-1.3292657136917114
6621,81866,1000,True,-1.3176777362823486
6622,82319,1000,True,-1.3030309677124023
6623,82547,1000,True,-1.2819935083389282
6624,81686,1000,True,-1.2562748193740845
6625,83826,1000,True,-1.2276681661605835
6626,83643,1000,True,-1.1929657459259033
6627,81887,1000,True,-1.1496286392211914
6628,83034,1000,True,-1.0950809717178345
6629,81556,1000,True,-1.0278855562210083
6630,81887,1000,True,-0.9542962312698364
6631,81284,1000,True,-0.8665689826011658
6632,82326,1000,True,-0.7609890699386597
6633,86735,1000,True,-0.6263324022293091
6634,82556,1000,True,-0.4613550007343292
6635,81873,1000,True,-0.2747792899608612
6636,82096,1000,True,-0.08334271609783173
6637,81169,1000,True,0.09975647181272507
6638,82401,1000,True,0.27296188473701477
6639,81318,1000,True,0.4357767403125763
6640,29920405,1000,True,-0.24028226733207703
6641,85152,1000,True,-0.30693739652633667
6642,82714,1000,True,-0.3863624334335327
6643,81564,1000,True,-0.4736209511756897
6644,82294,1000,True,-0.5607803463935852
6645,81564,1000,True,-0.6450552940368652
6646,82621,1000,True,-0.7227338552474976
6647,81631,1000,True,-0.7925189733505249
6648,81854,1000,True,-0.8568748235702515
6649,81576,1000,True,-0.9114580750465393
6650,81739,1000,True,-0.9656143188476562
6651,81839,1000,True,-1.0166444778442383
6652,82177,1000,True,-1.0674688816070557
6653,81302,1000,True,-1.1145856380462646
6654,81905,1000,True,-1.1540170907974243
6655,81036,1000,True,-1.1885720491409302
6656,82693,1000,True,-1.2167845964431763
6657,81348,1000,True,-1.242681860923767
6658,81876,1000,True,-1.2677175998687744
6659,82313,1000,True,-1.2885178327560425
6660,82217,1000,True,-1.3059388399124146
6661,81628,1000,True,-1.3188451528549194
6662,81682,1000,True,-1.3303632736206055
6663,81791,1000,True,-1.340039610862732
6664,82459,1000,True,-1.3480418920516968
6665,82713,1000,True,-1.3517463207244873
6666,82537,1000,True,-1.3540152311325073
6667,83907,1000,True,-1.3519519567489624
6668,82509,1000,True,-1.345444679260254
6669,81523,1000,True,-1.3378039598464966
6670,81933,1000,True,-1.3292657136917114
6671,81802,1000,True,-1.3176777362823486
6672,82570,1000,True,-1.3030309677124023
6673,82361,1000,True,-1.2819935083389282
6674,82281,1000,True,-1.2562748193740845
6675,81700,1000,True,-1.2276681661605835
6676,83255,1000,True,-1.1929657459259033
6677,82533,1000,True,-1.1496286392211914
6678,82347,1000,True,-1.0950809717178345
6679,82161,1000,True,-1.0278855562210083
6680,82227,1000,True,-0.9542962312698364
6681,80920,1000,True,-0.8665689826011658
6682,81684,1000,True,-0.7609890699386597
6683,82677,1000,True,-0.6263324022293091
6684,82091,1000,True,-0.4613550007343292
6685,82044,1000,True,-0.2747792899608612
6686,82300,1000,True,-0.08334271609783173
6687,82473,1000,True,0.09975647181272507
6688,82317,1000,True,0.27296188473701477
6689,84062,1000,True,0.4357767403125763
6690,30208259,1000,True,-0.24028226733207703
6691,86436,1000,True,-0.30693739652633667
6692,82998,1000,True,-0.3863624334335327
6693,82538,1000,True,-0.4736209511756897
6694,82113,1000,True,-0.5607803463935852
6695,81727,1000,True,-0.6450552940368652
6696,81747,1000,True,-0.7227338552474976
6697,81813,1000,True,-0.7925189733505249
6698,84416,1000,True,-0.8568748235702515
6699,82791,1000,True,-0.9114580750465393
6700,82095,1000,True,-0.9656143188476562
6701,81530,1000,True,-1.0166444778442383
6702,83170,1000,True,-1.0674688816070557
6703,81241,1000,True,-1.1145856380462646
6704,82415,1000,True,-1.1540170907974243
6705,81522,1000,True,-1.1885720491409302
6706,82638,1000,True,-1.2167845964431763
6707,81533,1000,True,-1.242681860923767
6708,81400,1000,True,-1.2677175998687744
6709,83976,1000,True,-1.2885178327560425
6710,82450,1000,True,-1.3059388399124146
6711,81411,1000,True,-1.3188451528549194
6712,81426,1000,True,-1.3303632736206055
6713,82160,1000,True,-1.340039610862732
6714,82457,1000,True,-1.3480418920516968
6715,80983,1000,True,-1.3517463207244873
6716,82398,1000,True,-1.3540152311325073
6717,81802,1000,True,-1.3519519567489624
6718,81236,1000,True,-1.345444679260254
6719,82930,1000,True,-1.3378039598464966
6720,85790,1000,True,-1.3292657136917114
6721,82179,1000,True,-1.3176777362823486
6722,82255,1000,True,-1.3030309677124023
6723,82496,1000,True,-1.2819935083389282
6724,82010,1000,True,-1.2562748193740845
6725,81718,1000,True,-1.2276681661605835
6726,82279,1000,True,-1.1929657459259033
6727,82183,1000,True,-1.1496286392211914
6728,82551,1000,True,-1.0950809717178345
6729,82156,1000,True,-1.0278855562210083
6730,82279,1000,True,-0.9542962312698364
6731,84111,1000,True,-0.8665689826011658
6732,81654,1000,True,-0.7609890699386597
6733,81553,1000,True,-0.6263324022293091
6734,82259,1000,True,-0.4613550007343292
6735,82054,1000,True,-0.2747792899608612
6736,81988,1000,True,-0.08334271609783173
6737,81370,1000,True,0.09975647181272507
6738,82675,1000,True,0.27296188473701477
6739,81950,1000,True,0.4357767403125763
6740,30213651,1000,True,-0.24028226733207703
6741,86192,1000,True,-0.30693739652633667
6742,83866,1000,True,-0.3863624334335327
6743,82555,1000,True,-0.4736209511756897
6744,82095,1000,True,-0.5607803463935852
6745,80720,1000,True,-0.6450552940368652
6746,81721,1000,True,-0.7227338552474976
6747,82124,1000,True,-0.7925189733505249
6748,81734,1000,True,-0.8568748235702515
6749,80988,1000,True,-0.9114580750465393
6750,82151,1000,True,-0.9656143188476562
6751,84075,1000,True,-1.0166444778442383
6752,82175,1000,True,-1.0674688816070557
6753,81902,1000,True,-1.1145856380462646
6754,83271,1000,True,-1.1540170907974243
6755,81258,1000,True,-1.1885720491409302
6756,81965,1000,True,-1.2167845964431763
6757,82062,1000,True,-1.242681860923767
6758,82136,1000,True,-1.2677175998687744
6759,81924,1000,True,-1.2885178327560425
6760,81735,1000,True,-1.3059388399124146
6761,82467,1000,True,-1.3188451528549194
6762,82200,1000,True,-1.3303632736206055
6763,83884,1000,True,-1.340039610862732
6764,83252,1000,True,-1.3480418920516968
6765,81636,1000,True,-1.3517463207244873
6766,82481,1000,True,-1.3540152311325073
6767,82389,1000,True,-1.3519519567489624
6768,82227,1000,True,-1.345444679260254
6769,82044,1000,True,-1.3378039598464966
6770,82468,1000,True,-1.3292657136917114
6771,82404,1000,True,-1.3176777362823486
6772,82099,1000,True,-1.3030309677124023
6773,83094,1000,True,-1.2819935083389282
6774,82238,1000,True,-1.2562748193740845
6775,82083,1000,True,-1.2276681661605835
6776,82481,1000,True,-1.1929657459259033
6777,81830,1000,True,-1.1496286392211914
6778,82196,1000,True,-1.0950809717178345
6779,81657,1000,True,-1.0278855562210083
6780,82672,1000,True,-0.9542962312698364
6781,81416,1000,True,-0.8665689826011658
6782,82593,1000,True,-0.7609890699386597
6783,80974,1000,True,-0.6263324022293091
6784,82167,1000,True,-0.4613550007343292
6785,81840,1000,True,-0.2747792899608612
6786,82250,1000,True,-0.08334271609783173
6787,82965,1000,True,0.09975647181272507
6788,81788,1000,True,0.27296188473701477
6789,81924,1000,True,0.4357767403125763
6790,30229879,1000,True,-0.24028226733207703
6791,86105,1000,True,-0.30693739652633667
6792,82693,1000,True,-0.3863624334335327
6793,82920,1000,True,-0.4736209511756897
6794,82855,1000,True,-0.5607803463935852
6795,81766,1000,True,-0.6450552940368652
6796,82708,1000,True,-0.7227338552474976
6797,81912,1000,True,-0.7925189733505249
6798,82400,1000,True,-0.8568748235702515
6799,82355,1000,True,-0.9114580750465393
6800,82838,1000,True,-0.9656143188476562
6801,82440,1000,True,-1.0166444778442383
6802,81767,1000,True,-1.0674688816070557
6803,82177,1000,True,-1.1145856380462646
6804,83001,1000,True,-1.1540170907974243
6805,80689,1000,True,-1.1885720491409302
6806,81736,1000,True,-1.2167845964431763
6807,82195,1000,True,-1.242681860923767
6808,81770,1000,True,-1.2677175998687744
6809,82394,1000,True,-1.2885178327560425
6810,82285,1000,True,-1.3059388399124146
6811,81817,1000,True,-1.3188451528549194
6812,81898,1000,True,-1.3303632736206055
6813,82147,1000,True,-1.340039610862732
6814,82978,1000,True,-1.3480418920516968
6815,82187,1000,True,-1.3517463207244873
6816,81822,1000,True,-1.3540152311325073
6817,81893,1000,True,-1.3519519567489624
6818,82619,1000,True,-1.345444679260254
6819,82090,1000,True,-1.3378039598464966
6820,82609,1000,True,-1.3292657136917114
6821,81252,1000,True,-1.3176777362823486
6822,82642,1000,True,-1.3030309677124023
6823,81643,1000,True,-1.2819935083389282
6824,81995,1000,True,-1.2562748193740845
6825,82155,1000,True,-1.2276681661605835
6826,84388,1000,True,-1.1929657459259033
6827,82917,1000,True,-1.1496286392211914
6828,81797,1000,True,-1.0950809717178345
6829,81545,1000,True,-1.0278855562210083
6830,83196,1000,True,-0.9542962312698364
6831,82189,1000,True,-0.8665689826011658
6832,81725,1000,True,-0.7609890699386597
6833,81835,1000,True,-0.6263324022293091
6834,82756,1000,True,-0.4613550007343292
6835,81199,1000,True,-0.2747792899608612
6836,81972,1000,True,-0.08334271609783173
6837,83908,1000,True,0.09975647181272507
6838,82190,1000,True,0.27296188473701477
6839,82179,1000,True,0.4357767403125763
6840,30235648,1000,True,-0.24028226733207703
6841,86434,1000,True,-0.30693739652633667
6842,84371,1000,True,-0.3863624334335327
6843,82923,1000,True,-0.4736209511756897
6844,83448,1000,True,-0.5607803463935852
6845,83351,1000,True,-0.6450552940368652
6846,85128,1000,True,-0.7227338552474976
6847,83176,1000,True,-0.7925189733505249
6848,82613,1000,True,-0.8568748235702515
6849,82419,1000,True,-0.9114580750465393
6850,82644,1000,True,-0.9656143188476562
6851,82069,1000,True,-1.0166444778442383
6852,82086,1000,True,-1.0674688816070557
6853,82357,1000,True,-1.1145856380462646
6854,82444,1000,True,-1.1540170907974243
6855,81706,1000,True,-1.1885720491409302
6856,85189,1000,True,-1.2167845964431763
6857,81207,1000,True,-1.242681860923767
6858,82073,1000,True,-1.2677175998687744
6859,82676,1000,True,-1.2885178327560425
6860,82175,1000,True,-1.3059388399124146
6861,82750,1000,True,-1.3188451528549194
6862,82084,1000,True,-1.3303632736206055
6863,81844,1000,True,-1.340039610862732
6864,83348,1000,True,-1.3480418920516968
6865,82799,1000,True,-1.3517463207244873
6866,83412,1000,True,-1.3540152311325073
6867,82795,1000,True,-1.3519519567489624
6868,82736,1000,True,-1.345444679260254
6869,81973,1000,True,-1.3378039598464966
6870,82660,1000,True,-1.3292657136917114
6871,82019,1000,True,-1.3176777362823486
6872,82621,1000,True,-1.3030309677124023
6873,81852,1000,True,-1.2819935083389282
6874,82987,1000,True,-1.2562748193740845
6875,81775,1000,True,-1.2276681661605835
6876,82597,1000,True,-1.1929657459259033
6877,82721,1000,True,-1.1496286392211914
6878,84731,1000,True,-1.0950809717178345
6879,82421,1000,True,-1.0278855562210083
6880,82299,1000,True,-0.9542962312698364
6881,82013,1000,True,-0.8665689826011658
6882,82615,1000,True,-0.7609890699386597
6883,82120,1000,True,-0.6263324022293091
6884,82556,1000,True,-0.4613550007343292
6885,82428,1000,True,-0.2747792899608612
6886,82687,1000,True,-0.08334271609783173
6887,81981,1000,True,0.09975647181272507
6888,83233,1000,True,0.27296188473701477
6889,85081,1000,True,0.4357767403125763
6890,30235599,1000,True,-0.24028226733207703
6891,85762,1000,True,-0.30693739652633667
6892,83153,1000,True,-0.3863624334335327
6893,82835,1000,True,-0.4736209511756897
6894,83205,1000,True,-0.5607803463935852
6895,82561,1000,True,-0.6450552940368652
6896,82700,1000,True,-0.7227338552474976
6897,81509,1000,True,-0.7925189733505249
6898,83651,1000,True,-0.8568748235702515
6899,82506,1000,True,-0.9114580750465393
6900,81707,1000,True,-0.9656143188476562
6901,81838,1000,True,-1.0166444778442383
6902,82321,1000,True,-1.0674688816070557
6903,82033,1000,True,-1.1145856380462646
6904,82300,1000,True,-1.1540170907974243
6905,81868,1000,True,-1.1885720491409302
6906,81723,1000,True,-1.2167845964431763
6907,82108,1000,True,-1.242681860923767
6908,82239,1000,True,-1.2677175998687744
6909,83891,1000,True,-1.2885178327560425
6910,82880,1000,True,-1.3059388399124146
6911,81317,1000,True,-1.3188451528549194
6912,82277,1000,True,-1.3303632736206055
6913,82134,1000,True,-1.340039610862732
6914,82866,1000,True,-1.3480418920516968
6915,82131,1000,True,-1.3517463207244873
6916,82572,1000,True,-1.3540152311325073
6917,82265,1000,True,-1.3519519567489624
6918,81814,1000,True,-1.345444679260254
6919,81283,1000,True,-1.3378039598464966
6920,82971,1000,True,-1.3292657136917114
6921,80671,1000,True,-1.3176777362823486
6922,81392,1000,True,-1.3030309677124023
6923,81635,1000,True,-1.2819935083389282
6924,81182,1000,True,-1.2562748193740845
6925,82373,1000,True,-1.2276681661605835
6926,82196,1000,True,-1.1929657459259033
6927,81552,1000,True,-1.1496286392211914
6928,81525,1000,True,-1.0950809717178345
6929,81296,1000,True,-1.0278855562210083
6930,81922,1000,True,-0.9542962312698364
6931,83205,1000,True,-0.8665689826011658
6932,81570,1000,True,-0.7609890699386597
6933,81806,1000,True,-0.6263324022293091
6934,82299,1000,True,-0.4613550007343292
6935,81379,1000,True,-0.2747792899608612
6936,82231,1000,True,-0.08334271609783173
6937,82204,1000,True,0.09975647181272507
6938,82798,1000,True,0.27296188473701477
6939,82274,1000,True,0.4357767403125763
6940,29932624,1000,True,-0.24028226733207703
6941,85707,1000,True,-0.30693739652633667
6942,83827,1000,True,-0.3863624334335327
6943,84796,1000,True,-0.4736209511756897
6944,82486,1000,True,-0.5607803463935852
6945,81917,1000,True,-0.6450552940368652
6946,82549,1000,True,-0.7227338552474976
6947,82274,1000,True,-0.7925189733505249
6948,82450,1000,True,-0.8568748235702515
6949,82059,1000,True,-0.9114580750465393
6950,82111,1000,True,-0.9656143188476562
6951,103044,1000,True,-1.0166444778442383
6952,82360,1000,True,-1.0674688816070557
6953,82229,1000,True,-1.1145856380462646
6954,84709,1000,True,-1.1540170907974243
6955,82222,1000,True,-1.1885720491409302
6956,82132,1000,True,-1.2167845964431763
6957,82643,1000,True,-1.242681860923767
6958,83242,1000,True,-1.2677175998687744
6959,81953,1000,True,-1.2885178327560425
6960,82598,1000,True,-1.3059388399124146
6961,81972,1000,True,-1.3188451528549194
6962,81893,1000,True,-1.3303632736206055
6963,82587,1000,True,-1.340039610862732
6964,357694,1000,True,-1.3480418920516968
6965,83958,1000,True,-1.3517463207244873
6966,83212,1000,True,-1.3540152311325073
6967,81681,1000,True,-1.3519519567489624
6968,82863,1000,True,-1.345444679260254
6969,81551,1000,True,-1.3378039598464966
6970,82590,1000,True,-1.3292657136917114
6971,81250,1000,True,-1.3176777362823486
6972,83196,1000,True,-1.3030309677124023
6973,82745,1000,True,-1.2819935083389282
6974,82234,1000,True,-1.2562748193740845
6975,81608,1000,True,-1.2276681661605835
6976,82162,1000,True,-1.1929657459259033
6977,81893,1000,True,-1.1496286392211914
6978,81858,1000,True,-1.0950809717178345
6979,82243,1000,True,-1.0278855562210083
6980,82164,1000,True,-0.9542962312698364
6981,82383,1000,True,-0.8665689826011658
6982,82038,1000,True,-0.7609890699386597
6983,83268,1000,True,-0.6263324022293091
6984,82706,1000,True,-0.4613550007343292
6985,81382,1000,True,-0.2747792899608612
6986,82169,1000,True,-0.08334271609783173
6987,82163,1000,True,0.09975647181272507
6988,82524,1000,True,0.27296188473701477
6989,81822,1000,True,0.4357767403125763
6990,29974549,1000,True,-0.24028226733207703
6991,88855,1000,True,-0.30693739652633667
6992,83422,1000,True,-0.3863624334335327
6993,81915,1000,True,-0.4736209511756897
6994,83252,1000,True,-0.5607803463935852
6995,85228,1000,True,-0.6450552940368652
6996,82126,1000,True,-0.7227338552474976
6997,82869,1000,True,-0.7925189733505249
6998,82119,1000,True,-0.8568748235702515
6999,82254,1000,True,-0.9114580750465393
7000,82024,1000,True,-0.9656143188476562
7001,81515,1000,True,-1.0166444778442383
7002,83041,1000,True,-1.0674688816070557
7003,81249,1000,True,-1.1145856380462646
7004,81704,1000,True,-1.1540170907974243
7005,81072,1000,True,-1.1885720491409302
7006,82151,1000,True,-1.2167845964431763
7007,81410,1000,True,-1.242681860923767
7008,81119,1000,True,-1.2677175998687744
7009,81061,1000,True,-1.2885178327560425
7010,82333,1000,True,-1.3059388399124146
7011,81228,1000,True,-1.3188451528549194
7012,81960,1000,True,-1.3303632736206055
7013,81513,1000,True,-1.340039610862732
7014,82132,1000,True,-1.3480418920516968
7015,81817,1000,True,-1.3517463207244873
7016,81208,1000,True,-1.3540152311325073
7017,84267,1000,True,-1.3519519567489624
7018,82359,1000,True,-1.345444679260254
7019,82321,1000,True,-1.3378039598464966
7020,82024,1000,True,-1.3292657136917114
7021,81540,1000,True,-1.3176777362823486
7022,82045,1000,True,-1.3030309677124023
7023,81628,1000,True,-1.2819935083389282
7024,81949,1000,True,-1.2562748193740845
7025,82377,1000,True,-1.2276681661605835
7026,82740,1000,True,-1.1929657459259033
7027,81825,1000,True,-1.1496286392211914
7028,84611,1000,True,-1.0950809717178345
7029,81275,1000,True,-1.0278855562210083
7030,82743,1000,True,-0.9542962312698364
7031,82104,1000,True,-0.8665689826011658
7032,81888,1000,True,-0.7609890699386597
7033,81859,1000,True,-0.6263324022293091
7034,82387,1000,True,-0.4613550007343292
7035,81321,1000,True,-0.2747792899608612
7036,82127,1000,True,-0.08334271609783173
7037,81472,1000,True,0.09975647181272507
7038,81917,1000,True,0.27296188473701477
7039,83538,1000,True,0.4357767403125763
7040,30232378,1000,True,-0.24028226733207703
7041,85634,1000,True,-0.30693739652633667
7042,84140,1000,True,-0.3863624334335327
7043,82267,1000,True,-0.4736209511756897
7044,83197,1000,True,-0.5607803463935852
7045,81434,1000,True,-0.6450552940368652
7046,81936,1000,True,-0.7227338552474976
7047,81968,1000,True,-0.7925189733505249
7048,84371,1000,True,-0.8568748235702515
7049,82309,1000,True,-0.9114580750465393
7050,81602,1000,True,-0.9656143188476562
7051,82403,1000,True,-1.0166444778442383
7052,82550,1000,True,-1.0674688816070557
7053,81429,1000,True,-1.1145856380462646
7054,81948,1000,True,-1.1540170907974243
7055,81811,1000,True,-1.1885720491409302
7056,81831,1000,True,-1.2167845964431763
7057,81505,1000,True,-1.242681860923767
7058,83886,1000,True,-1.2677175998687744
7059,84380,1000,True,-1.2885178327560425
7060,82453,1000,True,-1.3059388399124146
7061,81801,1000,True,-1.3188451528549194
7062,82272,1000,True,-1.3303632736206055
7063,81816,1000,True,-1.340039610862732
7064,82629,1000,True,-1.3480418920516968
7065,81749,1000,True,-1.3517463207244873
7066,82253,1000,True,-1.3540152311325073
7067,81504,1000,True,-1.3519519567489624
7068,82534,1000,True,-1.345444679260254
7069,81519,1000,True,-1.3378039598464966
7070,84840,1000,True,-1.3292657136917114
7071,81839,1000,True,-1.3176777362823486
7072,83193,1000,True,-1.3030309677124023
7073,81630,1000,True,-1.2819935083389282
7074,81477,1000,True,-1.2562748193740845
7075,81505,1000,True,-1.2276681661605835
7076,81813,1000,True,-1.1929657459259033
7077,82126,1000,True,-1.1496286392211914
7078,82212,1000,True,-1.0950809717178345
7079,82093,1000,True,-1.0278855562210083
7080,82744,1000,True,-0.9542962312698364
7081,81256,1000,True,-0.8665689826011658
7082,82134,1000,True,-0.7609890699386597
7083,82406,1000,True,-0.6263324022293091
7084,82084,1000,True,-0.4613550007343292
7085,82349,1000,True,-0.2747792899608612
7086,82438,1000,True,-0.08334271609783173
7087,83017,1000,True,0.09975647181272507
7088,82591,1000,True,0.27296188473701477
7089,81799,1000,True,0.4357767403125763
7090,30253392,1000,True,-0.24028226733207703
7091,85361,1000,True,-0.30693739652633667
7092,83937,1000,True,-0.3863624334335327
7093,82307,1000,True,-0.4736209511756897
7094,82313,1000,True,-0.5607803463935852
7095,82079,1000,True,-0.6450552940368652
7096,81836,1000,True,-0.7227338552474976
7097,81748,1000,True,-0.7925189733505249
7098,82004,1000,True,-0.8568748235702515
7099,81598,1000,True,-0.9114580750465393
7100,82612,1000,True,-0.9656143188476562
7101,82103,1000,True,-1.0166444778442383
7102,83366,1000,True,-1.0674688816070557
7103,82840,1000,True,-1.1145856380462646
7104,82018,1000,True,-1.1540170907974243
7105,82517,1000,True,-1.1885720491409302
7106,83439,1000,True,-1.2167845964431763
7107,82047,1000,True,-1.242681860923767
7108,82316,1000,True,-1.2677175998687744
7109,82434,1000,True,-1.2885178327560425
7110,82888,1000,True,-1.3059388399124146
7111,84159,1000,True,-1.3188451528549194
7112,82761,1000,True,-1.3303632736206055
7113,81850,1000,True,-1.340039610862732
7114,82323,1000,True,-1.3480418920516968
7115,81670,1000,True,-1.3517463207244873
7116,82176,1000,True,-1.3540152311325073
7117,82099,1000,True,-1.3519519567489624
7118,83070,1000,True,-1.345444679260254
7119,81947,1000,True,-1.3378039598464966
7120,81602,1000,True,-1.3292657136917114
7121,81969,1000,True,-1.3176777362823486
7122,84579,1000,True,-1.3030309677124023
7123,81951,1000,True,-1.2819935083389282
7124,82654,1000,True,-1.2562748193740845
7125,82203,1000,True,-1.2276681661605835
7126,82313,1000,True,-1.1929657459259033
7127,81805,1000,True,-1.1496286392211914
7128,82782,1000,True,-1.0950809717178345
7129,82136,1000,True,-1.0278855562210083
7130,82331,1000,True,-0.9542962312698364
7131,81583,1000,True,-0.8665689826011658
7132,82109,1000,True,-0.7609890699386597
7133,83454,1000,True,-0.6263324022293091
7134,81542,1000,True,-0.4613550007343292
7135,81979,1000,True,-0.2747792899608612
7136,82032,1000,True,-0.08334271609783173
7137,82233,1000,True,0.09975647181272507
7138,82906,1000,True,0.27296188473701477
7139,81978,1000,True,0.4357767403125763
7140,30253747,1000,True,-0.24028226733207703
7141,85417,1000,True,-0.30693739652633667
7142,85831,1000,True,-0.3863624334335327
7143,82377,1000,True,-0.4736209511756897
7144,82208,1000,True,-0.5607803463935852
7145,81997,1000,True,-0.6450552940368652
7146,81802,1000,True,-0.7227338552474976
7147,81962,1000,True,-0.7925189733505249
7148,83125,1000,True,-0.8568748235702515
7149,81633,1000,True,-0.9114580750465393
7150,82288,1000,True,-0.9656143188476562
7151,82062,1000,True,-1.0166444778442383
7152,82818,1000,True,-1.0674688816070557
7153,82416,1000,True,-1.1145856380462646
7154,82973,1000,True,-1.1540170907974243
7155,81988,1000,True,-1.1885720491409302
7156,82021,1000,True,-1.2167845964431763
7157,82652,1000,True,-1.242681860923767
7158,82929,1000,True,-1.2677175998687744
7159,82143,1000,True,-1.2885178327560425
7160,82369,1000,True,-1.3059388399124146
7161,81893,1000,True,-1.3188451528549194
7162,82306,1000,True,-1.3303632736206055
7163,82695,1000,True,-1.340039610862732
7164,83612,1000,True,-1.3480418920516968
7165,82233,1000,True,-1.3517463207244873
7166,82101,1000,True,-1.3540152311325073
7167,82791,1000,True,-1.3519519567489624
7168,82307,1000,True,-1.345444679260254
7169,82047,1000,True,-1.3378039598464966
7170,82576,1000,True,-1.3292657136917114
7171,82324,1000,True,-1.3176777362823486
7172,82604,1000,True,-1.3030309677124023
7173,82000,1000,True,-1.2819935083389282
7174,84268,1000,True,-1.2562748193740845
7175,82302,1000,True,-1.2276681661605835
7176,82528,1000,True,-1.1929657459259033
7177,82023,1000,True,-1.1496286392211914
7178,82485,1000,True,-1.0950809717178345
7179,81397,1000,True,-1.0278855562210083
7180,82040,1000,True,-0.9542962312698364
7181,81701,1000,True,-0.8665689826011658
7182,82436,1000,True,-0.7609890699386597
7183,82781,1000,True,-0.6263324022293091
7184,82549,1000,True,-0.4613550007343292
7185,82214,1000,True,-0.2747792899608612
7186,82256,1000,True,-0.08334271609783173
7187,81960,1000,True,0.09975647181272507
7188,81857,1000,True,0.27296188473701477
7189,81480,1000,True,0.4357767403125763
7190,30298823,1000,True,-0.24028226733207703
7191,84666,1000,True,-0.30693739652633667
7192,82191,1000,True,-0.3863624334335327
7193,81792,1000,True,-0.4736209511756897
7194,84994,1000,True,-0.5607803463935852
7195,82147,1000,True,-0.6450552940368652
7196,82413,1000,True,-0.7227338552474976
7197,82787,1000,True,-0.7925189733505249
7198,82818,1000,True,-0.8568748235702515
7199,82243,1000,True,-0.9114580750465393
7200,82336,1000,True,-0.9656143188476562
7201,81319,1000,True,-1.0166444778442383
7202,82155,1000,True,-1.0674688816070557
7203,82461,1000,True,-1.1145856380462646
7204,84058,1000,True,-1.1540170907974243
7205,81823,1000,True,-1.1885720491409302
7206,83258,1000,True,-1.2167845964431763
7207,81980,1000,True,-1.242681860923767
7208,81838,1000,True,-1.2677175998687744
7209,81292,1000,True,-1.2885178327560425
7210,82788,1000,True,-1.3059388399124146
7211,82345,1000,True,-1.3188451528549194
7212,82094,1000,True,-1.3303632736206055
7213,81848,1000,True,-1.340039610862732
7214,81671,1000,True,-1.3480418920516968
7215,83463,1000,True,-1.3517463207244873
7216,82201,1000,True,-1.3540152311325073
7217,82249,1000,True,-1.3519519567489624
7218,82364,1000,True,-1.345444679260254
7219,81601,1000,True,-1.3378039598464966
7220,81287,1000,True,-1.3292657136917114
7221,81512,1000,True,-1.3176777362823486
7222,82413,1000,True,-1.3030309677124023
7223,81597,1000,True,-1.2819935083389282
7224,81918,1000,True,-1.2562748193740845
7225,81759,1000,True,-1.2276681661605835
7226,82078,1000,True,-1.1929657459259033
7227,81960,1000,True,-1.1496286392211914
7228,81225,1000,True,-1.0950809717178345
7229,81422,1000,True,-1.0278855562210083
7230,82529,1000,True,-0.9542962312698364
7231,81586,1000,True,-0.8665689826011658
7232,82319,1000,True,-0.7609890699386597
7233,81954,1000,True,-0.6263324022293091
7234,83326,1000,True,-0.4613550007343292
7235,81838,1000,True,-0.2747792899608612
7236,82568,1000,True,-0.08334271609783173
7237,82925,1000,True,0.09975647181272507
7238,83452,1000,True,0.27296188473701477
7239,82655,1000,True,0.4357767403125763
7240,30269156,1000,True,-0.24028226733207703
7241,83832,1000,True,-0.30693739652633667
7242,83163,1000,True,-0.3863624334335327
7243,81997,1000,True,-0.4736209511756897
7244,82167,1000,True,-0.5607803463935852
7245,81732,1000,True,-0.6450552940368652
7246,84174,1000,True,-0.7227338552474976
7247,83045,1000,True,-0.7925189733505249
7248,82375,1000,True,-0.8568748235702515
7249,82214,1000,True,-0.9114580750465393
7250,82513,1000,True,-0.9656143188476562
7251,82252,1000,True,-1.0166444778442383
7252,82039,1000,True,-1.0674688816070557
7253,82334,1000,True,-1.1145856380462646
7254,82244,1000,True,-1.1540170907974243
7255,82333,1000,True,-1.1885720491409302
7256,81888,1000,True,-1.2167845964431763
7257,84221,1000,True,-1.242681860923767
7258,82853,1000,True,-1.2677175998687744
7259,82303,1000,True,-1.2885178327560425
7260,82397,1000,True,-1.3059388399124146
7261,81861,1000,True,-1.3188451528549194
7262,81910,1000,True,-1.3303632736206055
7263,82409,1000,True,-1.340039610862732
7264,82346,1000,True,-1.3480418920516968
7265,81603,1000,True,-1.3517463207244873
7266,82735,1000,True,-1.3540152311325073
7267,82920,1000,True,-1.3519519567489624
7268,85444,1000,True,-1.345444679260254
7269,81972,1000,True,-1.3378039598464966
7270,82331,1000,True,-1.3292657136917114
7271,82187,1000,True,-1.3176777362823486
7272,81866,1000,True,-1.3030309677124023
7273,81145,1000,True,-1.2819935083389282
7274,81949,1000,True,-1.2562748193740845
7275,82147,1000,True,-1.2276681661605835
7276,81866,1000,True,-1.1929657459259033
7277,82172,1000,True,-1.1496286392211914
7278,84490,1000,True,-1.0950809717178345
7279,81891,1000,True,-1.0278855562210083
7280,82497,1000,True,-0.9542962312698364
7281,82236,1000,True,-0.8665689826011658
7282,82349,1000,True,-0.7609890699386597
7283,82356,1000,True,-0.6263324022293091
7284,82838,1000,True,-0.4613550007343292
7285,82000,1000,True,-0.2747792899608612
7286,81884,1000,True,-0.08334271609783173
7287,81862,1000,True,0.09975647181272507
7288,81860,1000,True,0.27296188473701477
7289,82200,1000,True,0.4357767403125763
7290,29983721,1000,True,-0.24028226733207703
7291,87065,1000,True,-0.30693739652633667
7292,83857,1000,True,-0.3863624334335327
7293,82925,1000,True,-0.4736209511756897
7294,83238,1000,True,-0.5607803463935852
7295,82308,1000,True,-0.6450552940368652
7296,356264,1000,True,-0.7227338552474976
7297,84052,1000,True,-0.7925189733505249
7298,85852,1000,True,-0.8568748235702515
7299,82273,1000,True,-0.9114580750465393
7300,82894,1000,True,-0.9656143188476562
7301,82305,1000,True,-1.0166444778442383
7302,82544,1000,True,-1.0674688816070557
7303,81971,1000,True,-1.1145856380462646
7304,82289,1000,True,-1.1540170907974243
7305,82321,1000,True,-1.1885720491409302
7306,82480,1000,True,-1.2167845964431763
7307,81421,1000,True,-1.242681860923767
7308,82586,1000,True,-1.2677175998687744
7309,85368,1000,True,-1.2885178327560425
7310,82909,1000,True,-1.3059388399124146
7311,82773,1000,True,-1.3188451528549194
7312,81857,1000,True,-1.3303632736206055
7313,82172,1000,True,-1.340039610862732
7314,82341,1000,True,-1.3480418920516968
7315,82286,1000,True,-1.3517463207244873
7316,82264,1000,True,-1.3540152311325073
7317,82642,1000,True,-1.3519519567489624
7318,82522,1000,True,-1.345444679260254
7319,82223,1000,True,-1.3378039598464966
7320,82121,1000,True,-1.3292657136917114
7321,82501,1000,True,-1.3176777362823486
7322,82308,1000,True,-1.3030309677124023
7323,82511,1000,True,-1.2819935083389282
7324,82217,1000,True,-1.2562748193740845
7325,82542,1000,True,-1.2276681661605835
7326,82089,1000,True,-1.1929657459259033
7327,82321,1000,True,-1.1496286392211914
7328,82500,1000,True,-1.0950809717178345
7329,82548,1000,True,-1.0278855562210083
7330,82635,1000,True,-0.9542962312698364
7331,82485,1000,True,-0.8665689826011658
7332,82711,1000,True,-0.7609890699386597
7333,81574,1000,True,-0.6263324022293091
7334,81997,1000,True,-0.4613550007343292
7335,81462,1000,True,-0.2747792899608612
7336,82458,1000,True,-0.08334271609783173
7337,81489,1000,True,0.09975647181272507
7338,81838,1000,True,0.27296188473701477
7339,81666,1000,True,0.4357767403125763
7340,29978910,1000,True,-0.24028226733207703
7341,86633,1000,True,-0.30693739652633667
7342,86233,1000,True,-0.3863624334335327
7343,82897,1000,True,-0.4736209511756897
7344,83285,1000,True,-0.5607803463935852
7345,82510,1000,True,-0.6450552940368652
7346,82533,1000,True,-0.7227338552474976
7347,82285,1000,True,-0.7925189733505249
7348,82141,1000,True,-0.8568748235702515
7349,81373,1000,True,-0.9114580750465393
7350,82469,1000,True,-0.9656143188476562
7351,81930,1000,True,-1.0166444778442383
7352,83075,1000,True,-1.0674688816070557
7353,83215,1000,True,-1.1145856380462646
7354,82606,1000,True,-1.1540170907974243
7355,82139,1000,True,-1.1885720491409302
7356,81756,1000,True,-1.2167845964431763
7357,82278,1000,True,-1.242681860923767
7358,82232,1000,True,-1.2677175998687744
7359,82851,1000,True,-1.2885178327560425
7360,81676,1000,True,-1.3059388399124146
7361,82215,1000,True,-1.3188451528549194
7362,82391,1000,True,-1.3303632736206055
7363,82599,1000,True,-1.340039610862732
7364,85047,1000,True,-1.3480418920516968
7365,82238,1000,True,-1.3517463207244873
7366,82457,1000,True,-1.3540152311325073
7367,81416,1000,True,-1.3519519567489624
7368,82756,1000,True,-1.345444679260254
7369,81982,1000,True,-1.3378039598464966
7370,83101,1000,True,-1.3292657136917114
7371,81735,1000,True,-1.3176777362823486
7372,82515,1000,True,-1.3030309677124023
7373,81707,1000,True,-1.2819935083389282
7374,82455,1000,True,-1.2562748193740845
7375,83704,1000,True,-1.2276681661605835
7376,82304,1000,True,-1.1929657459259033
7377,82956,1000,True,-1.1496286392211914
7378,82499,1000,True,-1.0950809717178345
7379,81421,1000,True,-1.0278855562210083
7380,82337,1000,True,-0.9542962312698364
7381,81561,1000,True,-0.8665689826011658
7382,82354,1000,True,-0.7609890699386597
7383,82190,1000,True,-0.6263324022293091
7384,81852,1000,True,-0.4613550007343292
7385,81407,1000,True,-0.2747792899608612
7386,83970,1000,True,-0.08334271609783173
7387,82081,1000,True,0.09975647181272507
7388,82342,1000,True,0.27296188473701477
7389,82018,1000,True,0.4357767403125763
7390,30329577,1000,True,-0.24028226733207703
7391,86522,1000,True,-0.30693739652633667
7392,83596,1000,True,-0.3863624334335327
7393,82830,1000,True,-0.4736209511756897
7394,86108,1000,True,-0.5607803463935852
7395,82098,1000,True,-0.6450552940368652
7396,82216,1000,True,-0.7227338552474976
7397,82447,1000,True,-0.7925189733505249
7398,82368,1000,True,-0.8568748235702515
7399,81956,1000,True,-0.9114580750465393
7400,82113,1000,True,-0.9656143188476562
7401,82312,1000,True,-1.0166444778442383
7402,82595,1000,True,-1.0674688816070557
7403,82439,1000,True,-1.1145856380462646
7404,82220,1000,True,-1.1540170907974243
7405,84795,1000,True,-1.1885720491409302
7406,82525,1000,True,-1.2167845964431763
7407,82083,1000,True,-1.242681860923767
7408,82393,1000,True,-1.2677175998687744
7409,82745,1000,True,-1.2885178327560425
7410,82748,1000,True,-1.3059388399124146
7411,82234,1000,True,-1.3188451528549194
7412,82166,1000,True,-1.3303632736206055
7413,81820,1000,True,-1.340039610862732
7414,82880,1000,True,-1.3480418920516968
7415,82981,1000,True,-1.3517463207244873
7416,82086,1000,True,-1.3540152311325073
7417,82111,1000,True,-1.3519519567489624
7418,82681,1000,True,-1.345444679260254
7419,82461,1000,True,-1.3378039598464966
7420,82479,1000,True,-1.3292657136917114
7421,82324,1000,True,-1.3176777362823486
7422,82624,1000,True,-1.3030309677124023
7423,81811,1000,True,-1.2819935083389282
7424,82354,1000,True,-1.2562748193740845
7425,82132,1000,True,-1.2276681661605835
7426,83604,1000,True,-1.1929657459259033
7427,81992,1000,True,-1.1496286392211914
7428,83243,1000,True,-1.0950809717178345
7429,81611,1000,True,-1.0278855562210083
7430,82187,1000,True,-0.9542962312698364
7431,88227,1000,True,-0.8665689826011658
7432,82833,1000,True,-0.7609890699386597
7433,81962,1000,True,-0.6263324022293091
7434,82576,1000,True,-0.4613550007343292
7435,82333,1000,True,-0.2747792899608612
7436,82048,1000,True,-0.08334271609783173
7437,83783,1000,True,0.09975647181272507
7438,82707,1000,True,0.27296188473701477
7439,81986,1000,True,0.4357767403125763
7440,30279353,1000,True,-0.24028226733207703
7441,85628,1000,True,-0.30693739652633667
7442,83812,1000,True,-0.3863624334335327
7443,82462,1000,True,-0.4736209511756897
7444,83724,1000,True,-0.5607803463935852
7445,82014,1000,True,-0.6450552940368652
7446,84556,1000,True,-0.7227338552474976
7447,82893,1000,True,-0.7925189733505249
7448,82332,1000,True,-0.8568748235702515
7449,81259,1000,True,-0.9114580750465393
7450,82210,1000,True,-0.9656143188476562
7451,82422,1000,True,-1.0166444778442383
7452,83775,1000,True,-1.0674688816070557
7453,81697,1000,True,-1.1145856380462646
7454,80991,1000,True,-1.1540170907974243
7455,82080,1000,True,-1.1885720491409302
7456,81835,1000,True,-1.2167845964431763
7457,83750,1000,True,-1.242681860923767
7458,82313,1000,True,-1.2677175998687744
7459,82384,1000,True,-1.2885178327560425
7460,82220,1000,True,-1.3059388399124146
7461,82044,1000,True,-1.3188451528549194
7462,82191,1000,True,-1.3303632736206055
7463,81945,1000,True,-1.340039610862732
7464,81879,1000,True,-1.3480418920516968
7465,82179,1000,True,-1.3517463207244873
7466,82625,1000,True,-1.3540152311325073
7467,84780,1000,True,-1.3519519567489624
7468,82406,1000,True,-1.345444679260254
7469,82151,1000,True,-1.3378039598464966
7470,82500,1000,True,-1.3292657136917114
7471,81314,1000,True,-1.3176777362823486
7472,82360,1000,True,-1.3030309677124023
7473,81507,1000,True,-1.2819935083389282
7474,82644,1000,True,-1.2562748193740845
7475,82481,1000,True,-1.2276681661605835
7476,82804,1000,True,-1.1929657459259033
7477,81671,1000,True,-1.1496286392211914
7478,82289,1000,True,-1.0950809717178345
7479,81421,1000,True,-1.0278855562210083
7480,82215,1000,True,-0.9542962312698364
7481,81045,1000,True,-0.8665689826011658
7482,82601,1000,True,-0.7609890699386597
7483,82004,1000,True,-0.6263324022293091
7484,82709,1000,True,-0.4613550007343292
7485,82420,1000,True,-0.2747792899608612
7486,82032,1000,True,-0.08334271609783173
7487,82234,1000,True,0.09975647181272507
7488,82378,1000,True,0.27296188473701477
7489,84748,1000,True,0.4357767403125763
7490,30336152,1000,True,-0.24028226733207703
7491,86166,1000,True,-0.30693739652633667
7492,83178,1000,True,-0.3863624334335327
7493,82713,1000,True,-0.4736209511756897
7494,83104,1000,True,-0.5607803463935852
7495,82642,1000,True,-0.6450552940368652
7496,82686,1000,True,-0.7227338552474976
7497,84738,1000,True,-0.7925189733505249
7498,82441,1000,True,-0.8568748235702515
7499,81613,1000,True,-0.9114580750465393
7500,82328,1000,True,-0.9656143188476562
7501,81722,1000,True,-1.0166444778442383
7502,82355,1000,True,-1.0674688816070557
7503,82253,1000,True,-1.1145856380462646
7504,82435,1000,True,-1.1540170907974243
7505,81632,1000,True,-1.1885720491409302
7506,82380,1000,True,-1.2167845964431763
7507,82214,1000,True,-1.242681860923767
7508,84458,1000,True,-1.2677175998687744
7509,82535,1000,True,-1.2885178327560425
7510,82549,1000,True,-1.3059388399124146
7511,81409,1000,True,-1.3188451528549194
7512,81672,1000,True,-1.3303632736206055
7513,82375,1000,True,-1.340039610862732
7514,82768,1000,True,-1.3480418920516968
7515,81756,1000,True,-1.3517463207244873
7516,81757,1000,True,-1.3540152311325073
7517,81253,1000,True,-1.3519519567489624
7518,82864,1000,True,-1.345444679260254
7519,85516,1000,True,-1.3378039598464966
7520,81878,1000,True,-1.3292657136917114
7521,81358,1000,True,-1.3176777362823486
7522,82771,1000,True,-1.3030309677124023
7523,81995,1000,True,-1.2819935083389282
7524,82272,1000,True,-1.2562748193740845
7525,82042,1000,True,-1.2276681661605835
7526,81968,1000,True,-1.1929657459259033
7527,82540,1000,True,-1.1496286392211914
7528,83000,1000,True,-1.0950809717178345
7529,81913,1000,True,-1.0278855562210083
7530,87476,1000,True,-0.9542962312698364
7531,82187,1000,True,-0.8665689826011658
7532,82329,1000,True,-0.7609890699386597
7533,81866,1000,True,-0.6263324022293091
7534,82734,1000,True,-0.4613550007343292
7535,82032,1000,True,-0.2747792899608612
7536,81523,1000,True,-0.08334271609783173
7537,81497,1000,True,0.09975647181272507
7538,82808,1000,True,0.27296188473701477
7539,82078,1000,True,0.4357767403125763
7540,30289089,1000,True,-0.24028226733207703
7541,85654,1000,True,-0.30693739652633667
7542,83423,1000,True,-0.3863624334335327
7543,83671,1000,True,-0.4736209511756897
7544,82393,1000,True,-0.5607803463935852
7545,81809,1000,True,-0.6450552940368652
7546,82406,1000,True,-0.7227338552474976
7547,82430,1000,True,-0.7925189733505249
7548,81761,1000,True,-0.8568748235702515
7549,82461,1000,True,-0.9114580750465393
7550,82358,1000,True,-0.9656143188476562
7551,82399,1000,True,-1.0166444778442383
7552,82261,1000,True,-1.0674688816070557
7553,81301,1000,True,-1.1145856380462646
7554,82204,1000,True,-1.1540170907974243
7555,81693,1000,True,-1.1885720491409302
7556,81686,1000,True,-1.2167845964431763
7557,82131,1000,True,-1.242681860923767
7558,82124,1000,True,-1.2677175998687744
7559,82272,1000,True,-1.2885178327560425
7560,83175,1000,True,-1.3059388399124146
7561,82321,1000,True,-1.3188451528549194
7562,82794,1000,True,-1.3303632736206055
7563,81988,1000,True,-1.340039610862732
7564,90979,1000,True,-1.3480418920516968
7565,82936,1000,True,-1.3517463207244873
7566,89817,1000,True,-1.3540152311325073
7567,82523,1000,True,-1.3519519567489624
7568,82678,1000,True,-1.345444679260254
7569,82305,1000,True,-1.3378039598464966
7570,83144,1000,True,-1.3292657136917114
7571,84166,1000,True,-1.3176777362823486
7572,82443,1000,True,-1.3030309677124023
7573,81552,1000,True,-1.2819935083389282
7574,83529,1000,True,-1.2562748193740845
7575,81842,1000,True,-1.2276681661605835
7576,82260,1000,True,-1.1929657459259033
7577,82048,1000,True,-1.1496286392211914
7578,87932,1000,True,-1.0950809717178345
7579,81959,1000,True,-1.0278855562210083
7580,82430,1000,True,-0.9542962312698364
7581,83050,1000,True,-0.8665689826011658
7582,81550,1000,True,-0.7609890699386597
7583,81750,1000,True,-0.6263324022293091
7584,82935,1000,True,-0.4613550007343292
7585,81969,1000,True,-0.2747792899608612
7586,82114,1000,True,-0.08334271609783173
7587,82083,1000,True,0.09975647181272507
7588,82464,1000,True,0.27296188473701477
7589,81702,1000,True,0.4357767403125763
7590,30336794,1000,True,-0.24028226733207703
7591,85132,1000,True,-0.30693739652633667
7592,83460,1000,True,-0.3863624334335327
7593,82210,1000,True,-0.4736209511756897
7594,82892,1000,True,-0.5607803463935852
7595,83297,1000,True,-0.6450552940368652
7596,82107,1000,True,-0.7227338552474976
7597,82256,1000,True,-0.7925189733505249
7598,82453,1000,True,-0.8568748235702515
7599,82691,1000,True,-0.9114580750465393
7600,83637,1000,True,-0.9656143188476562
7601,82093,1000,True,-1.0166444778442383
7602,82731,1000,True,-1.0674688816070557
7603,81984,1000,True,-1.1145856380462646
7604,82615,1000,True,-1.1540170907974243
7605,81946,1000,True,-1.1885720491409302
7606,82312,1000,True,-1.2167845964431763
7607,81474,1000,True,-1.242681860923767
7608,82055,1000,True,-1.2677175998687744
7609,81292,1000,True,-1.2885178327560425
7610,81442,1000,True,-1.3059388399124146
7611,84204,1000,True,-1.3188451528549194
7612,82775,1000,True,-1.3303632736206055
7613,82505,1000,True,-1.340039610862732
7614,82893,1000,True,-1.3480418920516968
7615,82384,1000,True,-1.3517463207244873
7616,82015,1000,True,-1.3540152311325073
7617,82263,1000,True,-1.3519519567489624
7618,82465,1000,True,-1.345444679260254
7619,81344,1000,True,-1.3378039598464966
7620,81863,1000,True,-1.3292657136917114
7621,81775,1000,True,-1.3176777362823486
7622,85324,1000,True,-1.3030309677124023
7623,82199,1000,True,-1.2819935083389282
7624,82250,1000,True,-1.2562748193740845
7625,81728,1000,True,-1.2276681661605835
7626,83095,1000,True,-1.1929657459259033
7627,81497,1000,True,-1.1496286392211914
7628,82285,1000,True,-1.0950809717178345
7629,81933,1000,True,-1.0278855562210083
7630,82730,1000,True,-0.9542962312698364
7631,81810,1000,True,-0.8665689826011658
7632,82177,1000,True,-0.7609890699386597
7633,84560,1000,True,-0.6263324022293091
7634,83351,1000,True,-0.4613550007343292
7635,82285,1000,True,-0.2747792899608612
7636,81967,1000,True,-0.08334271609783173
7637,81417,1000,True,0.09975647181272507
7638,82686,1000,True,0.27296188473701477
7639,81633,1000,True,0.4357767403125763
7640,30274781,1000,True,-0.24028226733207703
7641,85123,1000,True,-0.30693739652633667
7642,83259,1000,True,-0.3863624334335327
7643,82758,1000,True,-0.4736209511756897
7644,82749,1000,True,-0.5607803463935852
7645,81516,1000,True,-0.6450552940368652
7646,82559,1000,True,-0.7227338552474976
7647,82144,1000,True,-0.7925189733505249
7648,82112,1000,True,-0.8568748235702515
7649,81484,1000,True,-0.9114580750465393
7650,82618,1000,True,-0.9656143188476562
7651,82128,1000,True,-1.0166444778442383
7652,84249,1000,True,-1.0674688816070557
7653,82425,1000,True,-1.1145856380462646
7654,81821,1000,True,-1.1540170907974243
7655,81904,1000,True,-1.1885720491409302
7656,82641,1000,True,-1.2167845964431763
7657,82099,1000,True,-1.242681860923767
7658,82779,1000,True,-1.2677175998687744
7659,81407,1000,True,-1.2885178327560425
7660,82346,1000,True,-1.3059388399124146
7661,81835,1000,True,-1.3188451528549194
7662,80361,1000,True,-1.3303632736206055
7663,84256,1000,True,-1.340039610862732
7664,82918,1000,True,-1.3480418920516968
7665,82292,1000,True,-1.3517463207244873
7666,82541,1000,True,-1.3540152311325073
7667,82006,1000,True,-1.3519519567489624
7668,82516,1000,True,-1.345444679260254
7669,82275,1000,True,-1.3378039598464966
7670,82571,1000,True,-1.3292657136917114
7671,81952,1000,True,-1.3176777362823486
7672,82147,1000,True,-1.3030309677124023
7673,81404,1000,True,-1.2819935083389282
7674,83965,1000,True,-1.2562748193740845
7675,83008,1000,True,-1.2276681661605835
7676,81813,1000,True,-1.1929657459259033
7677,82165,1000,True,-1.1496286392211914
7678,81409,1000,True,-1.0950809717178345
7679,81945,1000,True,-1.0278855562210083
7680,82673,1000,True,-0.9542962312698364
7681,81194,1000,True,-0.8665689826011658
7682,81648,1000,True,-0.7609890699386597
7683,81950,1000,True,-0.6263324022293091
7684,81505,1000,True,-0.4613550007343292
7685,82463,1000,True,-0.2747792899608612
7686,82068,1000,True,-0.08334271609783173
7687,81085,1000,True,0.09975647181272507
7688,82195,1000,True,0.27296188473701477
7689,81785,1000,True,0.4357767403125763
7690,29952817,1000,True,-0.24028226733207703
7691,85947,1000,True,-0.30693739652633667
7692,83083,1000,True,-0.3863624334335327
7693,82337,1000,True,-0.4736209511756897
7694,82746,1000,True,-0.5607803463935852
7695,82344,1000,True,-0.6450552940368652
7696,82093,1000,True,-0.7227338552474976
7697,84154,1000,True,-0.7925189733505249
7698,82510,1000,True,-0.8568748235702515
7699,82021,1000,True,-0.9114580750465393
7700,82258,1000,True,-0.9656143188476562
7701,82261,1000,True,-1.0166444778442383
7702,82579,1000,True,-1.0674688816070557
7703,82132,1000,True,-1.1145856380462646
7704,81984,1000,True,-1.1540170907974243
7705,81503,1000,True,-1.1885720491409302
7706,82441,1000,True,-1.2167845964431763
7707,81426,1000,True,-1.242681860923767
7708,83549,1000,True,-1.2677175998687744
7709,82353,1000,True,-1.2885178327560425
7710,82140,1000,True,-1.3059388399124146
7711,82581,1000,True,-1.3188451528549194
7712,83131,1000,True,-1.3303632736206055
7713,82132,1000,True,-1.340039610862732
7714,81830,1000,True,-1.3480418920516968
7715,82320,1000,True,-1.3517463207244873
7716,83113,1000,True,-1.3540152311325073
7717,82246,1000,True,-1.3519519567489624
7718,82767,1000,True,-1.345444679260254
7719,84155,1000,True,-1.3378039598464966
7720,83185,1000,True,-1.3292657136917114
7721,82195,1000,True,-1.3176777362823486
7722,81770,1000,True,-1.3030309677124023
7723,82490,1000,True,-1.2819935083389282
7724,81948,1000,True,-1.2562748193740845
7725,82002,1000,True,-1.2276681661605835
7726,81385,1000,True,-1.1929657459259033
7727,81436,1000,True,-1.1496286392211914
7728,81329,1000,True,-1.0950809717178345
7729,81568,1000,True,-1.0278855562210083
7730,84135,1000,True,-0.9542962312698364
7731,81715,1000,True,-0.8665689826011658
7732,81730,1000,True,-0.7609890699386597
7733,82231,1000,True,-0.6263324022293091
7734,82375,1000,True,-0.4613550007343292
7735,81615,1000,True,-0.2747792899608612
7736,81857,1000,True,-0.08334271609783173
7737,89934,1000,True,0.09975647181272507
7738,92909,1000,True,0.27296188473701477
7739,80960,1000,True,0.4357767403125763
7740,30244110,1000,True,-0.24028226733207703
7741,84596,1000,True,-0.30693739652633667
7742,82844,1000,True,-0.3863624334335327
7743,82579,1000,True,-0.4736209511756897
7744,82625,1000,True,-0.5607803463935852
7745,81439,1000,True,-0.6450552940368652
7746,82167,1000,True,-0.7227338552474976
7747,81969,1000,True,-0.7925189733505249
7748,82022,1000,True,-0.8568748235702515
7749,81405,1000,True,-0.9114580750465393
7750,82108,1000,True,-0.9656143188476562
7751,82215,1000,True,-1.0166444778442383
7752,82839,1000,True,-1.0674688816070557
7753,81694,1000,True,-1.1145856380462646
7754,81951,1000,True,-1.1540170907974243
7755,81989,1000,True,-1.1885720491409302
7756,82329,1000,True,-1.2167845964431763
7757,82397,1000,True,-1.242681860923767
7758,82466,1000,True,-1.2677175998687744
7759,81926,1000,True,-1.2885178327560425
7760,82099,1000,True,-1.3059388399124146
7761,81757,1000,True,-1.3188451528549194
7762,82551,1000,True,-1.3303632736206055
7763,82404,1000,True,-1.340039610862732
7764,81720,1000,True,-1.3480418920516968
7765,81532,1000,True,-1.3517463207244873
7766,81942,1000,True,-1.3540152311325073
7767,82419,1000,True,-1.3519519567489624
7768,82589,1000,True,-1.345444679260254
7769,81320,1000,True,-1.3378039598464966
7770,82504,1000,True,-1.3292657136917114
7771,84437,1000,True,-1.3176777362823486
7772,81629,1000,True,-1.3030309677124023
7773,81473,1000,True,-1.2819935083389282
7774,81714,1000,True,-1.2562748193740845
7775,81461,1000,True,-1.2276681661605835
7776,81544,1000,True,-1.1929657459259033
7777,81216,1000,True,-1.1496286392211914
7778,82490,1000,True,-1.0950809717178345
7779,81498,1000,True,-1.0278855562210083
7780,82955,1000,True,-0.9542962312698364
7781,81711,1000,True,-0.8665689826011658
7782,83419,1000,True,-0.7609890699386597
7783,81736,1000,True,-0.6263324022293091
7784,81730,1000,True,-0.4613550007343292
7785,81198,1000,True,-0.2747792899608612
7786,82050,1000,True,-0.08334271609783173
7787,82420,1000,True,0.09975647181272507
7788,82628,1000,True,0.27296188473701477
7789,82042,1000,True,0.4357767403125763
7790,30236544,1000,True,-0.24028226733207703
7791,86097,1000,True,-0.30693739652633667
7792,83206,1000,True,-0.3863624334335327
7793,82296,1000,True,-0.4736209511756897
7794,82348,1000,True,-0.5607803463935852
7795,81788,1000,True,-0.6450552940368652
7796,82394,1000,True,-0.7227338552474976
7797,81913,1000,True,-0.7925189733505249
7798,81827,1000,True,-0.8568748235702515
7799,82745,1000,True,-0.9114580750465393
7800,82282,1000,True,-0.9656143188476562
7801,81468,1000,True,-1.0166444778442383
7802,84910,1000,True,-1.0674688816070557
7803,82041,1000,True,-1.1145856380462646
7804,81806,1000,True,-1.1540170907974243
7805,81815,1000,True,-1.1885720491409302
7806,82178,1000,True,-1.2167845964431763
7807,81892,1000,True,-1.242681860923767
7808,82718,1000,True,-1.2677175998687744
7809,81377,1000,True,-1.2885178327560425
7810,81630,1000,True,-1.3059388399124146
7811,81654,1000,True,-1.3188451528549194
7812,82215,1000,True,-1.3303632736206055
7813,83950,1000,True,-1.340039610862732
7814,82940,1000,True,-1.3480418920516968
7815,81904,1000,True,-1.3517463207244873
7816,82891,1000,True,-1.3540152311325073
7817,81786,1000,True,-1.3519519567489624
7818,82044,1000,True,-1.345444679260254
7819,82072,1000,True,-1.3378039598464966
7820,82306,1000,True,-1.3292657136917114
7821,82035,1000,True,-1.3176777362823486
7822,82406,1000,True,-1.3030309677124023
7823,82608,1000,True,-1.2819935083389282
7824,83118,1000,True,-1.2562748193740845
7825,82189,1000,True,-1.2276681661605835
7826,82548,1000,True,-1.1929657459259033
7827,81949,1000,True,-1.1496286392211914
7828,81814,1000,True,-1.0950809717178345
7829,81864,1000,True,-1.0278855562210083
7830,82642,1000,True,-0.9542962312698364
7831,81992,1000,True,-0.8665689826011658
7832,82556,1000,True,-0.7609890699386597
7833,81540,1000,True,-0.6263324022293091
7834,82269,1000,True,-0.4613550007343292
7835,82710,1000,True,-0.2747792899608612
7836,82751,1000,True,-0.08334271609783173
7837,82647,1000,True,0.09975647181272507
7838,82962,1000,True,0.27296188473701477
7839,82673,1000,True,0.4357767403125763
7840,30603265,1000,True,-0.24028226733207703
7841,87371,1000,True,-0.30693739652633667
7842,83690,1000,True,-0.3863624334335327
7843,83383,1000,True,-0.4736209511756897
7844,82627,1000,True,-0.5607803463935852
7845,82520,1000,True,-0.6450552940368652
7846,82108,1000,True,-0.7227338552474976
7847,82003,1000,True,-0.7925189733505249
7848,82590,1000,True,-0.8568748235702515
7849,82263,1000,True,-0.9114580750465393
7850,82146,1000,True,-0.9656143188476562
7851,81616,1000,True,-1.0166444778442383
7852,82466,1000,True,-1.0674688816070557
7853,81756,1000,True,-1.1145856380462646
7854,81465,1000,True,-1.1540170907974243
7855,81924,1000,True,-1.1885720491409302
7856,82267,1000,True,-1.2167845964431763
7857,81722,1000,True,-1.242681860923767
7858,82310,1000,True,-1.2677175998687744
7859,82588,1000,True,-1.2885178327560425
7860,82243,1000,True,-1.3059388399124146
7861,80990,1000,True,-1.3188451528549194
7862,83742,1000,True,-1.3303632736206055
7863,81955,1000,True,-1.340039610862732
7864,81806,1000,True,-1.3480418920516968
7865,81782,1000,True,-1.3517463207244873
7866,83232,1000,True,-1.3540152311325073
7867,81756,1000,True,-1.3519519567489624
7868,81644,1000,True,-1.345444679260254
7869,82233,1000,True,-1.3378039598464966
7870,81567,1000,True,-1.3292657136917114
7871,82159,1000,True,-1.3176777362823486
7872,85376,1000,True,-1.3030309677124023
7873,82112,1000,True,-1.2819935083389282
7874,81979,1000,True,-1.2562748193740845
7875,81598,1000,True,-1.2276681661605835
7876,82532,1000,True,-1.1929657459259033
7877,82290,1000,True,-1.1496286392211914
7878,82419,1000,True,-1.0950809717178345
7879,81536,1000,True,-1.0278855562210083
7880,82734,1000,True,-0.9542962312698364
7881,81199,1000,True,-0.8665689826011658
7882,81748,1000,True,-0.7609890699386597
7883,84274,1000,True,-0.6263324022293091
7884,81834,1000,True,-0.4613550007343292
7885,81292,1000,True,-0.2747792899608612
7886,81829,1000,True,-0.08334271609783173
7887,82493,1000,True,0.09975647181272507
7888,82588,1000,True,0.27296188473701477
7889,81492,1000,True,0.4357767403125763
7890,30243642,1000,True,-0.24028226733207703
7891,85791,1000,True,-0.30693739652633667
7892,85759,1000,True,-0.3863624334335327
7893,82015,1000,True,-0.4736209511756897
7894,82422,1000,True,-0.5607803463935852
7895,81965,1000,True,-0.6450552940368652
7896,83022,1000,True,-0.7227338552474976
7897,82539,1000,True,-0.7925189733505249
7898,83087,1000,True,-0.8568748235702515
7899,82281,1000,True,-0.9114580750465393
7900,81916,1000,True,-0.9656143188476562
7901,82638,1000,True,-1.0166444778442383
7902,82360,1000,True,-1.0674688816070557
7903,83970,1000,True,-1.1145856380462646
7904,82264,1000,True,-1.1540170907974243
7905,82558,1000,True,-1.1885720491409302
7906,82089,1000,True,-1.2167845964431763
7907,81746,1000,True,-1.242681860923767
7908,82354,1000,True,-1.2677175998687744
7909,82242,1000,True,-1.2885178327560425
7910,82570,1000,True,-1.3059388399124146
7911,82175,1000,True,-1.3188451528549194
7912,81899,1000,True,-1.3303632736206055
7913,82140,1000,True,-1.340039610862732
7914,85675,1000,True,-1.3480418920516968
7915,81441,1000,True,-1.3517463207244873
7916,81836,1000,True,-1.3540152311325073
7917,82223,1000,True,-1.3519519567489624
7918,82355,1000,True,-1.345444679260254
7919,81614,1000,True,-1.3378039598464966
7920,82295,1000,True,-1.3292657136917114
7921,81555,1000,True,-1.3176777362823486
7922,82970,1000,True,-1.3030309677124023
7923,81918,1000,True,-1.2819935083389282
7924,82265,1000,True,-1.2562748193740845
7925,83019,1000,True,-1.2276681661605835
7926,82776,1000,True,-1.1929657459259033
7927,82531,1000,True,-1.1496286392211914
7928,81377,1000,True,-1.0950809717178345
7929,82168,1000,True,-1.0278855562210083
7930,82609,1000,True,-0.9542962312698364
7931,82103,1000,True,-0.8665689826011658
7932,82396,1000,True,-0.7609890699386597
7933,81532,1000,True,-0.6263324022293091
7934,82177,1000,True,-0.4613550007343292
7935,81303,1000,True,-0.2747792899608612
7936,81489,1000,True,-0.08334271609783173
7937,81770,1000,True,0.09975647181272507
7938,82231,1000,True,0.27296188473701477
7939,81648,1000,True,0.4357767403125763
7940,30235180,1000,True,-0.24028226733207703
7941,85682,1000,True,-0.30693739652633667
7942,83571,1000,True,-0.3863624334335327
7943,82628,1000,True,-0.4736209511756897
7944,82622,1000,True,-0.5607803463935852
7945,83596,1000,True,-0.6450552940368652
7946,82883,1000,True,-0.7227338552474976
7947,81616,1000,True,-0.7925189733505249
7948,81853,1000,True,-0.8568748235702515
7949,81291,1000,True,-0.9114580750465393
7950,81738,1000,True,-0.9656143188476562
7951,81689,1000,True,-1.0166444778442383
7952,82814,1000,True,-1.0674688816070557
7953,80630,1000,True,-1.1145856380462646
7954,82168,1000,True,-1.1540170907974243
7955,81319,1000,True,-1.1885720491409302
7956,82976,1000,True,-1.2167845964431763
7957,82030,1000,True,-1.242681860923767
7958,82291,1000,True,-1.2677175998687744
7959,81673,1000,True,-1.2885178327560425
7960,83344,1000,True,-1.3059388399124146
7961,82660,1000,True,-1.3188451528549194
7962,82196,1000,True,-1.3303632736206055
7963,82028,1000,True,-1.340039610862732
7964,82103,1000,True,-1.3480418920516968
7965,81449,1000,True,-1.3517463207244873
7966,82293,1000,True,-1.3540152311325073
7967,84326,1000,True,-1.3519519567489624
7968,82534,1000,True,-1.345444679260254
7969,82197,1000,True,-1.3378039598464966
7970,81447,1000,True,-1.3292657136917114
7971,81709,1000,True,-1.3176777362823486
7972,81819,1000,True,-1.3030309677124023
7973,81301,1000,True,-1.2819935083389282
7974,81767,1000,True,-1.2562748193740845
7975,81979,1000,True,-1.2276681661605835
7976,82169,1000,True,-1.1929657459259033
7977,81822,1000,True,-1.1496286392211914
7978,84188,1000,True,-1.0950809717178345
7979,81731,1000,True,-1.0278855562210083
7980,81392,1000,True,-0.9542962312698364
7981,82205,1000,True,-0.8665689826011658
7982,81956,1000,True,-0.7609890699386597
7983,82368,1000,True,-0.6263324022293091
7984,82465,1000,True,-0.4613550007343292
7985,81324,1000,True,-0.2747792899608612
7986,82079,1000,True,-0.08334271609783173
7987,81963,1000,True,0.09975647181272507
7988,81927,1000,True,0.27296188473701477
7989,82170,1000,True,0.4357767403125763
7990,30223295,1000,True,-0.24028226733207703
7991,87136,1000,True,-0.30693739652633667
7992,83327,1000,True,-0.3863624334335327
7993,82031,1000,True,-0.4736209511756897
7994,82537,1000,True,-0.5607803463935852
7995,81264,1000,True,-0.6450552940368652
7996,82255,1000,True,-0.7227338552474976
7997,82026,1000,True,-0.7925189733505249
7998,82816,1000,True,-0.8568748235702515
7999,81716,1000,True,-0.9114580750465393
8000,82355,1000,True,-0.9656143188476562
8001,81460,1000,True,-1.0166444778442383
8002,82136,1000,True,-1.0674688816070557
8003,80948,1000,True,-1.1145856380462646
8004,82747,1000,True,-1.1540170907974243
8005,82342,1000,True,-1.1885720491409302
8006,82059,1000,True,-1.2167845964431763
8007,82210,1000,True,-1.242681860923767
8008,81959,1000,True,-1.2677175998687744
8009,81322,1000,True,-1.2885178327560425
8010,81996,1000,True,-1.3059388399124146
8011,81574,1000,True,-1.3188451528549194
8012,83083,1000,True,-1.3303632736206055
8013,81696,1000,True,-1.340039610862732
8014,82665,1000,True,-1.3480418920516968
8015,81696,1000,True,-1.3517463207244873
8016,82089,1000,True,-1.3540152311325073
8017,81717,1000,True,-1.3519519567489624
8018,82298,1000,True,-1.345444679260254
8019,81481,1000,True,-1.3378039598464966
8020,81333,1000,True,-1.3292657136917114
8021,81431,1000,True,-1.3176777362823486
8022,81609,1000,True,-1.3030309677124023
8023,81610,1000,True,-1.2819935083389282
8024,82075,1000,True,-1.2562748193740845
8025,81826,1000,True,-1.2276681661605835
8026,82288,1000,True,-1.1929657459259033
8027,81936,1000,True,-1.1496286392211914
8028,82086,1000,True,-1.0950809717178345
8029,81347,1000,True,-1.0278855562210083
8030,82881,1000,True,-0.9542962312698364
8031,81615,1000,True,-0.8665689826011658
8032,82258,1000,True,-0.7609890699386597
8033,82157,1000,True,-0.6263324022293091
8034,81579,1000,True,-0.4613550007343292
8035,81955,1000,True,-0.2747792899608612
8036,82429,1000,True,-0.08334271609783173
8037,82504,1000,True,0.09975647181272507
8038,82667,1000,True,0.27296188473701477
8039,81274,1000,True,0.4357767403125763
8040,29918362,1000,True,-0.24028226733207703
8041,85074,1000,True,-0.30693739652633667
8042,83001,1000,True,-0.3863624334335327
8043,84560,1000,True,-0.4736209511756897
8044,82301,1000,True,-0.5607803463935852
8045,81466,1000,True,-0.6450552940368652
8046,81840,1000,True,-0.7227338552474976
8047,81374,1000,True,-0.7925189733505249
8048,82532,1000,True,-0.8568748235702515
8049,81405,1000,True,-0.9114580750465393
8050,82277,1000,True,-0.9656143188476562
8051,82440,1000,True,-1.0166444778442383
8052,81645,1000,True,-1.0674688816070557
8053,81991,1000,True,-1.1145856380462646
8054,82009,1000,True,-1.1540170907974243
8055,82046,1000,True,-1.1885720491409302
8056,81929,1000,True,-1.2167845964431763
8057,81211,1000,True,-1.242681860923767
8058,81777,1000,True,-1.2677175998687744
8059,81972,1000,True,-1.2885178327560425
8060,82091,1000,True,-1.3059388399124146
8061,81565,1000,True,-1.3188451528549194
8062,82126,1000,True,-1.3303632736206055
8063,81887,1000,True,-1.340039610862732
8064,82416,1000,True,-1.3480418920516968
8065,82001,1000,True,-1.3517463207244873
8066,82468,1000,True,-1.3540152311325073
8067,82614,1000,True,-1.3519519567489624
8068,104563,1000,True,-1.345444679260254
8069,82831,1000,True,-1.3378039598464966
8070,82757,1000,True,-1.3292657136917114
8071,82097,1000,True,-1.3176777362823486
8072,82345,1000,True,-1.3030309677124023
8073,82072,1000,True,-1.2819935083389282
8074,82100,1000,True,-1.2562748193740845
8075,84955,1000,True,-1.2276681661605835
8076,82432,1000,True,-1.1929657459259033
8077,82431,1000,True,-1.1496286392211914
8078,82769,1000,True,-1.0950809717178345
8079,81728,1000,True,-1.0278855562210083
8080,81441,1000,True,-0.9542962312698364
8081,82292,1000,True,-0.8665689826011658
8082,368233,1000,True,-0.7609890699386597
8083,83214,1000,True,-0.6263324022293091
8084,82057,1000,True,-0.4613550007343292
8085,81554,1000,True,-0.2747792899608612
8086,82769,1000,True,-0.08334271609783173
8087,81742,1000,True,0.09975647181272507
8088,82459,1000,True,0.27296188473701477
8089,82178,1000,True,0.4357767403125763
8090,29917130,1000,True,-0.24028226733207703
8091,86278,1000,True,-0.30693739652633667
8092,83440,1000,True,-0.3863624334335327
8093,84054,1000,True,-0.4736209511756897
8094,83256,1000,True,-0.5607803463935852
8095,82215,1000,True,-0.6450552940368652
8096,83216,1000,True,-0.7227338552474976
8097,82769,1000,True,-0.7925189733505249
8098,83629,1000,True,-0.8568748235702515
8099,366679,1000,True,-0.9114580750465393
8100,83430,1000,True,-0.9656143188476562
8101,81722,1000,True,-1.0166444778442383
8102,81607,1000,True,-1.0674688816070557
8103,83769,1000,True,-1.1145856380462646
8104,82506,1000,True,-1.1540170907974243
8105,81326,1000,True,-1.1885720491409302
8106,81820,1000,True,-1.2167845964431763
8107,81607,1000,True,-1.242681860923767
8108,82012,1000,True,-1.2677175998687744
8109,81470,1000,True,-1.2885178327560425
8110,82120,1000,True,-1.3059388399124146
8111,82614,1000,True,-1.3188451528549194
8112,82059,1000,True,-1.3303632736206055
8113,81982,1000,True,-1.340039610862732
8114,82012,1000,True,-1.3480418920516968
8115,82499,1000,True,-1.3517463207244873
8116,81715,1000,True,-1.3540152311325073
8117,81496,1000,True,-1.3519519567489624
8118,82322,1000,True,-1.345444679260254
8119,81304,1000,True,-1.3378039598464966
8120,81630,1000,True,-1.3292657136917114
8121,81320,1000,True,-1.3176777362823486
8122,82080,1000,True,-1.3030309677124023
8123,81821,1000,True,-1.2819935083389282
8124,81501,1000,True,-1.2562748193740845
8125,81611,1000,True,-1.2276681661605835
8126,82212,1000,True,-1.1929657459259033
8127,81240,1000,True,-1.1496286392211914
8128,81528,1000,True,-1.0950809717178345
8129,81845,1000,True,-1.0278855562210083
8130,82268,1000,True,-0.9542962312698364
8131,82105,1000,True,-0.8665689826011658
8132,81334,1000,True,-0.7609890699386597
8133,81619,1000,True,-0.6263324022293091
8134,82839,1000,True,-0.4613550007343292
8135,81988,1000,True,-0.2747792899608612
8136,84196,1000,True,-0.08334271609783173
8137,81842,1000,True,0.09975647181272507
8138,83545,1000,True,0.27296188473701477
8139,82106,1000,True,0.4357767403125763
8140,29928689,1000,True,-0.24028226733207703
8141,86440,1000,True,-0.30693739652633667
8142,83341,1000,True,-0.3863624334335327
8143,82455,1000,True,-0.4736209511756897
8144,82267,1000,True,-0.5607803463935852
8145,82164,1000,True,-0.6450552940368652
8146,81785,1000,True,-0.7227338552474976
8147,82040,1000,True,-0.7925189733505249
8148,82080,1000,True,-0.8568748235702515
8149,82274,1000,True,-0.9114580750465393
8150,81674,1000,True,-0.9656143188476562
8151,81936,1000,True,-1.0166444778442383
8152,82127,1000,True,-1.0674688816070557
8153,81979,1000,True,-1.1145856380462646
8154,81801,1000,True,-1.1540170907974243
8155,81861,1000,True,-1.1885720491409302
8156,83131,1000,True,-1.2167845964431763
8157,82015,1000,True,-1.242681860923767
8158,83141,1000,True,-1.2677175998687744
8159,83861,1000,True,-1.2885178327560425
8160,81944,1000,True,-1.3059388399124146
8161,81921,1000,True,-1.3188451528549194
8162,82848,1000,True,-1.3303632736206055
8163,82173,1000,True,-1.340039610862732
8164,82576,1000,True,-1.3480418920516968
8165,82729,1000,True,-1.3517463207244873
8166,82318,1000,True,-1.3540152311325073
8167,82125,1000,True,-1.3519519567489624
8168,81272,1000,True,-1.345444679260254
8169,81526,1000,True,-1.3378039598464966
8170,83517,1000,True,-1.3292657136917114
8171,82848,1000,True,-1.3176777362823486
8172,82265,1000,True,-1.3030309677124023
8173,81508,1000,True,-1.2819935083389282
8174,82506,1000,True,-1.2562748193740845
8175,81608,1000,True,-1.2276681661605835
8176,82367,1000,True,-1.1929657459259033
8177,81101,1000,True,-1.1496286392211914
8178,82169,1000,True,-1.0950809717178345
8179,81945,1000,True,-1.0278855562210083
8180,81411,1000,True,-0.9542962312698364
8181,83904,1000,True,-0.8665689826011658
8182,82524,1000,True,-0.7609890699386597
8183,81577,1000,True,-0.6263324022293091
8184,82094,1000,True,-0.4613550007343292
8185,81602,1000,True,-0.2747792899608612
8186,82194,1000,True,-0.08334271609783173
8187,82252,1000,True,0.09975647181272507
8188,82380,1000,True,0.27296188473701477
8189,82496,1000,True,0.4357767403125763
8190,30236639,1000,True,-0.24028226733207703
8191,84926,1000,True,-0.30693739652633667
8192,83298,1000,True,-0.3863624334335327
8193,83207,1000,True,-0.4736209511756897
8194,83359,1000,True,-0.5607803463935852
8195,82179,1000,True,-0.6450552940368652
8196,82062,1000,True,-0.7227338552474976
8197,82617,1000,True,-0.7925189733505249
8198,82577,1000,True,-0.8568748235702515
8199,81874,1000,True,-0.9114580750465393
8200,82138,1000,True,-0.9656143188476562
8201,85406,1000,True,-1.0166444778442383
8202,83018,1000,True,-1.0674688816070557
8203,82615,1000,True,-1.1145856380462646
8204,82262,1000,True,-1.1540170907974243
8205,82359,1000,True,-1.1885720491409302
8206,82939,1000,True,-1.2167845964431763
8207,82769,1000,True,-1.242681860923767
8208,82022,1000,True,-1.2677175998687744
8209,82013,1000,True,-1.2885178327560425
8210,83053,1000,True,-1.3059388399124146
8211,82123,1000,True,-1.3188451528549194
8212,82806,1000,True,-1.3303632736206055
8213,81501,1000,True,-1.340039610862732
8214,82828,1000,True,-1.3480418920516968
8215,81597,1000,True,-1.3517463207244873
8216,82798,1000,True,-1.3540152311325073
8217,81596,1000,True,-1.3519519567489624
8218,82609,1000,True,-1.345444679260254
8219,81665,1000,True,-1.3378039598464966
8220,81633,1000,True,-1.3292657136917114
8221,81628,1000,True,-1.3176777362823486
8222,82522,1000,True,-1.3030309677124023
8223,84723,1000,True,-1.2819935083389282
8224,82705,1000,True,-1.2562748193740845
8225,82972,1000,True,-1.2276681661605835
8226,82160,1000,True,-1.1929657459259033
8227,81951,1000,True,-1.1496286392211914
8228,82849,1000,True,-1.0950809717178345
8229,82463,1000,True,-1.0278855562210083
8230,82299,1000,True,-0.9542962312698364
8231,82335,1000,True,-0.8665689826011658
8232,82174,1000,True,-0.7609890699386597
8233,81753,1000,True,-0.6263324022293091
8234,83373,1000,True,-0.4613550007343292
8235,82776,1000,True,-0.2747792899608612
8236,82385,1000,True,-0.08334271609783173
8237,81628,1000,True,0.09975647181272507
8238,82170,1000,True,0.27296188473701477
8239,82215,1000,True,0.4357767403125763
8240,30243271,1000,True,-0.24028226733207703
8241,86117,1000,True,-0.30693739652633667
8242,83927,1000,True,-0.3863624334335327
8243,84983,1000,True,-0.4736209511756897
8244,83369,1000,True,-0.5607803463935852
8245,83081,1000,True,-0.6450552940368652
8246,82698,1000,True,-0.7227338552474976
8247,82001,1000,True,-0.7925189733505249
8248,82427,1000,True,-0.8568748235702515
8249,81931,1000,True,-0.9114580750465393
8250,82952,1000,True,-0.9656143188476562
8251,81682,1000,True,-1.0166444778442383
8252,82520,1000,True,-1.0674688816070557
8253,83721,1000,True,-1.1145856380462646
8254,83295,1000,True,-1.1540170907974243
8255,82447,1000,True,-1.1885720491409302
8256,82930,1000,True,-1.2167845964431763
8257,82105,1000,True,-1.242681860923767
8258,82355,1000,True,-1.2677175998687744
8259,82761,1000,True,-1.2885178327560425
8260,83172,1000,True,-1.3059388399124146
8261,82010,1000,True,-1.3188451528549194
8262,82756,1000,True,-1.3303632736206055
8263,83443,1000,True,-1.340039610862732
8264,82540,1000,True,-1.3480418920516968
8265,81503,1000,True,-1.3517463207244873
8266,82384,1000,True,-1.3540152311325073
8267,82440,1000,True,-1.3519519567489624
8268,83191,1000,True,-1.345444679260254
8269,82312,1000,True,-1.3378039598464966
8270,82299,1000,True,-1.3292657136917114
8271,82176,1000,True,-1.3176777362823486
8272,82278,1000,True,-1.3030309677124023
8273,81494,1000,True,-1.2819935083389282
8274,82565,1000,True,-1.2562748193740845
8275,82610,1000,True,-1.2276681661605835
8276,83396,1000,True,-1.1929657459259033
8277,82657,1000,True,-1.1496286392211914
8278,83255,1000,True,-1.0950809717178345
8279,81999,1000,True,-1.0278855562210083
8280,82744,1000,True,-0.9542962312698364
8281,82137,1000,True,-0.8665689826011658
8282,82396,1000,True,-0.7609890699386597
8283,81756,1000,True,-0.6263324022293091
8284,82261,1000,True,-0.4613550007343292
8285,82520,1000,True,-0.2747792899608612
8286,84778,1000,True,-0.08334271609783173
8287,82997,1000,True,0.09975647181272507
8288,83357,1000,True,0.27296188473701477
8289,82153,1000,True,0.4357767403125763
8290,30291603,1000,True,-0.24028226733207703
8291,85721,1000,True,-0.30693739652633667
8292,83606,1000,True,-0.3863624334335327
8293,82326,1000,True,-0.4736209511756897
8294,85502,1000,True,-0.5607803463935852
8295,81998,1000,True,-0.6450552940368652
8296,82173,1000,True,-0.7227338552474976
8297,82058,1000,True,-0.7925189733505249
8298,82239,1000,True,-0.8568748235702515
8299,82328,1000,True,-0.9114580750465393
8300,82495,1000,True,-0.9656143188476562
8301,81829,1000,True,-1.0166444778442383
8302,82278,1000,True,-1.0674688816070557
8303,81656,1000,True,-1.1145856380462646
8304,82166,1000,True,-1.1540170907974243
8305,83332,1000,True,-1.1885720491409302
8306,82227,1000,True,-1.2167845964431763
8307,81960,1000,True,-1.242681860923767
8308,81563,1000,True,-1.2677175998687744
8309,81865,1000,True,-1.2885178327560425
8310,82305,1000,True,-1.3059388399124146
8311,82251,1000,True,-1.3188451528549194
8312,81440,1000,True,-1.3303632736206055
8313,81743,1000,True,-1.340039610862732
8314,83014,1000,True,-1.3480418920516968
8315,81990,1000,True,-1.3517463207244873
8316,82511,1000,True,-1.3540152311325073
8317,81826,1000,True,-1.3519519567489624
8318,82452,1000,True,-1.345444679260254
8319,82532,1000,True,-1.3378039598464966
8320,82068,1000,True,-1.3292657136917114
8321,82219,1000,True,-1.3176777362823486
8322,82081,1000,True,-1.3030309677124023
8323,82333,1000,True,-1.2819935083389282
8324,82718,1000,True,-1.2562748193740845
8325,81985,1000,True,-1.2276681661605835
8326,82181,1000,True,-1.1929657459259033
8327,84148,1000,True,-1.1496286392211914
8328,83087,1000,True,-1.0950809717178345
8329,82375,1000,True,-1.0278855562210083
8330,82579,1000,True,-0.9542962312698364
8331,81701,1000,True,-0.8665689826011658
8332,81777,1000,True,-0.7609890699386597
8333,82250,1000,True,-0.6263324022293091
8334,82677,1000,True,-0.4613550007343292
8335,82075,1000,True,-0.2747792899608612
8336,82408,1000,True,-0.08334271609783173
8337,81549,1000,True,0.09975647181272507
8338,85463,1000,True,0.27296188473701477
8339,82251,1000,True,0.4357767403125763
8340,30316048,1000,True,-0.24028226733207703
8341,85438,1000,True,-0.30693739652633667
8342,83547,1000,True,-0.3863624334335327
8343,82940,1000,True,-0.4736209511756897
8344,83338,1000,True,-0.5607803463935852
8345,82046,1000,True,-0.6450552940368652
8346,84258,1000,True,-0.7227338552474976
8347,82507,1000,True,-0.7925189733505249
8348,82628,1000,True,-0.8568748235702515
8349,82247,1000,True,-0.9114580750465393
8350,82193,1000,True,-0.9656143188476562
8351,82493,1000,True,-1.0166444778442383
8352,82670,1000,True,-1.0674688816070557
8353,81897,1000,True,-1.1145856380462646
8354,81790,1000,True,-1.1540170907974243
8355,82037,1000,True,-1.1885720491409302
8356,82161,1000,True,-1.2167845964431763
8357,84473,1000,True,-1.242681860923767
8358,82341,1000,True,-1.2677175998687744
8359,82481,1000,True,-1.2885178327560425
8360,82476,1000,True,-1.3059388399124146
8361,81915,1000,True,-1.3188451528549194
8362,82271,1000,True,-1.3303632736206055
8363,82469,1000,True,-1.340039610862732
8364,82869,1000,True,-1.3480418920516968
8365,82393,1000,True,-1.3517463207244873
8366,83002,1000,True,-1.3540152311325073
8367,82731,1000,True,-1.3519519567489624
8368,84522,1000,True,-1.345444679260254
8369,81981,1000,True,-1.3378039598464966
8370,82012,1000,True,-1.3292657136917114
8371,83549,1000,True,-1.3176777362823486
8372,82619,1000,True,-1.3030309677124023
8373,81976,1000,True,-1.2819935083389282
8374,82833,1000,True,-1.2562748193740845
8375,81700,1000,True,-1.2276681661605835
8376,82265,1000,True,-1.1929657459259033
8377,81285,1000,True,-1.1496286392211914
8378,81985,1000,True,-1.0950809717178345
8379,83212,1000,True,-1.0278855562210083
8380,82171,1000,True,-0.9542962312698364
8381,81736,1000,True,-0.8665689826011658
8382,82559,1000,True,-0.7609890699386597
8383,82864,1000,True,-0.6263324022293091
8384,82792,1000,True,-0.4613550007343292
8385,81794,1000,True,-0.2747792899608612
8386,82315,1000,True,-0.08334271609783173
8387,82194,1000,True,0.09975647181272507
8388,82350,1000,True,0.27296188473701477
8389,81777,1000,True,0.4357767403125763
8390,29989172,1000,True,-0.24028226733207703
8391,85165,1000,True,-0.30693739652633667
8392,82553,1000,True,-0.3863624334335327
8393,81637,1000,True,-0.4736209511756897
8394,82785,1000,True,-0.5607803463935852
8395,83453,1000,True,-0.6450552940368652
8396,82377,1000,True,-0.7227338552474976
8397,81435,1000,True,-0.7925189733505249
8398,81607,1000,True,-0.8568748235702515
8399,106542,1000,True,-0.9114580750465393
8400,82230,1000,True,-0.9656143188476562
8401,83055,1000,True,-1.0166444778442383
8402,82571,1000,True,-1.0674688816070557
8403,81864,1000,True,-1.1145856380462646
8404,82248,1000,True,-1.1540170907974243
8405,81425,1000,True,-1.1885720491409302
8406,84631,1000,True,-1.2167845964431763
8407,83272,1000,True,-1.242681860923767
8408,82039,1000,True,-1.2677175998687744
8409,82458,1000,True,-1.2885178327560425
8410,82242,1000,True,-1.3059388399124146
8411,83385,1000,True,-1.3188451528549194
8412,382008,1000,True,-1.3303632736206055
8413,81653,1000,True,-1.340039610862732
8414,83977,1000,True,-1.3480418920516968
8415,82099,1000,True,-1.3517463207244873
8416,82419,1000,True,-1.3540152311325073
8417,81425,1000,True,-1.3519519567489624
8418,82610,1000,True,-1.345444679260254
8419,81512,1000,True,-1.3378039598464966
8420,82297,1000,True,-1.3292657136917114
8421,82067,1000,True,-1.3176777362823486
8422,81828,1000,True,-1.3030309677124023
8423,81627,1000,True,-1.2819935083389282
8424,81968,1000,True,-1.2562748193740845
8425,81461,1000,True,-1.2276681661605835
8426,82306,1000,True,-1.1929657459259033
8427,81571,1000,True,-1.1496286392211914
8428,82319,1000,True,-1.0950809717178345
8429,82410,1000,True,-1.0278855562210083
8430,84676,1000,True,-0.9542962312698364
8431,81569,1000,True,-0.8665689826011658
8432,81852,1000,True,-0.7609890699386597
8433,81585,1000,True,-0.6263324022293091
8434,82021,1000,True,-0.4613550007343292
8435,82115,1000,True,-0.2747792899608612
8436,82182,1000,True,-0.08334271609783173
8437,82141,1000,True,0.09975647181272507
8438,82255,1000,True,0.27296188473701477
8439,81628,1000,True,0.4357767403125763
8440,30281686,1000,True,-0.24028226733207703
8441,86508,1000,True,-0.30693739652633667
8442,83027,1000,True,-0.3863624334335327
8443,82243,1000,True,-0.4736209511756897
8444,83116,1000,True,-0.5607803463935852
8445,81955,1000,True,-0.6450552940368652
8446,82399,1000,True,-0.7227338552474976
8447,82148,1000,True,-0.7925189733505249
8448,82345,1000,True,-0.8568748235702515
8449,83183,1000,True,-0.9114580750465393
8450,83437,1000,True,-0.9656143188476562
8451,82300,1000,True,-1.0166444778442383
8452,82331,1000,True,-1.0674688816070557
8453,82382,1000,True,-1.1145856380462646
8454,82702,1000,True,-1.1540170907974243
8455,81724,1000,True,-1.1885720491409302
8456,82235,1000,True,-1.2167845964431763
8457,82129,1000,True,-1.242681860923767
8458,82071,1000,True,-1.2677175998687744
8459,82309,1000,True,-1.2885178327560425
8460,82371,1000,True,-1.3059388399124146
8461,83097,1000,True,-1.3188451528549194
8462,82725,1000,True,-1.3303632736206055
8463,82359,1000,True,-1.340039610862732
8464,82247,1000,True,-1.3480418920516968
8465,82016,1000,True,-1.3517463207244873
8466,82120,1000,True,-1.3540152311325073
8467,82259,1000,True,-1.3519519567489624
8468,83355,1000,True,-1.345444679260254
8469,81718,1000,True,-1.3378039598464966
8470,83065,1000,True,-1.3292657136917114
8471,82125,1000,True,-1.3176777362823486
8472,81862,1000,True,-1.3030309677124023
8473,81407,1000,True,-1.2819935083389282
8474,83036,1000,True,-1.2562748193740845
8475,81959,1000,True,-1.2276681661605835
8476,82560,1000,True,-1.1929657459259033
8477,82210,1000,True,-1.1496286392211914
8478,81285,1000,True,-1.0950809717178345
8479,81688,1000,True,-1.0278855562210083
8480,82410,1000,True,-0.9542962312698364
8481,82024,1000,True,-0.8665689826011658
8482,84455,1000,True,-0.7609890699386597
8483,81671,1000,True,-0.6263324022293091
8484,82839,1000,True,-0.4613550007343292
8485,81626,1000,True,-0.2747792899608612
8486,82385,1000,True,-0.08334271609783173
8487,82606,1000,True,0.09975647181272507
8488,81997,1000,True,0.27296188473701477
8489,82381,1000,True,0.4357767403125763
8490,29979171,1000,True,-0.24028226733207703
8491,85417,1000,True,-0.30693739652633667
8492,82904,1000,True,-0.3863624334335327
8493,81844,1000,True,-0.4736209511756897
8494,84790,1000,True,-0.5607803463935852
8495,82639,1000,True,-0.6450552940368652
8496,81770,1000,True,-0.7227338552474976
8497,81531,1000,True,-0.7925189733505249
8498,82124,1000,True,-0.8568748235702515
8499,82742,1000,True,-0.9114580750465393
8500,82347,1000,True,-0.9656143188476562
8501,82381,1000,True,-1.0166444778442383
8502,82642,1000,True,-1.0674688816070557
8503,81888,1000,True,-1.1145856380462646
8504,82558,1000,True,-1.1540170907974243
8505,83605,1000,True,-1.1885720491409302
8506,82340,1000,True,-1.2167845964431763
8507,82866,1000,True,-1.242681860923767
8508,81989,1000,True,-1.2677175998687744
8509,81275,1000,True,-1.2885178327560425
8510,83343,1000,True,-1.3059388399124146
8511,81509,1000,True,-1.3188451528549194
8512,82214,1000,True,-1.3303632736206055
8513,81963,1000,True,-1.340039610862732
8514,82162,1000,True,-1.3480418920516968
8515,82187,1000,True,-1.3517463207244873
8516,83792,1000,True,-1.3540152311325073
8517,81789,1000,True,-1.3519519567489624
8518,83452,1000,True,-1.345444679260254
8519,82930,1000,True,-1.3378039598464966
8520,82081,1000,True,-1.3292657136917114
8521,81646,1000,True,-1.3176777362823486
8522,82769,1000,True,-1.3030309677124023
8523,81669,1000,True,-1.2819935083389282
8524,82455,1000,True,-1.2562748193740845
8525,82601,1000,True,-1.2276681661605835
8526,82322,1000,True,-1.1929657459259033
8527,83517,1000,True,-1.1496286392211914
8528,82001,1000,True,-1.0950809717178345
8529,81605,1000,True,-1.0278855562210083
8530,82952,1000,True,-0.9542962312698364
8531,82101,1000,True,-0.8665689826011658
8532,82066,1000,True,-0.7609890699386597
8533,81310,1000,True,-0.6263324022293091
8534,82462,1000,True,-0.4613550007343292
8535,81973,1000,True,-0.2747792899608612
8536,82314,1000,True,-0.08334271609783173
8537,81722,1000,True,0.09975647181272507
8538,84723,1000,True,0.27296188473701477
8539,82194,1000,True,0.4357767403125763
8540,30293081,1000,True,-0.24028226733207703
8541,84878,1000,True,-0.30693739652633667
8542,82870,1000,True,-0.3863624334335327
8543,81764,1000,True,-0.4736209511756897
8544,82624,1000,True,-0.5607803463935852
8545,82041,1000,True,-0.6450552940368652
8546,85093,1000,True,-0.7227338552474976
8547,81845,1000,True,-0.7925189733505249
8548,82596,1000,True,-0.8568748235702515
8549,82044,1000,True,-0.9114580750465393
8550,82059,1000,True,-0.9656143188476562
8551,81809,1000,True,-1.0166444778442383
8552,82262,1000,True,-1.0674688816070557
8553,81657,1000,True,-1.1145856380462646
8554,82686,1000,True,-1.1540170907974243
8555,82688,1000,True,-1.1885720491409302
8556,82541,1000,True,-1.2167845964431763
8557,83743,1000,True,-1.242681860923767
8558,82267,1000,True,-1.2677175998687744
8559,81980,1000,True,-1.2885178327560425
8560,82348,1000,True,-1.3059388399124146
8561,81906,1000,True,-1.3188451528549194
8562,82113,1000,True,-1.3303632736206055
8563,81457,1000,True,-1.340039610862732
8564,82420,1000,True,-1.3480418920516968
8565,81407,1000,True,-1.3517463207244873
8566,81829,1000,True,-1.3540152311325073
8567,81708,1000,True,-1.3519519567489624
8568,82543,1000,True,-1.345444679260254
8569,82210,1000,True,-1.3378039598464966
8570,82507,1000,True,-1.3292657136917114
8571,81880,1000,True,-1.3176777362823486
8572,81904,1000,True,-1.3030309677124023
8573,82171,1000,True,-1.2819935083389282
8574,82428,1000,True,-1.2562748193740845
8575,82878,1000,True,-1.2276681661605835
8576,82661,1000,True,-1.1929657459259033
8577,81856,1000,True,-1.1496286392211914
8578,81521,1000,True,-1.0950809717178345
8579,83352,1000,True,-1.0278855562210083
8580,82271,1000,True,-0.9542962312698364
8581,82398,1000,True,-0.8665689826011658
8582,82587,1000,True,-0.7609890699386597
8583,81864,1000,True,-0.6263324022293091
8584,82220,1000,True,-0.4613550007343292
8585,81886,1000,True,-0.2747792899608612
8586,82173,1000,True,-0.08334271609783173
8587,82164,1000,True,0.09975647181272507
8588,82390,1000,True,0.27296188473701477
8589,82218,1000,True,0.4357767403125763
8590,30284098,1000,True,-0.24028226733207703
8591,86783,1000,True,-0.30693739652633667
8592,84242,1000,True,-0.3863624334335327
8593,83198,1000,True,-0.4736209511756897
8594,82901,1000,True,-0.5607803463935852
8595,83667,1000,True,-0.6450552940368652
8596,81859,1000,True,-0.7227338552474976
8597,82447,1000,True,-0.7925189733505249
8598,85028,1000,True,-0.8568748235702515
8599,82628,1000,True,-0.9114580750465393
8600,81285,1000,True,-0.9656143188476562
8601,81653,1000,True,-1.0166444778442383
8602,83228,1000,True,-1.0674688816070557
8603,81593,1000,True,-1.1145856380462646
8604,81250,1000,True,-1.1540170907974243
8605,81605,1000,True,-1.1885720491409302
8606,82266,1000,True,-1.2167845964431763
8607,82238,1000,True,-1.242681860923767
8608,82261,1000,True,-1.2677175998687744
8609,83524,1000,True,-1.2885178327560425
8610,82994,1000,True,-1.3059388399124146
8611,81579,1000,True,-1.3188451528549194
8612,82065,1000,True,-1.3303632736206055
8613,82081,1000,True,-1.340039610862732
8614,81946,1000,True,-1.3480418920516968
8615,82412,1000,True,-1.3517463207244873
8616,82387,1000,True,-1.3540152311325073
8617,82053,1000,True,-1.3519519567489624
8618,82553,1000,True,-1.345444679260254
8619,81985,1000,True,-1.3378039598464966
8620,84757,1000,True,-1.3292657136917114
8621,82583,1000,True,-1.3176777362823486
8622,82497,1000,True,-1.3030309677124023
8623,81662,1000,True,-1.2819935083389282
8624,82406,1000,True,-1.2562748193740845
8625,82511,1000,True,-1.2276681661605835
8626,82415,1000,True,-1.1929657459259033
8627,82465,1000,True,-1.1496286392211914
8628,82165,1000,True,-1.0950809717178345
8629,82317,1000,True,-1.0278855562210083
8630,83176,1000,True,-0.9542962312698364
8631,83587,1000,True,-0.8665689826011658
8632,81733,1000,True,-0.7609890699386597
8633,82234,1000,True,-0.6263324022293091
8634,82604,1000,True,-0.4613550007343292
8635,82355,1000,True,-0.2747792899608612
8636,83071,1000,True,-0.08334271609783173
8637,81865,1000,True,0.09975647181272507
8638,82323,1000,True,0.27296188473701477
8639,81905,1000,True,0.4357767403125763
8640,30321410,1000,True,-0.24028226733207703
8641,86303,1000,True,-0.30693739652633667
8642,83113,1000,True,-0.3863624334335327
8643,82547,1000,True,-0.4736209511756897
8644,82763,1000,True,-0.5607803463935852
8645,82243,1000,True,-0.6450552940368652
8646,81794,1000,True,-0.7227338552474976
8647,82114,1000,True,-0.7925189733505249
8648,82755,1000,True,-0.8568748235702515
8649,82021,1000,True,-0.9114580750465393
8650,83596,1000,True,-0.9656143188476562
8651,81855,1000,True,-1.0166444778442383
8652,81764,1000,True,-1.0674688816070557
8653,81224,1000,True,-1.1145856380462646
8654,81862,1000,True,-1.1540170907974243
8655,82268,1000,True,-1.1885720491409302
8656,82517,1000,True,-1.2167845964431763
8657,82354,1000,True,-1.242681860923767
8658,82321,1000,True,-1.2677175998687744
8659,81758,1000,True,-1.2885178327560425
8660,82044,1000,True,-1.3059388399124146
8661,83284,1000,True,-1.3188451528549194
8662,82319,1000,True,-1.3303632736206055
8663,82006,1000,True,-1.340039610862732
8664,83588,1000,True,-1.3480418920516968
8665,81863,1000,True,-1.3517463207244873
8666,83439,1000,True,-1.3540152311325073
8667,82065,1000,True,-1.3519519567489624
8668,82411,1000,True,-1.345444679260254
8669,82219,1000,True,-1.3378039598464966
8670,82551,1000,True,-1.3292657136917114
8671,82099,1000,True,-1.3176777362823486
8672,82133,1000,True,-1.3030309677124023
8673,82137,1000,True,-1.2819935083389282
8674,81686,1000,True,-1.2562748193740845
8675,81903,1000,True,-1.2276681661605835
8676,82434,1000,True,-1.1929657459259033
8677,81943,1000,True,-1.1496286392211914
8678,81885,1000,True,-1.0950809717178345
8679,81878,1000,True,-1.0278855562210083
8680,83220,1000,True,-0.9542962312698364
8681,82111,1000,True,-0.8665689826011658
8682,82810,1000,True,-0.7609890699386597
8683,82100,1000,True,-0.6263324022293091
8684,82238,1000,True,-0.4613550007343292
8685,81584,1000,True,-0.2747792899608612
8686,82261,1000,True,-0.08334271609783173
8687,81406,1000,True,0.09975647181272507
8688,82162,1000,True,0.27296188473701477
8689,82186,1000,True,0.4357767403125763
8690,30279461,1000,True,-0.24028226733207703
8691,86579,1000,True,-0.30693739652633667
8692,83350,1000,True,-0.3863624334335327
8693,81268,1000,True,-0.4736209511756897
8694,83006,1000,True,-0.5607803463935852
8695,82515,1000,True,-0.6450552940368652
8696,87422,1000,True,-0.7227338552474976
8697,82609,1000,True,-0.7925189733505249
8698,82499,1000,True,-0.8568748235702515
8699,82344,1000,True,-0.9114580750465393
8700,82584,1000,True,-0.9656143188476562
8701,82137,1000,True,-1.0166444778442383
8702,84173,1000,True,-1.0674688816070557
8703,81566,1000,True,-1.1145856380462646
8704,81320,1000,True,-1.1540170907974243
8705,81751,1000,True,-1.1885720491409302
8706,82396,1000,True,-1.2167845964431763
8707,81614,1000,True,-1.242681860923767
8708,81834,1000,True,-1.2677175998687744
8709,81807,1000,True,-1.2885178327560425
8710,81973,1000,True,-1.3059388399124146
8711,81384,1000,True,-1.3188451528549194
8712,82636,1000,True,-1.3303632736206055
8713,83985,1000,True,-1.340039610862732
8714,81990,1000,True,-1.3480418920516968
8715,82027,1000,True,-1.3517463207244873
8716,82564,1000,True,-1.3540152311325073
8717,81936,1000,True,-1.3519519567489624
8718,83845,1000,True,-1.345444679260254
8719,82089,1000,True,-1.3378039598464966
8720,82341,1000,True,-1.3292657136917114
8721,82058,1000,True,-1.3176777362823486
8722,82293,1000,True,-1.3030309677124023
8723,82046,1000,True,-1.2819935083389282
8724,84300,1000,True,-1.2562748193740845
8725,81162,1000,True,-1.2276681661605835
8726,82853,1000,True,-1.1929657459259033
8727,82070,1000,True,-1.1496286392211914
8728,82066,1000,True,-1.0950809717178345
8729,81783,1000,True,-1.0278855562210083
8730,82565,1000,True,-0.9542962312698364
8731,82131,1000,True,-0.8665689826011658
8732,81444,1000,True,-0.7609890699386597
8733,82076,1000,True,-0.6263324022293091
8734,82423,1000,True,-0.4613550007343292
8735,82097,1000,True,-0.2747792899608612
8736,82615,1000,True,-0.08334271609783173
8737,82088,1000,True,0.09975647181272507
8738,82780,1000,True,0.27296188473701477
8739,82913,1000,True,0.4357767403125763
8740,29981978,1000,True,-0.24028226733207703
8741,86891,1000,True,-0.30693739652633667
8742,85339,1000,True,-0.3863624334335327
8743,379293,1000,True,-0.4736209511756897
8744,82594,1000,True,-0.5607803463935852
8745,81984,1000,True,-0.6450552940368652
8746,82635,1000,True,-0.7227338552474976
8747,82278,1000,True,-0.7925189733505249
8748,82477,1000,True,-0.8568748235702515
8749,81343,1000,True,-0.9114580750465393
8750,81810,1000,True,-0.9656143188476562
8751,82129,1000,True,-1.0166444778442383
8752,82795,1000,True,-1.0674688816070557
8753,82437,1000,True,-1.1145856380462646
8754,84812,1000,True,-1.1540170907974243
8755,82280,1000,True,-1.1885720491409302
8756,82910,1000,True,-1.2167845964431763
8757,82370,1000,True,-1.242681860923767
8758,82605,1000,True,-1.2677175998687744
8759,81468,1000,True,-1.2885178327560425
8760,82570,1000,True,-1.3059388399124146
8761,81779,1000,True,-1.3188451528549194
8762,82512,1000,True,-1.3303632736206055
8763,82131,1000,True,-1.340039610862732
8764,82937,1000,True,-1.3480418920516968
8765,82992,1000,True,-1.3517463207244873
8766,82829,1000,True,-1.3540152311325073
8767,82569,1000,True,-1.3519519567489624
8768,83059,1000,True,-1.345444679260254
8769,82685,1000,True,-1.3378039598464966
8770,82325,1000,True,-1.3292657136917114
8771,86258,1000,True,-1.3176777362823486
8772,81904,1000,True,-1.3030309677124023
8773,82087,1000,True,-1.2819935083389282
8774,81812,1000,True,-1.2562748193740845
8775,81561,1000,True,-1.2276681661605835
8776,81854,1000,True,-1.1929657459259033
8777,81580,1000,True,-1.1496286392211914
8778,82508,1000,True,-1.0950809717178345
8779,81025,1000,True,-1.0278855562210083
8780,82815,1000,True,-0.9542962312698364
8781,81938,1000,True,-0.8665689826011658
8782,82119,1000,True,-0.7609890699386597
8783,81755,1000,True,-0.6263324022293091
8784,82535,1000,True,-0.4613550007343292
8785,81727,1000,True,-0.2747792899608612
8786,84739,1000,True,-0.08334271609783173
8787,81608,1000,True,0.09975647181272507
8788,82182,1000,True,0.27296188473701477
8789,81428,1000,True,0.4357767403125763
8790,30289256,1000,True,-0.24028226733207703
8791,87192,1000,True,-0.30693739652633667
8792,83450,1000,True,-0.3863624334335327
8793,82969,1000,True,-0.4736209511756897
8794,83043,1000,True,-0.5607803463935852
8795,82891,1000,True,-0.6450552940368652
8796,82657,1000,True,-0.7227338552474976
8797,81753,1000,True,-0.7925189733505249
8798,82652,1000,True,-0.8568748235702515
8799,81773,1000,True,-0.9114580750465393
8800,82156,1000,True,-0.9656143188476562
8801,80685,1000,True,-1.0166444778442383
8802,82680,1000,True,-1.0674688816070557
8803,82386,1000,True,-1.1145856380462646
8804,81446,1000,True,-1.1540170907974243
8805,81492,1000,True,-1.1885720491409302
8806,84303,1000,True,-1.2167845964431763
8807,80817,1000,True,-1.242681860923767
8808,82422,1000,True,-1.2677175998687744
8809,81108,1000,True,-1.2885178327560425
8810,82946,1000,True,-1.3059388399124146
8811,81821,1000,True,-1.3188451528549194
8812,81414,1000,True,-1.3303632736206055
8813,82134,1000,True,-1.340039610862732
8814,82284,1000,True,-1.3480418920516968
8815,81564,1000,True,-1.3517463207244873
8816,81948,1000,True,-1.3540152311325073
8817,84782,1000,True,-1.3519519567489624
8818,83103,1000,True,-1.345444679260254
8819,82625,1000,True,-1.3378039598464966
8820,82417,1000,True,-1.3292657136917114
8821,81997,1000,True,-1.3176777362823486
8822,82116,1000,True,-1.3030309677124023
8823,81717,1000,True,-1.2819935083389282
8824,82080,1000,True,-1.2562748193740845
8825,81399,1000,True,-1.2276681661605835
8826,83457,1000,True,-1.1929657459259033
8827,82431,1000,True,-1.1496286392211914
8828,82481,1000,True,-1.0950809717178345
8829,82519,1000,True,-1.0278855562210083
8830,82086,1000,True,-0.9542962312698364
8831,81618,1000,True,-0.8665689826011658
8832,81820,1000,True,-0.7609890699386597
8833,82014,1000,True,-0.6263324022293091
8834,82724,1000,True,-0.4613550007343292
8835,82034,1000,True,-0.2747792899608612
8836,82781,1000,True,-0.08334271609783173
8837,81942,1000,True,0.09975647181272507
8838,83392,1000,True,0.27296188473701477
8839,82813,1000,True,0.4357767403125763
8840,29944845,1000,True,-0.24028226733207703
8841,86373,1000,True,-0.30693739652633667
8842,83540,1000,True,-0.3863624334335327
8843,82972,1000,True,-0.4736209511756897
8844,82317,1000,True,-0.5607803463935852
8845,81569,1000,True,-0.6450552940368652
8846,82145,1000,True,-0.7227338552474976
8847,82258,1000,True,-0.7925189733505249
8848,82221,1000,True,-0.8568748235702515
8849,82042,1000,True,-0.9114580750465393
8850,81663,1000,True,-0.9656143188476562
8851,82234,1000,True,-1.0166444778442383
8852,82418,1000,True,-1.0674688816070557
8853,81252,1000,True,-1.1145856380462646
8854,81568,1000,True,-1.1540170907974243
8855,82203,1000,True,-1.1885720491409302
8856,82282,1000,True,-1.2167845964431763
8857,82370,1000,True,-1.242681860923767
8858,81992,1000,True,-1.2677175998687744
8859,81793,1000,True,-1.2885178327560425
8860,82059,1000,True,-1.3059388399124146
8861,81540,1000,True,-1.3188451528549194
8862,82295,1000,True,-1.3303632736206055
8863,81452,1000,True,-1.340039610862732
8864,82443,1000,True,-1.3480418920516968
8865,81322,1000,True,-1.3517463207244873
8866,81641,1000,True,-1.3540152311325073
8867,82186,1000,True,-1.3519519567489624
8868,82896,1000,True,-1.345444679260254
8869,81405,1000,True,-1.3378039598464966
8870,81330,1000,True,-1.3292657136917114
8871,81747,1000,True,-1.3176777362823486
8872,84508,1000,True,-1.3030309677124023
8873,81368,1000,True,-1.2819935083389282
8874,81866,1000,True,-1.2562748193740845
8875,101200,1000,True,-1.2276681661605835
8876,82905,1000,True,-1.1929657459259033
8877,81635,1000,True,-1.1496286392211914
8878,81979,1000,True,-1.0950809717178345
8879,81524,1000,True,-1.0278855562210083
8880,82473,1000,True,-0.9542962312698364
8881,81389,1000,True,-0.8665689826011658
8882,82657,1000,True,-0.7609890699386597
8883,84781,1000,True,-0.6263324022293091
8884,82842,1000,True,-0.4613550007343292
8885,82686,1000,True,-0.2747792899608612
8886,82760,1000,True,-0.08334271609783173
8887,82986,1000,True,0.09975647181272507
8888,82677,1000,True,0.27296188473701477
8889,385607,1000,True,0.4357767403125763
8890,29936598,1000,True,-0.24028226733207703
8891,85288,1000,True,-0.30693739652633667
8892,85727,1000,True,-0.3863624334335327
8893,81766,1000,True,-0.4736209511756897
8894,82688,1000,True,-0.5607803463935852
8895,81989,1000,True,-0.6450552940368652
8896,81296,1000,True,-0.7227338552474976
8897,81236,1000,True,-0.7925189733505249
8898,82473,1000,True,-0.8568748235702515
8899,81440,1000,True,-0.9114580750465393
8900,82227,1000,True,-0.9656143188476562
8901,81424,1000,True,-1.0166444778442383
8902,82372,1000,True,-1.0674688816070557
8903,84017,1000,True,-1.1145856380462646
8904,82133,1000,True,-1.1540170907974243
8905,81367,1000,True,-1.1885720491409302
8906,82287,1000,True,-1.2167845964431763
8907,81581,1000,True,-1.242681860923767
8908,82255,1000,True,-1.2677175998687744
8909,82301,1000,True,-1.2885178327560425
8910,82510,1000,True,-1.3059388399124146
8911,81919,1000,True,-1.3188451528549194
8912,82326,1000,True,-1.3303632736206055
8913,81969,1000,True,-1.340039610862732
8914,84762,1000,True,-1.3480418920516968
8915,82100,1000,True,-1.3517463207244873
8916,81875,1000,True,-1.3540152311325073
8917,81813,1000,True,-1.3519519567489624
8918,82385,1000,True,-1.345444679260254
8919,82697,1000,True,-1.3378039598464966
8920,81977,1000,True,-1.3292657136917114
8921,81575,1000,True,-1.3176777362823486
8922,82572,1000,True,-1.3030309677124023
8923,81068,1000,True,-1.2819935083389282
8924,82629,1000,True,-1.2562748193740845
8925,82779,1000,True,-1.2276681661605835
8926,81843,1000,True,-1.1929657459259033
8927,81938,1000,True,-1.1496286392211914
8928,81891,1000,True,-1.0950809717178345
8929,81312,1000,True,-1.0278855562210083
8930,82710,1000,True,-0.9542962312698364
8931,82128,1000,True,-0.8665689826011658
8932,82173,1000,True,-0.7609890699386597
8933,81550,1000,True,-0.6263324022293091
8934,82997,1000,True,-0.4613550007343292
8935,81810,1000,True,-0.2747792899608612
8936,84237,1000,True,-0.08334271609783173
8937,82056,1000,True,0.09975647181272507
8938,82692,1000,True,0.27296188473701477
8939,81150,1000,True,0.4357767403125763
8940,30232328,1000,True,-0.24028226733207703
8941,84908,1000,True,-0.30693739652633667
8942,83061,1000,True,-0.3863624334335327
8943,82655,1000,True,-0.4736209511756897
8944,82379,1000,True,-0.5607803463935852
8945,84577,1000,True,-0.6450552940368652
8946,82319,1000,True,-0.7227338552474976
8947,82824,1000,True,-0.7925189733505249
8948,82791,1000,True,-0.8568748235702515
8949,81299,1000,True,-0.9114580750465393
8950,82214,1000,True,-0.9656143188476562
8951,82219,1000,True,-1.0166444778442383
8952,82747,1000,True,-1.0674688816070557
8953,81239,1000,True,-1.1145856380462646
8954,81909,1000,True,-1.1540170907974243
8955,81717,1000,True,-1.1885720491409302
8956,82618,1000,True,-1.2167845964431763
8957,81104,1000,True,-1.242681860923767
8958,82160,1000,True,-1.2677175998687744
8959,81263,1000,True,-1.2885178327560425
8960,81519,1000,True,-1.3059388399124146
8961,81628,1000,True,-1.3188451528549194
8962,82316,1000,True,-1.3303632736206055
8963,82521,1000,True,-1.340039610862732
8964,82702,1000,True,-1.3480418920516968
8965,81712,1000,True,-1.3517463207244873
8966,84960,1000,True,-1.3540152311325073
8967,82611,1000,True,-1.3519519567489624
8968,82691,1000,True,-1.345444679260254
8969,81580,1000,True,-1.3378039598464966
8970,81900,1000,True,-1.3292657136917114
8971,82491,1000,True,-1.3176777362823486
8972,82403,1000,True,-1.3030309677124023
8973,82514,1000,True,-1.2819935083389282
8974,82104,1000,True,-1.2562748193740845
8975,82605,1000,True,-1.2276681661605835
8976,82403,1000,True,-1.1929657459259033
8977,83534,1000,True,-1.1496286392211914
8978,81564,1000,True,-1.0950809717178345
8979,81603,1000,True,-1.0278855562210083
8980,81387,1000,True,-0.9542962312698364
8981,81253,1000,True,-0.8665689826011658
8982,82289,1000,True,-0.7609890699386597
8983,81618,1000,True,-0.6263324022293091
8984,82319,1000,True,-0.4613550007343292
8985,81933,1000,True,-0.2747792899608612
8986,82347,1000,True,-0.08334271609783173
8987,81118,1000,True,0.09975647181272507
8988,82345,1000,True,0.27296188473701477
8989,82208,1000,True,0.4357767403125763
8990,30238687,1000,True,-0.24028226733207703
8991,86613,1000,True,-0.30693739652633667
8992,83799,1000,True,-0.3863624334335327
8993,82031,1000,True,-0.4736209511756897
8994,83222,1000,True,-0.5607803463935852
8995,82470,1000,True,-0.6450552940368652
8996,82943,1000,True,-0.7227338552474976
8997,85062,1000,True,-0.7925189733505249
8998,82103,1000,True,-0.8568748235702515
8999,82447,1000,True,-0.9114580750465393
9000,81830,1000,True,-0.9656143188476562
9001,81912,1000,True,-1.0166444778442383
9002,82233,1000,True,-1.0674688816070557
9003,81482,1000,True,-1.1145856380462646
9004,81870,1000,True,-1.1540170907974243
9005,81249,1000,True,-1.1885720491409302
9006,82116,1000,True,-1.2167845964431763
9007,81387,1000,True,-1.242681860923767
9008,84813,1000,True,-1.2677175998687744
9009,82424,1000,True,-1.2885178327560425
9010,82861,1000,True,-1.3059388399124146
9011,81826,1000,True,-1.3188451528549194
9012,81823,1000,True,-1.3303632736206055
9013,82434,1000,True,-1.340039610862732
9014,83019,1000,True,-1.3480418920516968
9015,81571,1000,True,-1.3517463207244873
9016,82086,1000,True,-1.3540152311325073
9017,82187,1000,True,-1.3519519567489624
9018,81917,1000,True,-1.345444679260254
9019,83515,1000,True,-1.3378039598464966
9020,81704,1000,True,-1.3292657136917114
9021,81353,1000,True,-1.3176777362823486
9022,81479,1000,True,-1.3030309677124023
9023,81316,1000,True,-1.2819935083389282
9024,82181,1000,True,-1.2562748193740845
9025,81712,1000,True,-1.2276681661605835
9026,82409,1000,True,-1.1929657459259033
9027,82062,1000,True,-1.1496286392211914
9028,82291,1000,True,-1.0950809717178345
9029,81680,1000,True,-1.0278855562210083
9030,85219,1000,True,-0.9542962312698364
9031,81868,1000,True,-0.8665689826011658
9032,81545,1000,True,-0.7609890699386597
9033,82839,1000,True,-0.6263324022293091
9034,82403,1000,True,-0.4613550007343292
9035,82060,1000,True,-0.2747792899608612
9036,82350,1000,True,-0.08334271609783173
9037,82095,1000,True,0.09975647181272507
9038,82326,1000,True,0.27296188473701477
9039,81763,1000,True,0.4357767403125763
9040,30226131,1000,True,-0.24028226733207703
9041,85493,1000,True,-0.30693739652633667
9042,83070,1000,True,-0.3863624334335327
9043,82306,1000,True,-0.4736209511756897
9044,82678,1000,True,-0.5607803463935852
9045,82057,1000,True,-0.6450552940368652
9046,82595,1000,True,-0.7227338552474976
9047,82357,1000,True,-0.7925189733505249
9048,82371,1000,True,-0.8568748235702515
9049,82144,1000,True,-0.9114580750465393
9050,85469,1000,True,-0.9656143188476562
9051,81921,1000,True,-1.0166444778442383
9052,82319,1000,True,-1.0674688816070557
9053,82309,1000,True,-1.1145856380462646
9054,82535,1000,True,-1.1540170907974243
9055,82122,1000,True,-1.1885720491409302
9056,82010,1000,True,-1.2167845964431763
9057,81479,1000,True,-1.242681860923767
9058,83332,1000,True,-1.2677175998687744
9059,81844,1000,True,-1.2885178327560425
9060,82494,1000,True,-1.3059388399124146
9061,84048,1000,True,-1.3188451528549194
9062,82433,1000,True,-1.3303632736206055
9063,82709,1000,True,-1.340039610862732
9064,82081,1000,True,-1.3480418920516968
9065,82322,1000,True,-1.3517463207244873
9066,81924,1000,True,-1.3540152311325073
9067,82327,1000,True,-1.3519519567489624
9068,82330,1000,True,-1.345444679260254
9069,81553,1000,True,-1.3378039598464966
9070,82347,1000,True,-1.3292657136917114
9071,81795,1000,True,-1.3176777362823486
9072,85036,1000,True,-1.3030309677124023
9073,82581,1000,True,-1.2819935083389282
9074,82220,1000,True,-1.2562748193740845
9075,81976,1000,True,-1.2276681661605835
9076,83296,1000,True,-1.1929657459259033
9077,82610,1000,True,-1.1496286392211914
9078,82073,1000,True,-1.0950809717178345
9079,81758,1000,True,-1.0278855562210083
9080,82375,1000,True,-0.9542962312698364
9081,81181,1000,True,-0.8665689826011658
9082,82081,1000,True,-0.7609890699386597
9083,81570,1000,True,-0.6263324022293091
9084,82444,1000,True,-0.4613550007343292
9085,81331,1000,True,-0.2747792899608612
9086,82858,1000,True,-0.08334271609783173
9087,81893,1000,True,0.09975647181272507
9088,82196,1000,True,0.27296188473701477
9089,81195,1000,True,0.4357767403125763
9090,30241397,1000,True,-0.24028226733207703
9091,86450,1000,True,-0.30693739652633667
9092,84128,1000,True,-0.3863624334335327
9093,83270,1000,True,-0.4736209511756897
9094,82959,1000,True,-0.5607803463935852
9095,82078,1000,True,-0.6450552940368652
9096,80955,1000,True,-0.7227338552474976
9097,81695,1000,True,-0.7925189733505249
9098,82004,1000,True,-0.8568748235702515
9099,81502,1000,True,-0.9114580750465393
9100,82119,1000,True,-0.9656143188476562
9101,82480,1000,True,-1.0166444778442383
9102,83718,1000,True,-1.0674688816070557
9103,81527,1000,True,-1.1145856380462646
9104,81696,1000,True,-1.1540170907974243
9105,81362,1000,True,-1.1885720491409302
9106,81730,1000,True,-1.2167845964431763
9107,81806,1000,True,-1.242681860923767
9108,81389,1000,True,-1.2677175998687744
9109,81012,1000,True,-1.2885178327560425
9110,81608,1000,True,-1.3059388399124146
9111,81972,1000,True,-1.3188451528549194
9112,81697,1000,True,-1.3303632736206055
9113,83601,1000,True,-1.340039610862732
9114,82316,1000,True,-1.3480418920516968
9115,81637,1000,True,-1.3517463207244873
9116,81745,1000,True,-1.3540152311325073
9117,81551,1000,True,-1.3519519567489624
9118,81450,1000,True,-1.345444679260254
9119,81653,1000,True,-1.3378039598464966
9120,82224,1000,True,-1.3292657136917114
9121,82160,1000,True,-1.3176777362823486
9122,82500,1000,True,-1.3030309677124023
9123,81669,1000,True,-1.2819935083389282
9124,81948,1000,True,-1.2562748193740845
9125,81640,1000,True,-1.2276681661605835
9126,82380,1000,True,-1.1929657459259033
9127,81654,1000,True,-1.1496286392211914
9128,81223,1000,True,-1.0950809717178345
9129,82485,1000,True,-1.0278855562210083
9130,82301,1000,True,-0.9542962312698364
9131,81454,1000,True,-0.8665689826011658
9132,81696,1000,True,-0.7609890699386597
9133,81781,1000,True,-0.6263324022293091
9134,82362,1000,True,-0.4613550007343292
9135,84239,1000,True,-0.2747792899608612
9136,82152,1000,True,-0.08334271609783173
9137,82101,1000,True,0.09975647181272507
9138,81898,1000,True,0.27296188473701477
9139,82319,1000,True,0.4357767403125763
9140,30233606,1000,True,-0.24028226733207703
9141,87640,1000,True,-0.30693739652633667
9142,83169,1000,True,-0.3863624334335327
9143,82416,1000,True,-0.4736209511756897
9144,84372,1000,True,-0.5607803463935852
9145,83554,1000,True,-0.6450552940368652
9146,82213,1000,True,-0.7227338552474976
9147,82508,1000,True,-0.7925189733505249
9148,81945,1000,True,-0.8568748235702515
9149,82196,1000,True,-0.9114580750465393
9150,82099,1000,True,-0.9656143188476562
9151,82182,1000,True,-1.0166444778442383
9152,82681,1000,True,-1.0674688816070557
9153,81565,1000,True,-1.1145856380462646
9154,82147,1000,True,-1.1540170907974243
9155,84551,1000,True,-1.1885720491409302
9156,83031,1000,True,-1.2167845964431763
9157,81243,1000,True,-1.242681860923767
9158,82522,1000,True,-1.2677175998687744
9159,81508,1000,True,-1.2885178327560425
9160,82190,1000,True,-1.3059388399124146
9161,81348,1000,True,-1.3188451528549194
9162,82259,1000,True,-1.3303632736206055
9163,81741,1000,True,-1.340039610862732
9164,82890,1000,True,-1.3480418920516968
9165,82217,1000,True,-1.3517463207244873
9166,83381,1000,True,-1.3540152311325073
9167,82238,1000,True,-1.3519519567489624
9168,82061,1000,True,-1.345444679260254
9169,81882,1000,True,-1.3378039598464966
9170,82117,1000,True,-1.3292657136917114
9171,81563,1000,True,-1.3176777362823486
9172,82579,1000,True,-1.3030309677124023
9173,81448,1000,True,-1.2819935083389282
9174,82298,1000,True,-1.2562748193740845
9175,81582,1000,True,-1.2276681661605835
9176,81736,1000,True,-1.1929657459259033
9177,83042,1000,True,-1.1496286392211914
9178,81670,1000,True,-1.0950809717178345
9179,82528,1000,True,-1.0278855562210083
9180,81503,1000,True,-0.9542962312698364
9181,82047,1000,True,-0.8665689826011658
9182,82126,1000,True,-0.7609890699386597
9183,81634,1000,True,-0.6263324022293091
9184,82720,1000,True,-0.4613550007343292
9185,80855,1000,True,-0.2747792899608612
9186,83050,1000,True,-0.08334271609783173
9187,82304,1000,True,0.09975647181272507
9188,84177,1000,True,0.27296188473701477
9189,81148,1000,True,0.4357767403125763
9190,29916581,1000,True,-0.24028226733207703
9191,85275,1000,True,-0.30693739652633667
9192,82858,1000,True,-0.3863624334335327
9193,82187,1000,True,-0.4736209511756897
9194,82726,1000,True,-0.5607803463935852
9195,82156,1000,True,-0.6450552940368652
9196,81759,1000,True,-0.7227338552474976
9197,82616,1000,True,-0.7925189733505249
9198,82283,1000,True,-0.8568748235702515
9199,81804,1000,True,-0.9114580750465393
9200,84472,1000,True,-0.9656143188476562
9201,81523,1000,True,-1.0166444778442383
9202,82360,1000,True,-1.0674688816070557
9203,82545,1000,True,-1.1145856380462646
9204,81688,1000,True,-1.1540170907974243
9205,81169,1000,True,-1.1885720491409302
9206,82989,1000,True,-1.2167845964431763
9207,82140,1000,True,-1.242681860923767
9208,82180,1000,True,-1.2677175998687744
9209,81689,1000,True,-1.2885178327560425
9210,81910,1000,True,-1.3059388399124146
9211,84660,1000,True,-1.3188451528549194
9212,99411,1000,True,-1.3303632736206055
9213,81793,1000,True,-1.340039610862732
9214,82400,1000,True,-1.3480418920516968
9215,81748,1000,True,-1.3517463207244873
9216,82449,1000,True,-1.3540152311325073
9217,82373,1000,True,-1.3519519567489624
9218,82310,1000,True,-1.345444679260254
9219,81584,1000,True,-1.3378039598464966
9220,84405,1000,True,-1.3292657136917114
9221,82447,1000,True,-1.3176777362823486
9222,86245,1000,True,-1.3030309677124023
9223,82801,1000,True,-1.2819935083389282
9224,83084,1000,True,-1.2562748193740845
9225,82837,1000,True,-1.2276681661605835
9226,375706,1000,True,-1.1929657459259033
9227,80689,1000,True,-1.1496286392211914
9228,81887,1000,True,-1.0950809717178345
9229,82474,1000,True,-1.0278855562210083
9230,82686,1000,True,-0.9542962312698364
9231,81258,1000,True,-0.8665689826011658
9232,82204,1000,True,-0.7609890699386597
9233,82395,1000,True,-0.6263324022293091
9234,81324,1000,True,-0.4613550007343292
9235,81610,1000,True,-0.2747792899608612
9236,81588,1000,True,-0.08334271609783173
9237,81185,1000,True,0.09975647181272507
9238,81586,1000,True,0.27296188473701477
9239,82311,1000,True,0.4357767403125763
9240,29915413,1000,True,-0.24028226733207703
9241,85182,1000,True,-0.30693739652633667
9242,85075,1000,True,-0.3863624334335327
9243,82343,1000,True,-0.4736209511756897
9244,82073,1000,True,-0.5607803463935852
9245,81045,1000,True,-0.6450552940368652
9246,82482,1000,True,-0.7227338552474976
9247,81984,1000,True,-0.7925189733505249
9248,82163,1000,True,-0.8568748235702515
9249,81261,1000,True,-0.9114580750465393
9250,82724,1000,True,-0.9656143188476562
9251,82303,1000,True,-1.0166444778442383
9252,81487,1000,True,-1.0674688816070557
9253,84174,1000,True,-1.1145856380462646
9254,81913,1000,True,-1.1540170907974243
9255,82034,1000,True,-1.1885720491409302
9256,82031,1000,True,-1.2167845964431763
9257,82670,1000,True,-1.242681860923767
9258,82066,1000,True,-1.2677175998687744
9259,81283,1000,True,-1.2885178327560425
9260,82098,1000,True,-1.3059388399124146
9261,81151,1000,True,-1.3188451528549194
9262,82027,1000,True,-1.3303632736206055
9263,81448,1000,True,-1.340039610862732
9264,83778,1000,True,-1.3480418920516968
9265,81363,1000,True,-1.3517463207244873
9266,82128,1000,True,-1.3540152311325073
9267,82247,1000,True,-1.3519519567489624
9268,82783,1000,True,-1.345444679260254
9269,81793,1000,True,-1.3378039598464966
9270,81631,1000,True,-1.3292657136917114
9271,82143,1000,True,-1.3176777362823486
9272,82196,1000,True,-1.3030309677124023
9273,81272,1000,True,-1.2819935083389282
9274,81602,1000,True,-1.2562748193740845
9275,84791,1000,True,-1.2276681661605835
9276,82578,1000,True,-1.1929657459259033
9277,81983,1000,True,-1.1496286392211914
9278,81281,1000,True,-1.0950809717178345
9279,81300,1000,True,-1.0278855562210083
9280,82015,1000,True,-0.9542962312698364
9281,80967,1000,True,-0.8665689826011658
9282,81707,1000,True,-0.7609890699386597
9283,81198,1000,True,-0.6263324022293091
9284,82228,1000,True,-0.4613550007343292
9285,81704,1000,True,-0.2747792899608612
9286,83024,1000,True,-0.08334271609783173
9287,81743,1000,True,0.09975647181272507
9288,81991,1000,True,0.27296188473701477
9289,81208,1000,True,0.4357767403125763
9290,30707958,1000,True,-0.24028226733207703
9291,85727,1000,True,-0.30693739652633667
9292,83018,1000,True,-0.3863624334335327
9293,81449,1000,True,-0.4736209511756897
9294,83506,1000,True,-0.5607803463935852
9295,82176,1000,True,-0.6450552940368652
9296,81722,1000,True,-0.7227338552474976
9297,81746,1000,True,-0.7925189733505249
9298,82233,1000,True,-0.8568748235702515
9299,81796,1000,True,-0.9114580750465393
9300,81579,1000,True,-0.9656143188476562
9301,81796,1000,True,-1.0166444778442383
9302,82317,1000,True,-1.0674688816070557
9303,82145,1000,True,-1.1145856380462646
9304,81354,1000,True,-1.1540170907974243
9305,81393,1000,True,-1.1885720491409302
9306,82706,1000,True,-1.2167845964431763
9307,81249,1000,True,-1.242681860923767
9308,81153,1000,True,-1.2677175998687744
9309,82126,1000,True,-1.2885178327560425
9310,81636,1000,True,-1.3059388399124146
9311,82839,1000,True,-1.3188451528549194
9312,81990,1000,True,-1.3303632736206055
9313,82041,1000,True,-1.340039610862732
9314,82248,1000,True,-1.3480418920516968
9315,82042,1000,True,-1.3517463207244873
9316,81526,1000,True,-1.3540152311325073
9317,82158,1000,True,-1.3519519567489624
9318,82398,1000,True,-1.345444679260254
9319,81976,1000,True,-1.3378039598464966
9320,82714,1000,True,-1.3292657136917114
9321,81068,1000,True,-1.3176777362823486
9322,84648,1000,True,-1.3030309677124023
9323,81584,1000,True,-1.2819935083389282
9324,82594,1000,True,-1.2562748193740845
9325,81531,1000,True,-1.2276681661605835
9326,82464,1000,True,-1.1929657459259033
9327,81686,1000,True,-1.1496286392211914
9328,81387,1000,True,-1.0950809717178345
9329,81957,1000,True,-1.0278855562210083
9330,81985,1000,True,-0.9542962312698364
9331,82779,1000,True,-0.8665689826011658
9332,83004,1000,True,-0.7609890699386597
9333,82333,1000,True,-0.6263324022293091
9334,82779,1000,True,-0.4613550007343292
9335,80977,1000,True,-0.2747792899608612
9336,81295,1000,True,-0.08334271609783173
9337,81491,1000,True,0.09975647181272507
9338,81787,1000,True,0.27296188473701477
9339,81530,1000,True,0.4357767403125763
9340,30229647,1000,True,-0.24028226733207703
9341,85640,1000,True,-0.30693739652633667
9342,84216,1000,True,-0.3863624334335327
9343,82463,1000,True,-0.4736209511756897
9344,82710,1000,True,-0.5607803463935852
9345,82191,1000,True,-0.6450552940368652
9346,82773,1000,True,-0.7227338552474976
9347,82174,1000,True,-0.7925189733505249
9348,81594,1000,True,-0.8568748235702515
9349,81179,1000,True,-0.9114580750465393
9350,82752,1000,True,-0.9656143188476562
9351,82589,1000,True,-1.0166444778442383
9352,82447,1000,True,-1.0674688816070557
9353,84324,1000,True,-1.1145856380462646
9354,82862,1000,True,-1.1540170907974243
9355,81291,1000,True,-1.1885720491409302
9356,82172,1000,True,-1.2167845964431763
9357,81617,1000,True,-1.242681860923767
9358,82546,1000,True,-1.2677175998687744
9359,81852,1000,True,-1.2885178327560425
9360,82524,1000,True,-1.3059388399124146
9361,81909,1000,True,-1.3188451528549194
9362,81909,1000,True,-1.3303632736206055
9363,82068,1000,True,-1.340039610862732
9364,84521,1000,True,-1.3480418920516968
9365,81088,1000,True,-1.3517463207244873
9366,81525,1000,True,-1.3540152311325073
9367,82517,1000,True,-1.3519519567489624
9368,81868,1000,True,-1.345444679260254
9369,81145,1000,True,-1.3378039598464966
9370,83087,1000,True,-1.3292657136917114
9371,82171,1000,True,-1.3176777362823486
9372,83077,1000,True,-1.3030309677124023
9373,81380,1000,True,-1.2819935083389282
9374,82114,1000,True,-1.2562748193740845
9375,83531,1000,True,-1.2276681661605835
9376,82414,1000,True,-1.1929657459259033
9377,81559,1000,True,-1.1496286392211914
9378,81582,1000,True,-1.0950809717178345
9379,81702,1000,True,-1.0278855562210083
9380,81765,1000,True,-0.9542962312698364
9381,81900,1000,True,-0.8665689826011658
9382,82364,1000,True,-0.7609890699386597
9383,82350,1000,True,-0.6263324022293091
9384,82547,1000,True,-0.4613550007343292
9385,81271,1000,True,-0.2747792899608612
9386,84670,1000,True,-0.08334271609783173
9387,81355,1000,True,0.09975647181272507
9388,81592,1000,True,0.27296188473701477
9389,81476,1000,True,0.4357767403125763
9390,30227214,1000,True,-0.24028226733207703
9391,85235,1000,True,-0.30693739652633667
9392,83388,1000,True,-0.3863624334335327
9393,81934,1000,True,-0.4736209511756897
9394,83838,1000,True,-0.5607803463935852
9395,82133,1000,True,-0.6450552940368652
9396,82486,1000,True,-0.7227338552474976
9397,81704,1000,True,-0.7925189733505249
9398,82209,1000,True,-0.8568748235702515
9399,82186,1000,True,-0.9114580750465393
9400,82984,1000,True,-0.9656143188476562
9401,81913,1000,True,-1.0166444778442383
9402,82669,1000,True,-1.0674688816070557
9403,81952,1000,True,-1.1145856380462646
9404,82495,1000,True,-1.1540170907974243
9405,81640,1000,True,-1.1885720491409302
9406,83502,1000,True,-1.2167845964431763
9407,82463,1000,True,-1.242681860923767
9408,82385,1000,True,-1.2677175998687744
9409,81574,1000,True,-1.2885178327560425
9410,82230,1000,True,-1.3059388399124146
9411,81661,1000,True,-1.3188451528549194
9412,81985,1000,True,-1.3303632736206055
9413,81377,1000,True,-1.340039610862732
9414,83316,1000,True,-1.3480418920516968
9415,82296,1000,True,-1.3517463207244873
9416,82482,1000,True,-1.3540152311325073
9417,83799,1000,True,-1.3519519567489624
9418,83025,1000,True,-1.345444679260254
9419,82142,1000,True,-1.3378039598464966
9420,82172,1000,True,-1.3292657136917114
9421,81195,1000,True,-1.3176777362823486
9422,82814,1000,True,-1.3030309677124023
9423,81499,1000,True,-1.2819935083389282
9424,82157,1000,True,-1.2562748193740845
9425,81605,1000,True,-1.2276681661605835
9426,83105,1000,True,-1.1929657459259033
9427,82487,1000,True,-1.1496286392211914
9428,85327,1000,True,-1.0950809717178345
9429,82378,1000,True,-1.0278855562210083
9430,82553,1000,True,-0.9542962312698364
9431,81378,1000,True,-0.8665689826011658
9432,81835,1000,True,-0.7609890699386597
9433,82232,1000,True,-0.6263324022293091
9434,82987,1000,True,-0.4613550007343292
9435,82117,1000,True,-0.2747792899608612
9436,82126,1000,True,-0.08334271609783173
9437,81888,1000,True,0.09975647181272507
9438,83129,1000,True,0.27296188473701477
9439,82772,1000,True,0.4357767403125763
9440,30287179,1000,True,-0.24028226733207703
9441,85882,1000,True,-0.30693739652633667
9442,84213,1000,True,-0.3863624334335327
9443,82616,1000,True,-0.4736209511756897
9444,83073,1000,True,-0.5607803463935852
9445,82133,1000,True,-0.6450552940368652
9446,82753,1000,True,-0.7227338552474976
9447,85318,1000,True,-0.7925189733505249
9448,82670,1000,True,-0.8568748235702515
9449,82176,1000,True,-0.9114580750465393
9450,83230,1000,True,-0.9656143188476562
9451,82677,1000,True,-1.0166444778442383
9452,82868,1000,True,-1.0674688816070557
9453,81874,1000,True,-1.1145856380462646
9454,82439,1000,True,-1.1540170907974243
9455,81842,1000,True,-1.1885720491409302
9456,82714,1000,True,-1.2167845964431763
9457,82831,1000,True,-1.242681860923767
9458,84098,1000,True,-1.2677175998687744
9459,82452,1000,True,-1.2885178327560425
9460,82316,1000,True,-1.3059388399124146
9461,81937,1000,True,-1.3188451528549194
9462,82404,1000,True,-1.3303632736206055
9463,81269,1000,True,-1.340039610862732
9464,82556,1000,True,-1.3480418920516968
9465,82194,1000,True,-1.3517463207244873
9466,82540,1000,True,-1.3540152311325073
9467,81923,1000,True,-1.3519519567489624
9468,82748,1000,True,-1.345444679260254
9469,84625,1000,True,-1.3378039598464966
9470,83369,1000,True,-1.3292657136917114
9471,83306,1000,True,-1.3176777362823486
9472,82956,1000,True,-1.3030309677124023
9473,81750,1000,True,-1.2819935083389282
9474,82652,1000,True,-1.2562748193740845
9475,82923,1000,True,-1.2276681661605835
9476,83296,1000,True,-1.1929657459259033
9477,82654,1000,True,-1.1496286392211914
9478,82294,1000,True,-1.0950809717178345
9479,82290,1000,True,-1.0278855562210083
9480,82135,1000,True,-0.9542962312698364
9481,82346,1000,True,-0.8665689826011658
9482,82094,1000,True,-0.7609890699386597
9483,81885,1000,True,-0.6263324022293091
9484,82350,1000,True,-0.4613550007343292
9485,82177,1000,True,-0.2747792899608612
9486,82741,1000,True,-0.08334271609783173
9487,81966,1000,True,0.09975647181272507
9488,82799,1000,True,0.27296188473701477
9489,82681,1000,True,0.4357767403125763
9490,30262617,1000,True,-0.24028226733207703
9491,85328,1000,True,-0.30693739652633667
9492,82977,1000,True,-0.3863624334335327
9493,82703,1000,True,-0.4736209511756897
9494,82642,1000,True,-0.5607803463935852
9495,82322,1000,True,-0.6450552940368652
9496,83024,1000,True,-0.7227338552474976
9497,81752,1000,True,-0.7925189733505249
9498,82256,1000,True,-0.8568748235702515
9499,84278,1000,True,-0.9114580750465393
9500,82355,1000,True,-0.9656143188476562
9501,82762,1000,True,-1.0166444778442383
9502,82309,1000,True,-1.0674688816070557
9503,81854,1000,True,-1.1145856380462646
9504,81734,1000,True,-1.1540170907974243
9505,81856,1000,True,-1.1885720491409302
9506,82826,1000,True,-1.2167845964431763
9507,81583,1000,True,-1.242681860923767
9508,82346,1000,True,-1.2677175998687744
9509,82088,1000,True,-1.2885178327560425
9510,85149,1000,True,-1.3059388399124146
9511,82128,1000,True,-1.3188451528549194
9512,82228,1000,True,-1.3303632736206055
9513,82266,1000,True,-1.340039610862732
9514,83225,1000,True,-1.3480418920516968
9515,81924,1000,True,-1.3517463207244873
9516,81919,1000,True,-1.3540152311325073
9517,81607,1000,True,-1.3519519567489624
9518,83312,1000,True,-1.345444679260254
9519,82622,1000,True,-1.3378039598464966
9520,82388,1000,True,-1.3292657136917114
9521,81853,1000,True,-1.3176777362823486
9522,83769,1000,True,-1.3030309677124023
9523,82747,1000,True,-1.2819935083389282
9524,81900,1000,True,-1.2562748193740845
9525,82480,1000,True,-1.2276681661605835
9526,82708,1000,True,-1.1929657459259033
9527,82488,1000,True,-1.1496286392211914
9528,82550,1000,True,-1.0950809717178345
9529,81665,1000,True,-1.0278855562210083
9530,82788,1000,True,-0.9542962312698364
9531,82550,1000,True,-0.8665689826011658
9532,83311,1000,True,-0.7609890699386597
9533,81497,1000,True,-0.6263324022293091
9534,82642,1000,True,-0.4613550007343292
9535,81840,1000,True,-0.2747792899608612
9536,82295,1000,True,-0.08334271609783173
9537,82258,1000,True,0.09975647181272507
9538,82566,1000,True,0.27296188473701477
9539,82527,1000,True,0.4357767403125763
9540,30002515,1000,True,-0.24028226733207703
9541,86919,1000,True,-0.30693739652633667
9542,82998,1000,True,-0.3863624334335327
9543,84157,1000,True,-0.4736209511756897
9544,82799,1000,True,-0.5607803463935852
9545,81308,1000,True,-0.6450552940368652
9546,83250,1000,True,-0.7227338552474976
9547,82756,1000,True,-0.7925189733505249
9548,82807,1000,True,-0.8568748235702515
9549,82844,1000,True,-0.9114580750465393
9550,82647,1000,True,-0.9656143188476562
9551,82358,1000,True,-1.0166444778442383
9552,82859,1000,True,-1.0674688816070557
9553,82862,1000,True,-1.1145856380462646
9554,377624,1000,True,-1.1540170907974243
9555,81950,1000,True,-1.1885720491409302
9556,82778,1000,True,-1.2167845964431763
9557,81622,1000,True,-1.242681860923767
9558,82335,1000,True,-1.2677175998687744
9559,81544,1000,True,-1.2885178327560425
9560,82144,1000,True,-1.3059388399124146
9561,81891,1000,True,-1.3188451528549194
9562,84509,1000,True,-1.3303632736206055
9563,82346,1000,True,-1.340039610862732
9564,82395,1000,True,-1.3480418920516968
9565,82146,1000,True,-1.3517463207244873
9566,82252,1000,True,-1.3540152311325073
9567,81522,1000,True,-1.3519519567489624
9568,82308,1000,True,-1.345444679260254
9569,82192,1000,True,-1.3378039598464966
9570,82229,1000,True,-1.3292657136917114
9571,82052,1000,True,-1.3176777362823486
9572,82988,1000,True,-1.3030309677124023
9573,84155,1000,True,-1.2819935083389282
9574,82737,1000,True,-1.2562748193740845
9575,82058,1000,True,-1.2276681661605835
9576,82458,1000,True,-1.1929657459259033
9577,82479,1000,True,-1.1496286392211914
9578,82386,1000,True,-1.0950809717178345
9579,82476,1000,True,-1.0278855562210083
9580,82567,1000,True,-0.9542962312698364
9581,81910,1000,True,-0.8665689826011658
9582,82780,1000,True,-0.7609890699386597
9583,85398,1000,True,-0.6263324022293091
9584,82368,1000,True,-0.4613550007343292
9585,82501,1000,True,-0.2747792899608612
9586,83025,1000,True,-0.08334271609783173
9587,81535,1000,True,0.09975647181272507
9588,82424,1000,True,0.27296188473701477
9589,82269,1000,True,0.4357767403125763
9590,29993911,1000,True,-0.24028226733207703
9591,87576,1000,True,-0.30693739652633667
9592,83764,1000,True,-0.3863624334335327
9593,82781,1000,True,-0.4736209511756897
9594,83382,1000,True,-0.5607803463935852
9595,82928,1000,True,-0.6450552940368652
9596,82522,1000,True,-0.7227338552474976
9597,82141,1000,True,-0.7925189733505249
9598,83215,1000,True,-0.8568748235702515
9599,82911,1000,True,-0.9114580750465393
9600,82141,1000,True,-0.9656143188476562
9601,81841,1000,True,-1.0166444778442383
9602,82761,1000,True,-1.0674688816070557
9603,82130,1000,True,-1.1145856380462646
9604,81784,1000,True,-1.1540170907974243
9605,82100,1000,True,-1.1885720491409302
9606,84316,1000,True,-1.2167845964431763
9607,82678,1000,True,-1.242681860923767
9608,82311,1000,True,-1.2677175998687744
9609,82041,1000,True,-1.2885178327560425
9610,82282,1000,True,-1.3059388399124146
9611,81705,1000,True,-1.3188451528549194
9612,82062,1000,True,-1.3303632736206055
9613,81914,1000,True,-1.340039610862732
9614,82662,1000,True,-1.3480418920516968
9615,83204,1000,True,-1.3517463207244873
9616,83509,1000,True,-1.3540152311325073
9617,84664,1000,True,-1.3519519567489624
9618,82798,1000,True,-1.345444679260254
9619,82924,1000,True,-1.3378039598464966
9620,82105,1000,True,-1.3292657136917114
9621,82387,1000,True,-1.3176777362823486
9622,83138,1000,True,-1.3030309677124023
9623,82006,1000,True,-1.2819935083389282
9624,82219,1000,True,-1.2562748193740845
9625,82539,1000,True,-1.2276681661605835
9626,83245,1000,True,-1.1929657459259033
9627,82893,1000,True,-1.1496286392211914
9628,82931,1000,True,-1.0950809717178345
9629,81619,1000,True,-1.0278855562210083
9630,82499,1000,True,-0.9542962312698364
9631,82683,1000,True,-0.8665689826011658
9632,82850,1000,True,-0.7609890699386597
9633,81512,1000,True,-0.6263324022293091
9634,82840,1000,True,-0.4613550007343292
9635,82158,1000,True,-0.2747792899608612
9636,82404,1000,True,-0.08334271609783173
9637,82027,1000,True,0.09975647181272507
9638,84974,1000,True,0.27296188473701477
9639,82376,1000,True,0.4357767403125763
9640,30305003,1000,True,-0.24028226733207703
9641,86158,1000,True,-0.30693739652633667
9642,82956,1000,True,-0.3863624334335327
9643,82379,1000,True,-0.4736209511756897
9644,83095,1000,True,-0.5607803463935852
9645,81929,1000,True,-0.6450552940368652
9646,82261,1000,True,-0.7227338552474976
9647,84688,1000,True,-0.7925189733505249
9648,82295,1000,True,-0.8568748235702515
9649,81816,1000,True,-0.9114580750465393
9650,82870,1000,True,-0.9656143188476562
9651,83345,1000,True,-1.0166444778442383
9652,81883,1000,True,-1.0674688816070557
9653,81725,1000,True,-1.1145856380462646
9654,83294,1000,True,-1.1540170907974243
9655,82708,1000,True,-1.1885720491409302
9656,82272,1000,True,-1.2167845964431763
9657,82020,1000,True,-1.242681860923767
9658,82876,1000,True,-1.2677175998687744
9659,82488,1000,True,-1.2885178327560425
9660,82098,1000,True,-1.3059388399124146
9661,81852,1000,True,-1.3188451528549194
9662,82706,1000,True,-1.3303632736206055
9663,82050,1000,True,-1.340039610862732
9664,82859,1000,True,-1.3480418920516968
9665,82067,1000,True,-1.3517463207244873
9666,82535,1000,True,-1.3540152311325073
9667,81620,1000,True,-1.3519519567489624
9668,84050,1000,True,-1.345444679260254
9669,82114,1000,True,-1.3378039598464966
9670,82340,1000,True,-1.3292657136917114
9671,81901,1000,True,-1.3176777362823486
9672,82008,1000,True,-1.3030309677124023
9673,81977,1000,True,-1.2819935083389282
9674,82770,1000,True,-1.2562748193740845
9675,81916,1000,True,-1.2276681661605835
9676,81974,1000,True,-1.1929657459259033
9677,81835,1000,True,-1.1496286392211914
9678,82125,1000,True,-1.0950809717178345
9679,82837,1000,True,-1.0278855562210083
9680,82521,1000,True,-0.9542962312698364
9681,81920,1000,True,-0.8665689826011658
9682,82198,1000,True,-0.7609890699386597
9683,81654,1000,True,-0.6263324022293091
9684,82802,1000,True,-0.4613550007343292
9685,81512,1000,True,-0.2747792899608612
9686,82490,1000,True,-0.08334271609783173
9687,82078,1000,True,0.09975647181272507
9688,82881,1000,True,0.27296188473701477
9689,82510,1000,True,0.4357767403125763
9690,30337619,1000,True,-0.24028226733207703
9691,86336,1000,True,-0.30693739652633667
9692,82811,1000,True,-0.3863624334335327
9693,82326,1000,True,-0.4736209511756897
9694,82980,1000,True,-0.5607803463935852
9695,81543,1000,True,-0.6450552940368652
9696,81893,1000,True,-0.7227338552474976
9697,81179,1000,True,-0.7925189733505249
9698,84928,1000,True,-0.8568748235702515
9699,83258,1000,True,-0.9114580750465393
9700,82003,1000,True,-0.9656143188476562
9701,82327,1000,True,-1.0166444778442383
9702,82139,1000,True,-1.0674688816070557
9703,82097,1000,True,-1.1145856380462646
9704,82333,1000,True,-1.1540170907974243
9705,81840,1000,True,-1.1885720491409302
9706,82640,1000,True,-1.2167845964431763
9707,81272,1000,True,-1.242681860923767
9708,81620,1000,True,-1.2677175998687744
9709,83223,1000,True,-1.2885178327560425
9710,82567,1000,True,-1.3059388399124146
9711,81925,1000,True,-1.3188451528549194
9712,81633,1000,True,-1.3303632736206055
9713,82372,1000,True,-1.340039610862732
9714,82250,1000,True,-1.3480418920516968
9715,82271,1000,True,-1.3517463207244873
9716,82656,1000,True,-1.3540152311325073
9717,82063,1000,True,-1.3519519567489624
9718,82467,1000,True,-1.345444679260254
9719,81729,1000,True,-1.3378039598464966
9720,84049,1000,True,-1.3292657136917114
9721,81787,1000,True,-1.3176777362823486
9722,83378,1000,True,-1.3030309677124023
9723,82297,1000,True,-1.2819935083389282
9724,82466,1000,True,-1.2562748193740845
9725,81359,1000,True,-1.2276681661605835
9726,83228,1000,True,-1.1929657459259033
9727,81239,1000,True,-1.1496286392211914
9728,81651,1000,True,-1.0950809717178345
9729,82097,1000,True,-1.0278855562210083
9730,82664,1000,True,-0.9542962312698364
9731,82121,1000,True,-0.8665689826011658
9732,81419,1000,True,-0.7609890699386597
9733,81880,1000,True,-0.6263324022293091
9734,82220,1000,True,-0.4613550007343292
9735,81602,1000,True,-0.2747792899608612
9736,82025,1000,True,-0.08334271609783173
9737,83085,1000,True,0.09975647181272507
9738,82663,1000,True,0.27296188473701477
9739,81957,1000,True,0.4357767403125763
9740,30284699,1000,True,-0.24028226733207703
9741,86618,1000,True,-0.30693739652633667
9742,83294,1000,True,-0.3863624334335327
9743,82936,1000,True,-0.4736209511756897
9744,82163,1000,True,-0.5607803463935852
9745,81338,1000,True,-0.6450552940368652
9746,82302,1000,True,-0.7227338552474976
9747,81563,1000,True,-0.7925189733505249
9748,82282,1000,True,-0.8568748235702515
9749,81667,1000,True,-0.9114580750465393
9750,82981,1000,True,-0.9656143188476562
9751,82310,1000,True,-1.0166444778442383
9752,82709,1000,True,-1.0674688816070557
9753,81686,1000,True,-1.1145856380462646
9754,81325,1000,True,-1.1540170907974243
9755,81647,1000,True,-1.1885720491409302
9756,81865,1000,True,-1.2167845964431763
9757,82273,1000,True,-1.242681860923767
9758,82682,1000,True,-1.2677175998687744
9759,81291,1000,True,-1.2885178327560425
9760,82581,1000,True,-1.3059388399124146
9761,83118,1000,True,-1.3188451528549194
9762,83431,1000,True,-1.3303632736206055
9763,83665,1000,True,-1.340039610862732
9764,81893,1000,True,-1.3480418920516968
9765,81649,1000,True,-1.3517463207244873
9766,81827,1000,True,-1.3540152311325073
9767,81625,1000,True,-1.3519519567489624
9768,83143,1000,True,-1.345444679260254
9769,82656,1000,True,-1.3378039598464966
9770,82250,1000,True,-1.3292657136917114
9771,82267,1000,True,-1.3176777362823486
9772,84881,1000,True,-1.3030309677124023
9773,82120,1000,True,-1.2819935083389282
9774,82444,1000,True,-1.2562748193740845
9775,81786,1000,True,-1.2276681661605835
9776,82495,1000,True,-1.1929657459259033
9777,81409,1000,True,-1.1496286392211914
9778,82454,1000,True,-1.0950809717178345
9779,81287,1000,True,-1.0278855562210083
9780,82621,1000,True,-0.9542962312698364
9781,81929,1000,True,-0.8665689826011658
9782,82132,1000,True,-0.7609890699386597
9783,83629,1000,True,-0.6263324022293091
9784,82336,1000,True,-0.4613550007343292
9785,81734,1000,True,-0.2747792899608612
9786,82764,1000,True,-0.08334271609783173
9787,82508,1000,True,0.09975647181272507
9788,81596,1000,True,0.27296188473701477
9789,82438,1000,True,0.4357767403125763
9790,30285113,1000,True,-0.24028226733207703
9791,88203,1000,True,-0.30693739652633667
9792,83385,1000,True,-0.3863624334335327
9793,82460,1000,True,-0.4736209511756897
9794,82475,1000,True,-0.5607803463935852
9795,81674,1000,True,-0.6450552940368652
9796,83228,1000,True,-0.7227338552474976
9797,82208,1000,True,-0.7925189733505249
9798,83099,1000,True,-0.8568748235702515
9799,82653,1000,True,-0.9114580750465393
9800,81903,1000,True,-0.9656143188476562
9801,81862,1000,True,-1.0166444778442383
9802,84150,1000,True,-1.0674688816070557
9803,83426,1000,True,-1.1145856380462646
9804,82164,1000,True,-1.1540170907974243
9805,82095,1000,True,-1.1885720491409302
9806,82699,1000,True,-1.2167845964431763
9807,82328,1000,True,-1.242681860923767
9808,82321,1000,True,-1.2677175998687744
9809,81388,1000,True,-1.2885178327560425
9810,82528,1000,True,-1.3059388399124146
9811,82424,1000,True,-1.3188451528549194
9812,82159,1000,True,-1.3303632736206055
9813,83913,1000,True,-1.340039610862732
9814,82315,1000,True,-1.3480418920516968
9815,82312,1000,True,-1.3517463207244873
9816,82301,1000,True,-1.3540152311325073
9817,82180,1000,True,-1.3519519567489624
9818,82265,1000,True,-1.345444679260254
9819,81864,1000,True,-1.3378039598464966
9820,82064,1000,True,-1.3292657136917114
9821,81504,1000,True,-1.3176777362823486
9822,82514,1000,True,-1.3030309677124023
9823,82588,1000,True,-1.2819935083389282
9824,84537,1000,True,-1.2562748193740845
9825,81801,1000,True,-1.2276681661605835
9826,82206,1000,True,-1.1929657459259033
9827,83031,1000,True,-1.1496286392211914
9828,82066,1000,True,-1.0950809717178345
9829,82150,1000,True,-1.0278855562210083
9830,82291,1000,True,-0.9542962312698364
9831,82315,1000,True,-0.8665689826011658
9832,81573,1000,True,-0.7609890699386597
9833,81776,1000,True,-0.6263324022293091
9834,82482,1000,True,-0.4613550007343292
9835,85103,1000,True,-0.2747792899608612
9836,82369,1000,True,-0.08334271609783173
9837,81848,1000,True,0.09975647181272507
9838,82758,1000,True,0.27296188473701477
9839,81995,1000,True,0.4357767403125763
9840,30288256,1000,True,-0.24028226733207703
9841,85718,1000,True,-0.30693739652633667
9842,84633,1000,True,-0.3863624334335327
9843,85401,1000,True,-0.4736209511756897
9844,82558,1000,True,-0.5607803463935852
9845,82187,1000,True,-0.6450552940368652
9846,82930,1000,True,-0.7227338552474976
9847,82200,1000,True,-0.7925189733505249
9848,82258,1000,True,-0.8568748235702515
9849,82147,1000,True,-0.9114580750465393
9850,83234,1000,True,-0.9656143188476562
9851,81767,1000,True,-1.0166444778442383
9852,82263,1000,True,-1.0674688816070557
9853,81378,1000,True,-1.1145856380462646
9854,85333,1000,True,-1.1540170907974243
9855,81478,1000,True,-1.1885720491409302
9856,83003,1000,True,-1.2167845964431763
9857,82145,1000,True,-1.242681860923767
9858,88184,1000,True,-1.2677175998687744
9859,83177,1000,True,-1.2885178327560425
9860,82850,1000,True,-1.3059388399124146
9861,82018,1000,True,-1.3188451528549194
9862,82510,1000,True,-1.3303632736206055
9863,82082,1000,True,-1.340039610862732
9864,82198,1000,True,-1.3480418920516968
9865,84231,1000,True,-1.3517463207244873
9866,82692,1000,True,-1.3540152311325073
9867,82195,1000,True,-1.3519519567489624
9868,83265,1000,True,-1.345444679260254
9869,82188,1000,True,-1.3378039598464966
9870,82122,1000,True,-1.3292657136917114
9871,81662,1000,True,-1.3176777362823486
9872,82170,1000,True,-1.3030309677124023
9873,81337,1000,True,-1.2819935083389282
9874,82201,1000,True,-1.2562748193740845
9875,81982,1000,True,-1.2276681661605835
9876,83383,1000,True,-1.1929657459259033
9877,82494,1000,True,-1.1496286392211914
9878,82329,1000,True,-1.0950809717178345
9879,82213,1000,True,-1.0278855562210083
9880,83008,1000,True,-0.9542962312698364
9881,81015,1000,True,-0.8665689826011658
9882,82234,1000,True,-0.7609890699386597
9883,82272,1000,True,-0.6263324022293091
9884,81867,1000,True,-0.4613550007343292
9885,81912,1000,True,-0.2747792899608612
9886,82094,1000,True,-0.08334271609783173
9887,83578,1000,True,0.09975647181272507
9888,82072,1000,True,0.27296188473701477
9889,81954,1000,True,0.4357767403125763
9890,30267601,1000,True,-0.24028226733207703
9891,85377,1000,True,-0.30693739652633667
9892,83101,1000,True,-0.3863624334335327
9893,83708,1000,True,-0.4736209511756897
9894,84131,1000,True,-0.5607803463935852
9895,83460,1000,True,-0.6450552940368652
9896,81868,1000,True,-0.7227338552474976
9897,82018,1000,True,-0.7925189733505249
9898,82569,1000,True,-0.8568748235702515
9899,82557,1000,True,-0.9114580750465393
9900,82169,1000,True,-0.9656143188476562
9901,81992,1000,True,-1.0166444778442383
9902,83279,1000,True,-1.0674688816070557
9903,81838,1000,True,-1.1145856380462646
9904,82325,1000,True,-1.1540170907974243
9905,82104,1000,True,-1.1885720491409302
9906,83982,1000,True,-1.2167845964431763
9907,82616,1000,True,-1.242681860923767
9908,82978,1000,True,-1.2677175998687744
9909,82151,1000,True,-1.2885178327560425
9910,82305,1000,True,-1.3059388399124146
9911,82489,1000,True,-1.3188451528549194
9912,82133,1000,True,-1.3303632736206055
9913,81376,1000,True,-1.340039610862732
9914,83969,1000,True,-1.3480418920516968
9915,82438,1000,True,-1.3517463207244873
9916,81965,1000,True,-1.3540152311325073
9917,83714,1000,True,-1.3519519567489624
9918,82951,1000,True,-1.345444679260254
9919,82513,1000,True,-1.3378039598464966
9920,82371,1000,True,-1.3292657136917114
9921,81799,1000,True,-1.3176777362823486
9922,82091,1000,True,-1.3030309677124023
9923,81712,1000,True,-1.2819935083389282
9924,81870,1000,True,-1.2562748193740845
9925,81631,1000,True,-1.2276681661605835
9926,82319,1000,True,-1.1929657459259033
9927,82141,1000,True,-1.1496286392211914
9928,84100,1000,True,-1.0950809717178345
9929,82533,1000,True,-1.0278855562210083
9930,82651,1000,True,-0.9542962312698364
9931,81781,1000,True,-0.8665689826011658
9932,82183,1000,True,-0.7609890699386597
9933,81994,1000,True,-0.6263324022293091
9934,82492,1000,True,-0.4613550007343292
9935,82402,1000,True,-0.2747792899608612
9936,81625,1000,True,-0.08334271609783173
9937,82105,1000,True,0.09975647181272507
9938,83154,1000,True,0.27296188473701477
9939,84254,1000,True,0.4357767403125763
9940,30001530,1000,True,-0.24028226733207703
9941,85646,1000,True,-0.30693739652633667
9942,83555,1000,True,-0.3863624334335327
9943,83176,1000,True,-0.4736209511756897
9944,82724,1000,True,-0.5607803463935852
9945,81746,1000,True,-0.6450552940368652
9946,82976,1000,True,-0.7227338552474976
9947,82355,1000,True,-0.7925189733505249
9948,82289,1000,True,-0.8568748235702515
9949,82393,1000,True,-0.9114580750465393
9950,82977,1000,True,-0.9656143188476562
9951,82405,1000,True,-1.0166444778442383
9952,82769,1000,True,-1.0674688816070557
9953,81088,1000,True,-1.1145856380462646
9954,82458,1000,True,-1.1540170907974243
9955,82072,1000,True,-1.1885720491409302
9956,82540,1000,True,-1.2167845964431763
9957,82598,1000,True,-1.242681860923767
9958,82494,1000,True,-1.2677175998687744
9959,81985,1000,True,-1.2885178327560425
9960,82232,1000,True,-1.3059388399124146
9961,82059,1000,True,-1.3188451528549194
9962,83088,1000,True,-1.3303632736206055
9963,82615,1000,True,-1.340039610862732
9964,82368,1000,True,-1.3480418920516968
9965,81337,1000,True,-1.3517463207244873
9966,82933,1000,True,-1.3540152311325073
9967,81546,1000,True,-1.3519519567489624
9968,82366,1000,True,-1.345444679260254
9969,81569,1000,True,-1.3378039598464966
9970,81577,1000,True,-1.3292657136917114
9971,81836,1000,True,-1.3176777362823486
9972,82905,1000,True,-1.3030309677124023
9973,81519,1000,True,-1.2819935083389282
9974,82421,1000,True,-1.2562748193740845
9975,81848,1000,True,-1.2276681661605835
9976,82666,1000,True,-1.1929657459259033
9977,81723,1000,True,-1.1496286392211914
9978,82336,1000,True,-1.0950809717178345
9979,81858,1000,True,-1.0278855562210083
9980,82170,1000,True,-0.9542962312698364
9981,81323,1000,True,-0.8665689826011658
9982,82767,1000,True,-0.7609890699386597
9983,83993,1000,True,-0.6263324022293091
9984,82922,1000,True,-0.4613550007343292
9985,81923,1000,True,-0.2747792899608612
9986,84059,1000,True,-0.08334271609783173
9987,82172,1000,True,0.09975647181272507
9988,82714,1000,True,0.27296188473701477
9989,81070,1000,True,0.4357767403125763
9990,30263897,1000,True,-0.24028226733207703
9991,85299,1000,True,-0.30693739652633667
9992,84372,1000,True,-0.3863624334335327
9993,82839,1000,True,-0.4736209511756897
9994,82841,1000,True,-0.5607803463935852
9995,81987,1000,True,-0.6450552940368652
9996,82066,1000,True,-0.7227338552474976
9997,82088,1000,True,-0.7925189733505249
9998,82025,1000,True,-0.8568748235702515
9999,82648,1000,True,-0.9114580750465393
